email,domain,mode
info@regenerativeperformance.com,regenerativeperformance.com,draft
info@rebornhealthandaesthetics.com,rebornhealthandaesthetics.com,draft
welcome@restorativehw.com,restorativehw.com,draft
info@61five.com,61five.com,draft
info@defynaturalaging.com,defynaturalaging.com,draft
info@amairamedspa.com,amairamedspa.com,draft
info@saivcenter.com,saivcenter.com,draft
info@naturalradiancemedspa.com,naturalradiancemedspa.com,draft
info@livenowlongevity.com,livenowlongevity.com,draft
info@liquidluxuryaesthetics.com,liquidluxuryaesthetics.com,draft
info@luxwellnesskc.com,luxwellnesskc.com,draft
info@mainstreetlongevity.com,mainstreetlongevity.com,draft
info@polarpeptides.ca,polarpeptides.ca,draft
info@hkroids.com,hkroids.com,draft
info@buypeptideusa.com,buypeptideusa.com,draft
contact@mypeptideprice.com,mypeptideprice.com,draft
info@cellpeptides.com,cellpeptides.com,draft
info@usapeptidescience.com,usapeptidescience.com,draft
info@peptideals.com,peptideals.com,draft
partnerships@pepstracker.com,pepstracker.com,draft
info@peptidessource.is,peptidessource.is,draft
team@peptides.gg,peptides.gg,draft
support@peptidelabs.us,peptidelabs.us,draft
support@apexlab.org,apexlab.org,draft
info@dvidaspa.com,dvidaspa.com,draft
sales@westcoastpeptidesupply.com,westcoastpeptidesupply.com,draft
milwaukee@ivmenow.com,ivmenow.com,draft
hello@peptidedossier.com,peptidedossier.com,draft
info@skinethicsmedspa.com,skinethicsmedspa.com,draft
info@peptidesworld.com,peptidesworld.com,draft
admin@acemedspa.com,acemedspa.com,draft
support@10bottlevalue.co,10bottlevalue.co,draft
support@ifho.org,ifho.org,draft
hello@peptides.academy,peptides.academy,draft
info@southernskin.com,southernskin.com,draft
info@purebiolabs.com,purebiolabs.com,draft
keely@mintaestheticsandskin.com,mintaestheticsandskin.com,draft
contact@pepticorelab.com,pepticorelab.com,draft
info@litemedicalclinic.com,litemedicalclinic.com,draft
info@battlebornresearch.com,battlebornresearch.com,draft
contact@americanregen.com,americanregen.com,draft
service@licensedpeptides.com,licensedpeptides.com,draft
drfuksina@astramdhealth.com,astramdhealth.com,draft
support@americanpeptides.us,americanpeptides.us,draft
hello@boost-iv.com,boost-iv.com,draft
info@peptide-works.com,peptide-works.com,draft
info@bevelseattle.com,bevelseattle.com,draft
info@purehealthpeptides.com,purehealthpeptides.com,draft
info@allureaestheticsllc.com,allureaestheticsllc.com,draft
admin@peptidedeck.com,peptidedeck.com,draft
heythere@altitudemedspa.com,altitudemedspa.com,draft
affiliate@peptideplus.app,peptideplus.app,draft
info@menshealthboston.com,menshealthboston.com,draft
support@saiyanmed.com,saiyanmed.com,draft
info@bbaesthetic.com,bbaesthetic.com,draft
info@24peptides.com,24peptides.com,draft
info@womenshealthofmd.com,womenshealthofmd.com,draft
info@myglp1store.com,myglp1store.com,draft
info@amalieaesthetics.com,amalieaesthetics.com,draft
info@kjbm.thepreptide.com,kjbm.thepreptide.com,draft
info@conciergehealthpractice.com,conciergehealthpractice.com,draft
contact@nutripeptix.com,nutripeptix.com,draft
hello@coastalwellnessmd.com,coastalwellnessmd.com,draft
info@inpeptides.com,inpeptides.com,draft
