email,draft_id
info@inpeptides.com,r-3214657126435972175
hello@coastalwellnessmd.com,r-458690938185166753
contact@nutripeptix.com,r3211635344109890727
info@conciergehealthpractice.com,r8637877099922881953
info@kjbm.thepreptide.com,r-8634757222901483253
info@amalieaesthetics.com,r-5757172348086421168
info@myglp1store.com,r-7266755232227350251
info@womenshealthofmd.com,r7899238658106517124
info@24peptides.com,r5529070428331759504
info@bbaesthetic.com,r-6527601623410757995
support@saiyanmed.com,r5585814411877276907
info@menshealthboston.com,r7930833445079333225
affiliate@peptideplus.app,r-6945162790465243245
heythere@altitudemedspa.com,r2533107007199989017
admin@peptidedeck.com,r7640889702447863928
info@allureaestheticsllc.com,r-8671131889754468385
info@purehealthpeptides.com,r-7957777461954720010
info@bevelseattle.com,r-4053808188248557446
info@peptide-works.com,r3606146165340369646
hello@boost-iv.com,r-2859311393979649952
support@americanpeptides.us,r-4522650779768760101
drfuksina@astramdhealth.com,r-5150792527195822005
service@licensedpeptides.com,r5381940674540040941
contact@americanregen.com,r5804394374118747803
info@battlebornresearch.com,r4572754296135253939
info@litemedicalclinic.com,r-8364587881846997087
contact@pepticorelab.com,r-3291181436640219422
keely@mintaestheticsandskin.com,r7677669502464535717
info@purebiolabs.com,r5750889909517066340
info@southernskin.com,r-3488369661072482426
hello@peptides.academy,r7305541007403554875
support@ifho.org,r3538146795440067616
support@10bottlevalue.co,r-3429252992348618434
admin@acemedspa.com,r3106543588095657192
info@peptidesworld.com,r-3030474411915174652
info@skinethicsmedspa.com,r-5754134962785342549
hello@peptidedossier.com,r-808880896934842281
milwaukee@ivmenow.com,r3453315937781480345
sales@westcoastpeptidesupply.com,r-5530996759079748687
info@dvidaspa.com,r-5568266874181611090
support@apexlab.org,r-6401722890784277833
support@peptidelabs.us,r7501729695588151138
team@peptides.gg,r60518659111419789
info@peptidessource.is,r-5675619321751219642
partnerships@pepstracker.com,r-6873615060682169372
info@peptideals.com,r-746194357631826599
info@usapeptidescience.com,r1042341719604648429
info@cellpeptides.com,r2580637864405815484
contact@mypeptideprice.com,r7519642147043004408
info@buypeptideusa.com,r-4976994599481437563
info@hkroids.com,r6927264256359670031
info@polarpeptides.ca,r3911186064753972595
info@mainstreetlongevity.com,r-831766810769799634
info@luxwellnesskc.com,r2325774239450275897
info@liquidluxuryaesthetics.com,r3959956599258472947
info@livenowlongevity.com,r-499136756438701698
info@naturalradiancemedspa.com,r6201767716406726478
info@saivcenter.com,r-8942816410470824695
info@amairamedspa.com,r-4979968850391155359
info@defynaturalaging.com,r3119966873531332579
info@61five.com,r-7086333470178954759
welcome@restorativehw.com,r2545721084384481450
info@rebornhealthandaesthetics.com,r2193987880237615795
info@regenerativeperformance.com,r8459103084240497722
info@bostonmedicalaesthetics.net,r678934370975825471
info@poterehealthmd.com,r8393000101250201802
support@phillyantiaging.com,r-1656311970059575900
hello@mahalaesthetics.com,r251140680378018113
info@santepdx.com,r-6198153621501312919
hello@theaestheticconcierge.co,r4198840746867437051
media@facebeautyscience.com,r-8942185636261862469
hello@mkaesthetics.com,r6878114488134587592
info@drstarsiak.com,r-2856090865757894776
info@mopeclinic.com,r8225083578727083144
info@greenreliefmd.com,r-5521866418751370159
connect@lamkinclinic.com,r1410263229862470615
info@majspa.io,r-4032540967853950492
info@myrivs.com,r6787581743282389946
contact@truwellnesscharlotte.com,r-4747851160186821332
clinic@denverwellnessaesthetic.com,r3571777371154434452
clientservices@thegrovespa.com,r-376404971231325201
office@drgolberg.nyc,r-4033638694982227023
info@skyhealthnv.com,r-3492097566599613820
info@rogmedspa.com,r-8943258000208814017
info@rwacenter.com,r-2668554538606785209
info@agerejuvenation.com,r-3152789646500867698
