email,domain,audience,mode,via
info@houstonwellnesscenter.org,houstonwellnesscenter.org,medspa,sent,jonathan@marinexisbiologics.com
hello@thegoodlifeiv.com,thegoodlifeiv.com,medspa,sent,jonathan@marinexisbiologics.com
info@next-health.com,next-health.com,medspa,sent,jonathan@marinexisbiologics.com
dr.cruz@orlandocityhealth.com,orlandocityhealth.com,medspa,sent,jonathan@marinexisbiologics.com
mark@vipweightlosscenters.com,vipweightlosscenters.com,medspa,sent,jonathan@marinexisbiologics.com
info@ethoswellnessok.com,ethoswellnessok.com,medspa,sent,jonathan@marinexisbiologics.com
consults@promdhealth.com,promdhealth.com,medspa,sent,jonathan@marinexisbiologics.com
info@polarisrejuvenation.com,polarisrejuvenation.com,medspa,sent,jonathan@marinexisbiologics.com
info@bostonvitality.com,bostonvitality.com,medspa,sent,jonathan@marinexisbiologics.com
hello@regenerationutah.com,regenerationutah.com,medspa,sent,jonathan@marinexisbiologics.com
hello@meetingpointhealth.com,meetingpointhealth.com,medspa,sent,jonathan@marinexisbiologics.com
info@abluxurymedspa.com,abluxurymedspa.com,medspa,sent,jonathan@marinexisbiologics.com
info@ivelements.net,ivelements.net,medspa,sent,jonathan@marinexisbiologics.com
info@theflowwellness.com,theflowwellness.com,medspa,sent,jonathan@marinexisbiologics.com
info@infiniteyouthmedical.com,infiniteyouthmedical.com,medspa,sent,jonathan@marinexisbiologics.com
info@monacohealth.net,monacohealth.net,medspa,sent,jonathan@marinexisbiologics.com
info@totalbodywellness.com,totalbodywellness.com,medspa,sent,jonathan@marinexisbiologics.com
info@glossaesthetics.com,glossaesthetics.com,medspa,sent,jonathan@marinexisbiologics.com
info@slmmedspa.com,slmmedspa.com,medspa,sent,jonathan@marinexisbiologics.com
hello@bettermedspa.com,bettermedspa.com,medspa,sent,jonathan@marinexisbiologics.com
info@limedicalaesthetics.com,limedicalaesthetics.com,medspa,sent,jonathan@marinexisbiologics.com
office@drsende.com,drsende.com,medspa,sent,jonathan@marinexisbiologics.com
info@regenesismd.com,regenesismd.com,medspa,sent,jonathan@marinexisbiologics.com
tracy@rejuv-kc.com,rejuv-kc.com,medspa,sent,jonathan@marinexisbiologics.com
info@stronghealth.com,stronghealth.com,medspa,sent,jonathan@marinexisbiologics.com
info@behuemn.com,behuemn.com,medspa,sent,jonathan@marinexisbiologics.com
info@drtonivarela.com,drtonivarela.com,medspa,sent,jonathan@marinexisbiologics.com
partners@noom.com,noom.com,vendor,sent,jonathan@marinexisbiologics.com
office@juventaswellness.com,juventaswellness.com,medspa,sent,jonathan@marinexisbiologics.com
support@limitlessbiochem.eu,limitlessbiochem.eu,vendor,sent,jonathan@marinexisbiologics.com
info@pinnaclepeptidelabs.com,pinnaclepeptidelabs.com,vendor,sent,jonathan@marinexisbiologics.com
cs@omegamino.net,omegamino.net,vendor,sent,jonathan@marinexisbiologics.com
sales@livewellpeptides.com,livewellpeptides.com,vendor,sent,jonathan@marinexisbiologics.com
support@elevatedpeptides.com,elevatedpeptides.com,vendor,sent,jonathan@marinexisbiologics.com
support@somapeptides.com,somapeptides.com,vendor,sent,jonathan@marinexisbiologics.com
support@elyriabio.com,elyriabio.com,vendor,sent,jonathan@marinexisbiologics.com
support@purepeptidelabs.shop,purepeptidelabs.shop,vendor,sent,jonathan@marinexisbiologics.com
support@chemyo.com,chemyo.com,vendor,sent,jonathan@marinexisbiologics.com
support@solyn.com,solyn.com,vendor,sent,jonathan@marinexisbiologics.com
support@valorpeptides.com,valorpeptides.com,vendor,sent,jonathan@marinexisbiologics.com
sales@zenaminos.com,zenaminos.com,vendor,sent,jonathan@marinexisbiologics.com
support@xenopeptides.com,xenopeptides.com,vendor,sent,jonathan@marinexisbiologics.com
support@ironlabs.shop,ironlabs.shop,vendor,sent,jonathan@marinexisbiologics.com
info@peptidegroupbuy.com,peptidegroupbuy.com,vendor,sent,jonathan@marinexisbiologics.com
info@elitebiogenix.com,elitebiogenix.com,vendor,sent,jonathan@marinexisbiologics.com
admin@safewellnesscenter.org,safewellnesscenter.org,vendor,sent,jonathan@marinexisbiologics.com
cs@pepkits.shop,pepkits.shop,vendor,sent,jonathan@marinexisbiologics.com
support@nobledragons.com,nobledragons.com,vendor,sent,jonathan@marinexisbiologics.com
support@goldeneagledistributors.com,goldeneagledistributors.com,vendor,sent,jonathan@marinexisbiologics.com
support@myoasislabs.com,myoasislabs.com,vendor,sent,jonathan@marinexisbiologics.com
customersupport@coffeeandpeppers.com,coffeeandpeppers.com,vendor,sent,jonathan@marinexisbiologics.com
polypeptide869@163.com,163.com,vendor,sent,jonathan@marinexisbiologics.com
luxsynthaminos@gmail.com,gmail.com,vendor,sent,jonathan@marinexisbiologics.com
support@peptidehubs.com,peptidehubs.com,vendor,sent,jonathan@marinexisbiologics.com
info@revivpeptides.com,revivpeptides.com,vendor,sent,jonathan@marinexisbiologics.com
support@aminocoreresearch.com,aminocoreresearch.com,vendor,sent,jonathan@marinexisbiologics.com
charles@newbeginningpeps.com,newbeginningpeps.com,vendor,sent,jonathan@marinexisbiologics.com
orders@mainpeptides.com,mainpeptides.com,vendor,sent,jonathan@marinexisbiologics.com
regenwellph@gmail.com,gmail.com,vendor,sent,jonathan@marinexisbiologics.com
support@soliralab.com,soliralab.com,vendor,sent,jonathan@marinexisbiologics.com
info@atlaspeptidelab.com,atlaspeptidelab.com,vendor,sent,jonathan@marinexisbiologics.com
contact@ehzpeptides.com,ehzpeptides.com,vendor,sent,jonathan@marinexisbiologics.com
cs@moglabs.bio,moglabs.bio,vendor,sent,jonathan@marinexisbiologics.com
support@puritypeptides.is,puritypeptides.is,vendor,sent,jonathan@marinexisbiologics.com
rhomepeptides@gmail.com,gmail.com,vendor,sent,jonathan@marinexisbiologics.com
support@vincerevitae.com,vincerevitae.com,vendor,sent,jonathan@marinexisbiologics.com
service@novabioresearchlab.com,novabioresearchlab.com,vendor,sent,jonathan@marinexisbiologics.com
admin@revolutionpeptide.com,revolutionpeptide.com,vendor,sent,jonathan@marinexisbiologics.com
info@bioedgeresearchlabs.com,bioedgeresearchlabs.com,vendor,sent,jonathan@marinexisbiologics.com
info@bizpeptide.com,bizpeptide.com,vendor,sent,jonathan@marinexisbiologics.com
cs@amc-essentials.com,amc-essentials.com,vendor,sent,jonathan@marinexisbiologics.com
aavant@peptide.email,peptide.email,vendor,sent,jonathan@marinexisbiologics.com
support@getmypepti.com,getmypepti.com,vendor,sent,jonathan@marinexisbiologics.com
support@purelabpeptides.com,purelabpeptides.com,vendor,sent,jonathan@marinexisbiologics.com
sales@geopeptides.com,geopeptides.com,vendor,sent,jonathan@marinexisbiologics.com
info@fusionpeptide.com,fusionpeptide.com,vendor,sent,jonathan@marinexisbiologics.com
hello@aiopeptides.com,aiopeptides.com,vendor,sent,jonathan@marinexisbiologics.com
hello@trulabpeptides.com,trulabpeptides.com,vendor,sent,jonathan@marinexisbiologics.com
orders@warrior-makers.com,warrior-makers.com,vendor,sent,jonathan@marinexisbiologics.com
doublerlabs@protonmail.com,protonmail.com,vendor,sent,jonathan@marinexisbiologics.com
admin@gxresearch.shop,gxresearch.shop,vendor,sent,jonathan@marinexisbiologics.com
support@hyteresearchdivision.com,hyteresearchdivision.com,vendor,sent,jonathan@marinexisbiologics.com
sales@medchemexpress.com,medchemexpress.com,vendor,sent,jonathan@marinexisbiologics.com
support@alphaomegapeptide.com,alphaomegapeptide.com,vendor,sent,jonathan@marinexisbiologics.com
store@apeiron.store,apeiron.store,vendor,sent,jonathan@marinexisbiologics.com
support@wellnessresearchsupply.com,wellnessresearchsupply.com,vendor,sent,jonathan@marinexisbiologics.com
support@alphabiomedlabs.com,alphabiomedlabs.com,vendor,sent,jonathan@marinexisbiologics.com
info@ascendpeptidesuk.com,ascendpeptidesuk.com,vendor,sent,jonathan@marinexisbiologics.com
support@alphacarbonlabs.com,alphacarbonlabs.com,vendor,sent,jonathan@marinexisbiologics.com
cs@alpha-peptides.com,alpha-peptides.com,vendor,sent,jonathan@marinexisbiologics.com
support@biosynergen.us,biosynergen.us,vendor,sent,jonathan@marinexisbiologics.com
support@thepeptidesourcellc.com,thepeptidesourcellc.com,vendor,sent,jonathan@marinexisbiologics.com
orders@eliteresearchusa.com,eliteresearchusa.com,vendor,sent,jonathan@marinexisbiologics.com
info@exceedenhancement.com,exceedenhancement.com,vendor,sent,jonathan@marinexisbiologics.com
info@glacieraminos.shop,glacieraminos.shop,vendor,sent,jonathan@marinexisbiologics.com
support@ironwithin.io,ironwithin.io,vendor,sent,jonathan@marinexisbiologics.com
support@peptidesupplyco.com,peptidesupplyco.com,vendor,sent,jonathan@marinexisbiologics.com
support@longevitypeptides.us,longevitypeptides.us,vendor,sent,jonathan@marinexisbiologics.com
support@maddogpeps.com,maddogpeps.com,vendor,sent,jonathan@marinexisbiologics.com
support@trueformpeptides.com,trueformpeptides.com,vendor,sent,jonathan@marinexisbiologics.com
support@vantageaminos.co,vantageaminos.co,vendor,sent,jonathan@marinexisbiologics.com
info@eliteedgebiotech.com,eliteedgebiotech.com,vendor,sent,jonathan@marinexisbiologics.com
contact@genpeptide.com,genpeptide.com,vendor,sent,jonathan@marinexisbiologics.com
info@particlepeptides.com,particlepeptides.com,vendor,sent,jonathan@marinexisbiologics.com
support@peaklabpeptides.com,peaklabpeptides.com,vendor,sent,jonathan@marinexisbiologics.com
support@pepxlab.com,pepxlab.com,vendor,sent,jonathan@marinexisbiologics.com
info@premierbiolabs.com,premierbiolabs.com,vendor,sent,jonathan@marinexisbiologics.com
info@purelabperformance.com,purelabperformance.com,vendor,sent,jonathan@marinexisbiologics.com
info@reliablepeptides.com,reliablepeptides.com,vendor,sent,jonathan@marinexisbiologics.com
support@aeylabs.org,aeylabs.org,vendor,sent,jonathan@marinexisbiologics.com
info@biomaxresearch.com,biomaxresearch.com,vendor,sent,jonathan@marinexisbiologics.com
support@crownwellresearch.com,crownwellresearch.com,vendor,sent,jonathan@marinexisbiologics.com
alexia7438@outlook.com,outlook.com,vendor,sent,jonathan@marinexisbiologics.com
support@horizonlabsbio.com,horizonlabsbio.com,vendor,sent,jonathan@marinexisbiologics.com
support@olympexsolutions.com,olympexsolutions.com,vendor,sent,jonathan@marinexisbiologics.com
info@peptideruo.com,peptideruo.com,vendor,sent,jonathan@marinexisbiologics.com
sales@acelabs.pro,acelabs.pro,vendor,sent,jonathan@marinexisbiologics.com
support@myprojectzero.com,myprojectzero.com,vendor,sent,jonathan@marinexisbiologics.com
customerservice@wellilabs.com,wellilabs.com,vendor,sent,jonathan@marinexisbiologics.com
dankangpeptidesfactory@outlook.com,outlook.com,vendor,sent,jonathan@marinexisbiologics.com
info@peptidegurus.com,peptidegurus.com,vendor,sent,jonathan@marinexisbiologics.com
info@suaway.com,suaway.com,vendor,sent,jonathan@marinexisbiologics.com
info@vorilabs.com,vorilabs.com,vendor,sent,jonathan@marinexisbiologics.com
support@longevityplan.ai,longevityplan.ai,vendor,sent,jonathan@marinexisbiologics.com
peptaverse@sudomail.com,sudomail.com,vendor,sent,jonathan@marinexisbiologics.com
research@peptidecraft.co,peptidecraft.co,vendor,sent,jonathan@marinexisbiologics.com
sales@innmi.com,innmi.com,vendor,sent,jonathan@marinexisbiologics.com
support@optimumcompounds.com,optimumcompounds.com,vendor,sent,jonathan@marinexisbiologics.com
support@sciencebasedpeptides.com,sciencebasedpeptides.com,vendor,sent,jonathan@marinexisbiologics.com
support@pinnaclebiosupply.com,pinnaclebiosupply.com,vendor,sent,jonathan@marinexisbiologics.com
support@aminonova.com,aminonova.com,vendor,sent,jonathan@marinexisbiologics.com
info@03peptides.com,03peptides.com,vendor,sent,jonathan@marinexisbiologics.com
admin@xtxinyao.cn,xtxinyao.cn,vendor,sent,jonathan@marinexisbiologics.com
cs@aminosequence.com,aminosequence.com,vendor,sent,jonathan@marinexisbiologics.com
support@arizenbiolabs.com,arizenbiolabs.com,vendor,sent,jonathan@marinexisbiologics.com
consult@deltavalleyco.com,deltavalleyco.com,vendor,sent,jonathan@marinexisbiologics.com
support@happypeptides.com,happypeptides.com,vendor,sent,jonathan@marinexisbiologics.com
support@onedaycompounds.com,onedaycompounds.com,vendor,sent,jonathan@marinexisbiologics.com
support@pepsgpt.com,pepsgpt.com,vendor,sent,jonathan@marinexisbiologics.com
support@pythionresearch.com,pythionresearch.com,vendor,sent,jonathan@marinexisbiologics.com
cs@arcanepeptides.com,arcanepeptides.com,vendor,sent,jonathan@marinexisbiologics.com
vicky@qhpeptides.com,qhpeptides.com,vendor,sent,jonathan@marinexisbiologics.com
info@prettypeptide.co.uk,prettypeptide.co.uk,vendor,sent,jonathan@marinexisbiologics.com
nexbiopeptix@gmail.com,gmail.com,vendor,sent,jonathan@marinexisbiologics.com
info@lapeptides.net,lapeptides.net,vendor,sent,jonathan@marinexisbiologics.com
zepeptide@outlook.com,outlook.com,vendor,sent,jonathan@marinexisbiologics.com
support@peptaura.com,peptaura.com,vendor,sent,jonathan@marinexisbiologics.com
support@compoundpurity.com,compoundpurity.com,vendor,sent,jonathan@marinexisbiologics.com
hello@tryaurapeptides.com,tryaurapeptides.com,vendor,sent,jonathan@marinexisbiologics.com
info@orderignite.com,orderignite.com,vendor,sent,jonathan@marinexisbiologics.com
support@bioinfinity.co,bioinfinity.co,vendor,sent,jonathan@marinexisbiologics.com
support@peptidemaxxing.com,peptidemaxxing.com,vendor,sent,jonathan@marinexisbiologics.com
support@stemcodepeptides.com,stemcodepeptides.com,vendor,sent,jonathan@marinexisbiologics.com
support@powerpepgroup.com,powerpepgroup.com,vendor,sent,jonathan@marinexisbiologics.com
hello@proxivalabs.com,proxivalabs.com,vendor,sent,jonathan@marinexisbiologics.com
hello@prohelixflorida.com,prohelixflorida.com,vendor,sent,jonathan@marinexisbiologics.com
support@alphapeps.com,alphapeps.com,vendor,sent,jonathan@marinexisbiologics.com
support@echopeptides.co,echopeptides.co,vendor,sent,jonathan@marinexisbiologics.com
support@mistertide.com,mistertide.com,vendor,sent,jonathan@marinexisbiologics.com
info@nootropicsource.com,nootropicsource.com,vendor,sent,jonathan@marinexisbiologics.com
support@sfbayareapeptides.com,sfbayareapeptides.com,vendor,sent,jonathan@marinexisbiologics.com
irene@aspnlabs.org,aspnlabs.org,vendor,sent,jonathan@marinexisbiologics.com
info@modern-peptides.com,modern-peptides.com,vendor,sent,jonathan@marinexisbiologics.com
support@masterspeptides.com,masterspeptides.com,vendor,sent,jonathan@marinexisbiologics.com
support@peptidedirect.com,peptidedirect.com,vendor,sent,jonathan@marinexisbiologics.com
info@rejuvenatepeptides.com,rejuvenatepeptides.com,vendor,sent,jonathan@marinexisbiologics.com
support@crestbiolabs.com,crestbiolabs.com,vendor,sent,jonathan@marinexisbiologics.com
sales@lummisnova.com,lummisnova.com,vendor,sent,jonathan@marinexisbiologics.com
info@sentinelvalor.com,sentinelvalor.com,vendor,sent,jonathan@marinexisbiologics.com
support@zerovariancelabs.com,zerovariancelabs.com,vendor,sent,jonathan@marinexisbiologics.com
support@bourbonpeptides.com,bourbonpeptides.com,vendor,sent,jonathan@marinexisbiologics.com
support@capstonepeptides.com,capstonepeptides.com,vendor,sent,jonathan@marinexisbiologics.com
support@lumexhealth.com,lumexhealth.com,vendor,sent,jonathan@marinexisbiologics.com
help@rivnresearch.com,rivnresearch.com,vendor,sent,jonathan@marinexisbiologics.com
marlon@b12injectionsmiami.com,b12injectionsmiami.com,vendor,sent,jonathan@marinexisbiologics.com
support@sqspeptides.com,sqspeptides.com,vendor,sent,jonathan@marinexisbiologics.com
17513060195@163.com,163.com,vendor,sent,jonathan@marinexisbiologics.com
support@nexusbiolife.com,nexusbiolife.com,vendor,sent,jonathan@marinexisbiologics.com
support@novoprolabs.com,novoprolabs.com,vendor,sent,jonathan@marinexisbiologics.com
support@optimumformula.co,optimumformula.co,vendor,sent,jonathan@marinexisbiologics.com
support@pepperlicious.com,pepperlicious.com,vendor,sent,jonathan@marinexisbiologics.com
support@peptidesxpress.com,peptidesxpress.com,vendor,sent,jonathan@marinexisbiologics.com
contact@vesaliuslabs.com,vesaliuslabs.com,vendor,sent,jonathan@marinexisbiologics.com
support@researchchemhq.co,researchchemhq.co,vendor,sent,jonathan@marinexisbiologics.com
support@solidpeptides.com,solidpeptides.com,vendor,sent,jonathan@marinexisbiologics.com
cs@southernaminos.com,southernaminos.com,vendor,sent,jonathan@marinexisbiologics.com
support@studzpeptides.com,studzpeptides.com,vendor,sent,jonathan@marinexisbiologics.com
thejester@thekitqueens.com,thekitqueens.com,vendor,sent,jonathan@marinexisbiologics.com
support@synbio-tech.com,synbio-tech.com,vendor,sent,jonathan@marinexisbiologics.com
javik@thepeplair.com,thepeplair.com,vendor,sent,jonathan@marinexisbiologics.com
support@triumphantlabs.com,triumphantlabs.com,vendor,sent,jonathan@marinexisbiologics.com
support@valapeptides.com,valapeptides.com,vendor,sent,jonathan@marinexisbiologics.com
cs.primalchainresearchllc@gmail.com,gmail.com,vendor,sent,jonathan@marinexisbiologics.com
redcapelabs@proton.me,proton.me,vendor,sent,jonathan@marinexisbiologics.com
info@excaliburpeptides.com,excaliburpeptides.com,vendor,sent,jonathan@marinexisbiologics.com
contact@spartanbiolab.com,spartanbiolab.com,vendor,sent,jonathan@marinexisbiologics.com
support@vitalityproject.global,vitalityproject.global,vendor,sent,jonathan@marinexisbiologics.com
vivpeptide@gmail.com,gmail.com,vendor,sent,jonathan@marinexisbiologics.com
support@voidresearch.shop,voidresearch.shop,vendor,sent,jonathan@marinexisbiologics.com
sales@aurobiopeptide.com,aurobiopeptide.com,vendor,sent,jonathan@marinexisbiologics.com
support@flatironsrc.com,flatironsrc.com,vendor,sent,jonathan@marinexisbiologics.com
godbiolab@pm.me,pm.me,vendor,sent,jonathan@marinexisbiologics.com
support@peakformpeptides.com,peakformpeptides.com,vendor,sent,jonathan@marinexisbiologics.com
affordablepeptidesorders@gmail.com,gmail.com,vendor,sent,jonathan@marinexisbiologics.com
gzhaiyitong@outlook.com,outlook.com,vendor,sent,jonathan@marinexisbiologics.com
contact@vayn.co,vayn.co,vendor,sent,jonathan@marinexisbiologics.com
rene.lozano0591@gmail.com,gmail.com,vendor,sent,jonathan@marinexisbiologics.com
contact@maximumpeps.com,maximumpeps.com,vendor,sent,jonathan@marinexisbiologics.com
support@maplelabs.store,maplelabs.store,vendor,sent,jonathan@marinexisbiologics.com
support@prettypeptidecollective.com,prettypeptidecollective.com,vendor,sent,jonathan@marinexisbiologics.com
info@superpeptides.com,superpeptides.com,vendor,sent,jonathan@marinexisbiologics.com
support@synergybiopeps.com,synergybiopeps.com,vendor,sent,jonathan@marinexisbiologics.com
baiwei@usprimeway.com,usprimeway.com,vendor,sent,jonathan@marinexisbiologics.com
renovapeptides@gmail.com,gmail.com,vendor,sent,jonathan@marinexisbiologics.com
landgb39@gmail.com,gmail.com,vendor,sent,jonathan@marinexisbiologics.com
info@tritideresearch.com,tritideresearch.com,vendor,sent,jonathan@marinexisbiologics.com
support@volterasciences.com,volterasciences.com,vendor,sent,jonathan@marinexisbiologics.com
info@zerogravitynky.com,zerogravitynky.com,vendor,sent,jonathan@marinexisbiologics.com
support@5chainzlabs.com,5chainzlabs.com,vendor,sent,jonathan@marinexisbiologics.com
support@absolutepep.com,absolutepep.com,vendor,sent,jonathan@marinexisbiologics.com
support@alphaeliteshop.com,alphaeliteshop.com,vendor,sent,jonathan@marinexisbiologics.com
info@americanpeptideco.com,americanpeptideco.com,vendor,sent,jonathan@marinexisbiologics.com
aminoelementslab@gmail.com,gmail.com,vendor,sent,jonathan@marinexisbiologics.com
support@aminoxgen.com,aminoxgen.com,vendor,sent,jonathan@marinexisbiologics.com
dzseszikajerbe@gmail.com,gmail.com,vendor,sent,jonathan@marinexisbiologics.com
support@ascendpeptidesusa.com,ascendpeptidesusa.com,vendor,sent,jonathan@marinexisbiologics.com
alex.barn001@gmail.com,gmail.com,vendor,sent,jonathan@marinexisbiologics.com
support@bioxcell.com,bioxcell.com,vendor,sent,jonathan@marinexisbiologics.com
service@biofusionoutlet.com,biofusionoutlet.com,vendor,sent,jonathan@marinexisbiologics.com
hello@bluumpeptides.com,bluumpeptides.com,vendor,sent,jonathan@marinexisbiologics.com
bulktides@gmail.com,gmail.com,vendor,sent,jonathan@marinexisbiologics.com
info@calpeps.com,calpeps.com,vendor,sent,jonathan@marinexisbiologics.com
thelobster@tuta.com,tuta.com,vendor,sent,jonathan@marinexisbiologics.com
info@chemexpress.com,chemexpress.com,vendor,sent,jonathan@marinexisbiologics.com
contact@discoveryresearchusa.com,discoveryresearchusa.com,vendor,sent,jonathan@marinexisbiologics.com
info@easypeptide.com,easypeptide.com,vendor,sent,jonathan@marinexisbiologics.com
help@enhancedexecutive.com,enhancedexecutive.com,vendor,sent,jonathan@marinexisbiologics.com
support@explicitresearch.com,explicitresearch.com,vendor,sent,jonathan@marinexisbiologics.com
sales1@faithfulbio.com,faithfulbio.com,vendor,sent,jonathan@marinexisbiologics.com
support@hightidecompounds.com,hightidecompounds.com,vendor,sent,jonathan@marinexisbiologics.com
support@injectify.is,injectify.is,vendor,sent,jonathan@marinexisbiologics.com
support@ironaminos.com,ironaminos.com,vendor,sent,jonathan@marinexisbiologics.com
info@jitaibiotech.com,jitaibiotech.com,vendor,sent,jonathan@marinexisbiologics.com
info@jpt.com,jpt.com,vendor,sent,jonathan@marinexisbiologics.com
lorenna95@hotmail.com,hotmail.com,vendor,sent,jonathan@marinexisbiologics.com
info@mammothmusclepeptides.com,mammothmusclepeptides.com,vendor,sent,jonathan@marinexisbiologics.com
josh@milehighpeptide.com,milehighpeptide.com,vendor,sent,jonathan@marinexisbiologics.com
empirelabsca@gmail.com,gmail.com,vendor,sent,jonathan@marinexisbiologics.com
info@eliteeons.com,eliteeons.com,vendor,sent,jonathan@marinexisbiologics.com
info@regena-peptides.com,regena-peptides.com,vendor,sent,jonathan@marinexisbiologics.com
