email,domain,reason,status
info@houstonwellnesscenter.org,houstonwellnesscenter.org,contacted by jonathan,active
hello@thegoodlifeiv.com,thegoodlifeiv.com,contacted by jonathan,bounced
info@next-health.com,next-health.com,contacted by jonathan,active
dr.cruz@orlandocityhealth.com,orlandocityhealth.com,contacted by jonathan,active
mark@vipweightlosscenters.com,vipweightlosscenters.com,contacted by jonathan,active
info@ethoswellnessok.com,ethoswellnessok.com,contacted by jonathan,active
consults@promdhealth.com,promdhealth.com,contacted by jonathan,active
info@polarisrejuvenation.com,polarisrejuvenation.com,contacted by jonathan,active
info@bostonvitality.com,bostonvitality.com,contacted by jonathan,active
hello@regenerationutah.com,regenerationutah.com,contacted by jonathan,active
hello@meetingpointhealth.com,meetingpointhealth.com,contacted by jonathan,active
info@abluxurymedspa.com,abluxurymedspa.com,contacted by jonathan,active
info@ivelements.net,ivelements.net,contacted by jonathan,active
info@theflowwellness.com,theflowwellness.com,contacted by jonathan,active
info@infiniteyouthmedical.com,infiniteyouthmedical.com,contacted by jonathan,active
info@monacohealth.net,monacohealth.net,contacted by jonathan,active
info@totalbodywellness.com,totalbodywellness.com,contacted by jonathan,active
info@glossaesthetics.com,glossaesthetics.com,contacted by jonathan,active
info@slmmedspa.com,slmmedspa.com,contacted by jonathan,active
hello@bettermedspa.com,bettermedspa.com,contacted by jonathan,active
info@limedicalaesthetics.com,limedicalaesthetics.com,contacted by jonathan,active
office@drsende.com,drsende.com,contacted by jonathan,active
info@regenesismd.com,regenesismd.com,contacted by jonathan,active
tracy@rejuv-kc.com,rejuv-kc.com,contacted by jonathan,active
info@stronghealth.com,stronghealth.com,contacted by jonathan,active
info@behuemn.com,behuemn.com,contacted by jonathan,active
info@drtonivarela.com,drtonivarela.com,contacted by jonathan,active
partners@noom.com,noom.com,contacted by jonathan,active
office@juventaswellness.com,juventaswellness.com,contacted by jonathan,active
support@limitlessbiochem.eu,limitlessbiochem.eu,contacted by jonathan,active
info@pinnaclepeptidelabs.com,pinnaclepeptidelabs.com,contacted by jonathan,active
cs@omegamino.net,omegamino.net,contacted by jonathan,active
sales@livewellpeptides.com,livewellpeptides.com,contacted by jonathan,active
support@elevatedpeptides.com,elevatedpeptides.com,contacted by jonathan,active
support@somapeptides.com,somapeptides.com,contacted by jonathan,active
support@elyriabio.com,elyriabio.com,contacted by jonathan,active
support@purepeptidelabs.shop,purepeptidelabs.shop,contacted by jonathan,active
support@chemyo.com,chemyo.com,contacted by jonathan,active
support@solyn.com,solyn.com,contacted by jonathan,replied
support@valorpeptides.com,valorpeptides.com,contacted by jonathan,active
sales@zenaminos.com,zenaminos.com,contacted by jonathan,active
support@xenopeptides.com,xenopeptides.com,contacted by jonathan,active
support@ironlabs.shop,ironlabs.shop,contacted by jonathan,active
info@peptidegroupbuy.com,peptidegroupbuy.com,contacted by jonathan,replied
info@elitebiogenix.com,elitebiogenix.com,contacted by jonathan,active
admin@safewellnesscenter.org,safewellnesscenter.org,contacted by jonathan,active
cs@pepkits.shop,pepkits.shop,contacted by jonathan,active
support@nobledragons.com,nobledragons.com,contacted by jonathan,active
support@goldeneagledistributors.com,goldeneagledistributors.com,contacted by jonathan,active
support@myoasislabs.com,myoasislabs.com,contacted by jonathan,replied
customersupport@coffeeandpeppers.com,coffeeandpeppers.com,contacted by jonathan,active
polypeptide869@163.com,163.com,contacted by jonathan,active
luxsynthaminos@gmail.com,gmail.com,contacted by jonathan,active
support@peptidehubs.com,peptidehubs.com,contacted by jonathan,active
info@revivpeptides.com,revivpeptides.com,contacted by jonathan,active
support@aminocoreresearch.com,aminocoreresearch.com,contacted by jonathan,bounced
charles@newbeginningpeps.com,newbeginningpeps.com,contacted by jonathan,active
orders@mainpeptides.com,mainpeptides.com,contacted by jonathan,active
regenwellph@gmail.com,gmail.com,contacted by jonathan,active
support@soliralab.com,soliralab.com,contacted by jonathan,active
info@atlaspeptidelab.com,atlaspeptidelab.com,contacted by jonathan,active
contact@ehzpeptides.com,ehzpeptides.com,contacted by jonathan,active
cs@moglabs.bio,moglabs.bio,contacted by jonathan,active
support@puritypeptides.is,puritypeptides.is,contacted by jonathan,active
rhomepeptides@gmail.com,gmail.com,contacted by jonathan,active
support@vincerevitae.com,vincerevitae.com,contacted by jonathan,active
service@novabioresearchlab.com,novabioresearchlab.com,contacted by jonathan,active
admin@revolutionpeptide.com,revolutionpeptide.com,contacted by jonathan,active
info@bioedgeresearchlabs.com,bioedgeresearchlabs.com,contacted by jonathan,active
info@bizpeptide.com,bizpeptide.com,contacted by jonathan,active
cs@amc-essentials.com,amc-essentials.com,contacted by jonathan,active
aavant@peptide.email,peptide.email,contacted by jonathan,active
support@getmypepti.com,getmypepti.com,contacted by jonathan,active
support@purelabpeptides.com,purelabpeptides.com,contacted by jonathan,active
sales@geopeptides.com,geopeptides.com,contacted by jonathan,bounced
info@fusionpeptide.com,fusionpeptide.com,contacted by jonathan,active
hello@aiopeptides.com,aiopeptides.com,contacted by jonathan,active
hello@trulabpeptides.com,trulabpeptides.com,contacted by jonathan,active
orders@warrior-makers.com,warrior-makers.com,contacted by jonathan,active
doublerlabs@protonmail.com,protonmail.com,contacted by jonathan,active
admin@gxresearch.shop,gxresearch.shop,contacted by jonathan,active
support@hyteresearchdivision.com,hyteresearchdivision.com,contacted by jonathan,active
sales@medchemexpress.com,medchemexpress.com,contacted by jonathan,active
support@alphaomegapeptide.com,alphaomegapeptide.com,contacted by jonathan,active
store@apeiron.store,apeiron.store,contacted by jonathan,active
support@wellnessresearchsupply.com,wellnessresearchsupply.com,contacted by jonathan,active
support@alphabiomedlabs.com,alphabiomedlabs.com,contacted by jonathan,active
info@ascendpeptidesuk.com,ascendpeptidesuk.com,contacted by jonathan,active
support@alphacarbonlabs.com,alphacarbonlabs.com,contacted by jonathan,active
cs@alpha-peptides.com,alpha-peptides.com,contacted by jonathan,active
support@biosynergen.us,biosynergen.us,contacted by jonathan,active
support@thepeptidesourcellc.com,thepeptidesourcellc.com,contacted by jonathan,active
orders@eliteresearchusa.com,eliteresearchusa.com,contacted by jonathan,active
info@exceedenhancement.com,exceedenhancement.com,contacted by jonathan,active
info@glacieraminos.shop,glacieraminos.shop,contacted by jonathan,active
support@ironwithin.io,ironwithin.io,contacted by jonathan,replied
support@peptidesupplyco.com,peptidesupplyco.com,contacted by jonathan,active
support@longevitypeptides.us,longevitypeptides.us,contacted by jonathan,active
support@maddogpeps.com,maddogpeps.com,contacted by jonathan,active
support@trueformpeptides.com,trueformpeptides.com,contacted by jonathan,active
support@vantageaminos.co,vantageaminos.co,contacted by jonathan,replied
info@eliteedgebiotech.com,eliteedgebiotech.com,contacted by jonathan,replied
contact@genpeptide.com,genpeptide.com,contacted by jonathan,active
info@particlepeptides.com,particlepeptides.com,contacted by jonathan,active
support@peaklabpeptides.com,peaklabpeptides.com,contacted by jonathan,active
support@pepxlab.com,pepxlab.com,contacted by jonathan,active
info@premierbiolabs.com,premierbiolabs.com,contacted by jonathan,active
info@purelabperformance.com,purelabperformance.com,contacted by jonathan,active
info@reliablepeptides.com,reliablepeptides.com,contacted by jonathan,bounced
support@aeylabs.org,aeylabs.org,contacted by jonathan,active
info@biomaxresearch.com,biomaxresearch.com,contacted by jonathan,active
support@crownwellresearch.com,crownwellresearch.com,contacted by jonathan,active
alexia7438@outlook.com,outlook.com,contacted by jonathan,active
support@horizonlabsbio.com,horizonlabsbio.com,contacted by jonathan,active
support@olympexsolutions.com,olympexsolutions.com,contacted by jonathan,active
info@peptideruo.com,peptideruo.com,contacted by jonathan,active
sales@acelabs.pro,acelabs.pro,contacted by jonathan,active
support@myprojectzero.com,myprojectzero.com,contacted by jonathan,active
customerservice@wellilabs.com,wellilabs.com,contacted by jonathan,active
dankangpeptidesfactory@outlook.com,outlook.com,contacted by jonathan,active
info@peptidegurus.com,peptidegurus.com,contacted by jonathan,active
info@suaway.com,suaway.com,contacted by jonathan,replied
info@vorilabs.com,vorilabs.com,contacted by jonathan,active
support@longevityplan.ai,longevityplan.ai,contacted by jonathan,active
peptaverse@sudomail.com,sudomail.com,contacted by jonathan,active
research@peptidecraft.co,peptidecraft.co,contacted by jonathan,bounced
sales@innmi.com,innmi.com,contacted by jonathan,bounced
support@optimumcompounds.com,optimumcompounds.com,contacted by jonathan,active
support@sciencebasedpeptides.com,sciencebasedpeptides.com,contacted by jonathan,active
support@pinnaclebiosupply.com,pinnaclebiosupply.com,contacted by jonathan,active
support@aminonova.com,aminonova.com,contacted by jonathan,active
info@03peptides.com,03peptides.com,contacted by jonathan,active
admin@xtxinyao.cn,xtxinyao.cn,contacted by jonathan,active
cs@aminosequence.com,aminosequence.com,contacted by jonathan,active
support@arizenbiolabs.com,arizenbiolabs.com,contacted by jonathan,active
consult@deltavalleyco.com,deltavalleyco.com,contacted by jonathan,active
support@happypeptides.com,happypeptides.com,contacted by jonathan,replied
support@onedaycompounds.com,onedaycompounds.com,contacted by jonathan,replied
support@pepsgpt.com,pepsgpt.com,contacted by jonathan,active
support@pythionresearch.com,pythionresearch.com,contacted by jonathan,active
cs@arcanepeptides.com,arcanepeptides.com,contacted by jonathan,active
vicky@qhpeptides.com,qhpeptides.com,contacted by jonathan,active
info@prettypeptide.co.uk,prettypeptide.co.uk,contacted by jonathan,active
nexbiopeptix@gmail.com,gmail.com,contacted by jonathan,bounced
info@lapeptides.net,lapeptides.net,contacted by jonathan,active
zepeptide@outlook.com,outlook.com,contacted by jonathan,active
support@peptaura.com,peptaura.com,contacted by jonathan,active
support@compoundpurity.com,compoundpurity.com,contacted by jonathan,active
hello@tryaurapeptides.com,tryaurapeptides.com,contacted by jonathan,active
info@orderignite.com,orderignite.com,contacted by jonathan,active
support@bioinfinity.co,bioinfinity.co,contacted by jonathan,active
support@peptidemaxxing.com,peptidemaxxing.com,contacted by jonathan,active
support@stemcodepeptides.com,stemcodepeptides.com,contacted by jonathan,active
support@powerpepgroup.com,powerpepgroup.com,contacted by jonathan,active
hello@proxivalabs.com,proxivalabs.com,contacted by jonathan,bounced
hello@prohelixflorida.com,prohelixflorida.com,contacted by jonathan,active
support@alphapeps.com,alphapeps.com,contacted by jonathan,active
support@echopeptides.co,echopeptides.co,contacted by jonathan,active
support@mistertide.com,mistertide.com,contacted by jonathan,active
info@nootropicsource.com,nootropicsource.com,contacted by jonathan,active
support@sfbayareapeptides.com,sfbayareapeptides.com,contacted by jonathan,active
irene@aspnlabs.org,aspnlabs.org,contacted by jonathan,active
info@modern-peptides.com,modern-peptides.com,contacted by jonathan,active
support@masterspeptides.com,masterspeptides.com,contacted by jonathan,bounced
support@peptidedirect.com,peptidedirect.com,contacted by jonathan,bounced
info@rejuvenatepeptides.com,rejuvenatepeptides.com,contacted by jonathan,active
support@crestbiolabs.com,crestbiolabs.com,contacted by jonathan,bounced
sales@lummisnova.com,lummisnova.com,contacted by jonathan,active
info@sentinelvalor.com,sentinelvalor.com,contacted by jonathan,active
support@zerovariancelabs.com,zerovariancelabs.com,contacted by jonathan,replied
support@bourbonpeptides.com,bourbonpeptides.com,contacted by jonathan,active
support@capstonepeptides.com,capstonepeptides.com,contacted by jonathan,active
support@lumexhealth.com,lumexhealth.com,contacted by jonathan,active
help@rivnresearch.com,rivnresearch.com,contacted by jonathan,active
marlon@b12injectionsmiami.com,b12injectionsmiami.com,contacted by jonathan,active
support@sqspeptides.com,sqspeptides.com,contacted by jonathan,bounced
17513060195@163.com,163.com,contacted by jonathan,active
support@nexusbiolife.com,nexusbiolife.com,contacted by jonathan,active
support@novoprolabs.com,novoprolabs.com,contacted by jonathan,active
support@optimumformula.co,optimumformula.co,contacted by jonathan,active
support@pepperlicious.com,pepperlicious.com,contacted by jonathan,bounced
support@peptidesxpress.com,peptidesxpress.com,contacted by jonathan,active
contact@vesaliuslabs.com,vesaliuslabs.com,contacted by jonathan,active
support@researchchemhq.co,researchchemhq.co,contacted by jonathan,active
support@solidpeptides.com,solidpeptides.com,contacted by jonathan,active
cs@southernaminos.com,southernaminos.com,contacted by jonathan,active
support@studzpeptides.com,studzpeptides.com,contacted by jonathan,active
thejester@thekitqueens.com,thekitqueens.com,contacted by jonathan,active
support@synbio-tech.com,synbio-tech.com,contacted by jonathan,active
javik@thepeplair.com,thepeplair.com,contacted by jonathan,replied
support@triumphantlabs.com,triumphantlabs.com,contacted by jonathan,active
support@valapeptides.com,valapeptides.com,contacted by jonathan,active
cs.primalchainresearchllc@gmail.com,gmail.com,contacted by jonathan,active
redcapelabs@proton.me,proton.me,contacted by jonathan,active
info@excaliburpeptides.com,excaliburpeptides.com,contacted by jonathan,bounced
contact@spartanbiolab.com,spartanbiolab.com,contacted by jonathan,active
support@vitalityproject.global,vitalityproject.global,contacted by jonathan,active
vivpeptide@gmail.com,gmail.com,contacted by jonathan,active
support@voidresearch.shop,voidresearch.shop,contacted by jonathan,active
sales@aurobiopeptide.com,aurobiopeptide.com,contacted by jonathan,active
support@flatironsrc.com,flatironsrc.com,contacted by jonathan,replied
godbiolab@pm.me,pm.me,contacted by jonathan,active
support@peakformpeptides.com,peakformpeptides.com,contacted by jonathan,active
affordablepeptidesorders@gmail.com,gmail.com,contacted by jonathan,active
gzhaiyitong@outlook.com,outlook.com,contacted by jonathan,active
contact@vayn.co,vayn.co,contacted by jonathan,active
rene.lozano0591@gmail.com,gmail.com,contacted by jonathan,active
contact@maximumpeps.com,maximumpeps.com,contacted by jonathan,active
support@maplelabs.store,maplelabs.store,contacted by jonathan,active
support@prettypeptidecollective.com,prettypeptidecollective.com,contacted by jonathan,replied
info@superpeptides.com,superpeptides.com,contacted by jonathan,active
support@synergybiopeps.com,synergybiopeps.com,contacted by jonathan,bounced
baiwei@usprimeway.com,usprimeway.com,contacted by jonathan,active
renovapeptides@gmail.com,gmail.com,contacted by jonathan,active
landgb39@gmail.com,gmail.com,contacted by jonathan,active
info@tritideresearch.com,tritideresearch.com,contacted by jonathan,active
support@volterasciences.com,volterasciences.com,contacted by jonathan,active
info@zerogravitynky.com,zerogravitynky.com,contacted by jonathan,active
support@5chainzlabs.com,5chainzlabs.com,contacted by jonathan,active
support@absolutepep.com,absolutepep.com,contacted by jonathan,active
support@alphaeliteshop.com,alphaeliteshop.com,contacted by jonathan,active
info@americanpeptideco.com,americanpeptideco.com,contacted by jonathan,active
aminoelementslab@gmail.com,gmail.com,contacted by jonathan,active
support@aminoxgen.com,aminoxgen.com,contacted by jonathan,active
dzseszikajerbe@gmail.com,gmail.com,contacted by jonathan,active
support@ascendpeptidesusa.com,ascendpeptidesusa.com,contacted by jonathan,active
alex.barn001@gmail.com,gmail.com,contacted by jonathan,active
support@bioxcell.com,bioxcell.com,contacted by jonathan,active
service@biofusionoutlet.com,biofusionoutlet.com,contacted by jonathan,active
hello@bluumpeptides.com,bluumpeptides.com,contacted by jonathan,active
bulktides@gmail.com,gmail.com,contacted by jonathan,active
info@calpeps.com,calpeps.com,contacted by jonathan,active
thelobster@tuta.com,tuta.com,contacted by jonathan,active
info@chemexpress.com,chemexpress.com,contacted by jonathan,active
contact@discoveryresearchusa.com,discoveryresearchusa.com,contacted by jonathan,active
info@easypeptide.com,easypeptide.com,contacted by jonathan,active
help@enhancedexecutive.com,enhancedexecutive.com,contacted by jonathan,active
support@explicitresearch.com,explicitresearch.com,contacted by jonathan,active
sales1@faithfulbio.com,faithfulbio.com,contacted by jonathan,active
support@hightidecompounds.com,hightidecompounds.com,contacted by jonathan,active
support@injectify.is,injectify.is,contacted by jonathan,active
support@ironaminos.com,ironaminos.com,contacted by jonathan,active
info@jitaibiotech.com,jitaibiotech.com,contacted by jonathan,active
info@jpt.com,jpt.com,contacted by jonathan,active
lorenna95@hotmail.com,hotmail.com,contacted by jonathan,active
info@mammothmusclepeptides.com,mammothmusclepeptides.com,contacted by jonathan,active
josh@milehighpeptide.com,milehighpeptide.com,contacted by jonathan,active
empirelabsca@gmail.com,gmail.com,contacted by jonathan,active
info@eliteeons.com,eliteeons.com,contacted by jonathan,active
info@regena-peptides.com,regena-peptides.com,contacted by jonathan,active
contact@mylumeralabs.com,mylumeralabs.com,contacted by jonathan,active
info@labtrustpeptides.com,labtrustpeptides.com,contacted by jonathan,active
hechuan1022@gmail.com,gmail.com,contacted by jonathan,active
support@synthrolab.com,synthrolab.com,contacted by jonathan,active
info@ziptides.com,ziptides.com,contacted by jonathan,active
support@evolvepeptides.com,evolvepeptides.com,contacted by jonathan,active
sulanpeptides01@gmail.com,gmail.com,contacted by jonathan,active
contact@athenapeptides.com,athenapeptides.com,contacted by jonathan,active
support@triantex.com,triantex.com,contacted by jonathan,active
support@ilumapeptide.co,ilumapeptide.co,contacted by jonathan,active
cs@csresearch.shop,csresearch.shop,contacted by jonathan,active
info@biostrategix.com,biostrategix.com,contacted by jonathan,active
support@kylopeptides.com,kylopeptides.com,contacted by jonathan,active
support@goodlifepeptides.com,goodlifepeptides.com,contacted by jonathan,active
support@trustedpeptide.net,trustedpeptide.net,contacted by jonathan,bounced
support@peptidefoundry.com,peptidefoundry.com,contacted by jonathan,active
info@forgeperformanceco.com,forgeperformanceco.com,contacted by jonathan,active
support@platinumlionpeptides.com,platinumlionpeptides.com,contacted by jonathan,active
support@simplyrichards.com,simplyrichards.com,contacted by jonathan,active
support.eu@genscript.com,genscript.com,contacted by jonathan,active
customerservice@crushresearch.com,crushresearch.com,contacted by jonathan,active
service@peptide24h.com,peptide24h.com,contacted by jonathan,active
shop@kits4less.is,kits4less.is,contacted by jonathan,active
support@peptides4research.com,peptides4research.com,contacted by jonathan,active
support@orbitrexpeptide.com,orbitrexpeptide.com,contacted by jonathan,active
info@inpeptides.com,inpeptides.com,contacted by jonathan,active
support@evolabsresearch.co,evolabsresearch.co,contacted by jonathan,active
support@nextechlaboratories.com,nextechlaboratories.com,contacted by jonathan,active
support@apollopeptides.co,apollopeptides.co,contacted by jonathan,active
2546077119@qq.com,qq.com,contacted by jonathan,active
mingming123li@outlook.com,outlook.com,contacted by jonathan,active
support@limitlesslifenootropics.com,limitlesslifenootropics.com,contacted by jonathan,active
cs@bulkpeptides.com,bulkpeptides.com,contacted by jonathan,active
info@peptidepros.net,peptidepros.net,contacted by jonathan,active
support@biobulkpeptides.com,biobulkpeptides.com,contacted by jonathan,active
support@onprl.com,onprl.com,contacted by jonathan,active
3674631354@qq.com,qq.com,contacted by jonathan,active
ascend@arcpeptidesusa.com,arcpeptidesusa.com,contacted by jonathan,active
support@foreveryoungpharmacy.com,foreveryoungpharmacy.com,contacted by jonathan,bounced
support@nurevpeptides.com,nurevpeptides.com,contacted by jonathan,active
support@apexpeptidegroup.com,apexpeptidegroup.com,contacted by jonathan,active
support@orosresearch.com,orosresearch.com,contacted by jonathan,active
support@shopapexlabs.net,shopapexlabs.net,contacted by jonathan,active
sales01@skwbio.com,skwbio.com,contacted by jonathan,active
support@bluebonnetpeptides.com,bluebonnetpeptides.com,contacted by jonathan,active
info@vertexpeptideslab.org,vertexpeptideslab.org,contacted by jonathan,active
support@treasurecoastpeptides.com,treasurecoastpeptides.com,contacted by jonathan,active
info@aminoamigos.com,aminoamigos.com,contacted by jonathan,replied
info@uspeptides.com,uspeptides.com,contacted by jonathan,active
contact@simonsrx.com,simonsrx.com,contacted by jonathan,active
support@blankpeptides.com,blankpeptides.com,contacted by jonathan,active
peptidemakers@outlook.com,outlook.com,contacted by jonathan,active
support@eternalpeptides.com,eternalpeptides.com,contacted by jonathan,active
customerservice@thepeptidehaven.com,thepeptidehaven.com,contacted by jonathan,active
apextidelabs@gmail.com,gmail.com,contacted by jonathan,active
support@ezpeptides.com,ezpeptides.com,contacted by jonathan,active
support@puruspeptides.com,puruspeptides.com,contacted by jonathan,active
wholesale@biolongevitylabs.com,biolongevitylabs.com,contacted by jonathan,active
support@realpeptides.co,realpeptides.co,contacted by jonathan,active
info@purehealthpeptides.com,purehealthpeptides.com,contacted by jonathan,active
support@eternalpep.com,eternalpep.com,contacted by jonathan,active
info@peptide-works.com,peptide-works.com,contacted by jonathan,active
service@lotilabs.com,lotilabs.com,contacted by jonathan,active
support@simplepeptide.com,simplepeptide.com,contacted by jonathan,active
support@onyxbiolabs.com,onyxbiolabs.com,contacted by jonathan,active
support@purerawz.co,purerawz.co,contacted by jonathan,active
sales@evolvebiolabs.com,evolvebiolabs.com,contacted by jonathan,active
support@elev8labs.ltd,elev8labs.ltd,contacted by jonathan,active
coretraino@coretraino.com,coretraino.com,contacted by jonathan,active
sales@carolinachemical.com,carolinachemical.com,contacted by jonathan,active
info@bacteriostaticwatersupplies.com,bacteriostaticwatersupplies.com,contacted by jonathan,active
info@aminoannex.com,aminoannex.com,contacted by jonathan,active
support@skyepeptides.com,skyepeptides.com,contacted by jonathan,active
service@peptidesciencesmail.com,peptidesciencesmail.com,contacted by jonathan,active
admin@reta-peptide.com,reta-peptide.com,contacted by jonathan,active
service@nexaph.com,nexaph.com,contacted by jonathan,active
info@nusciencepeptides.com,nusciencepeptides.com,contacted by jonathan,active
info@hkroids.com,hkroids.com,contacted by jonathan,active
sales@pharmagradepeptides.is,pharmagradepeptides.is,contacted by jonathan,active
customerservice@bulkpeptidewholesale.com,bulkpeptidewholesale.com,contacted by jonathan,active
support@accelerate-labs.us,accelerate-labs.us,contacted by jonathan,active
info@amaneciahealth.com,amaneciahealth.com,contacted by jonathan,active
support@inceptiontelehealth.com,inceptiontelehealth.com,contacted by jonathan,active
support@amazing-meds.com,amazing-meds.com,contacted by jonathan,active
info@delphiwellness.clinic,delphiwellness.clinic,contacted by jonathan,active
info@nrgclinic.com,nrgclinic.com,contacted by jonathan,active
info@thedearingclinic.com,thedearingclinic.com,contacted by jonathan,active
info@copergrine.com,copergrine.com,contacted by jonathan,active
hello@originalglamdenver.com,originalglamdenver.com,contacted by jonathan,active
scottsdale@fixmedicalgroup.com,fixmedicalgroup.com,contacted by jonathan,active
info@ariaintegrativehealth.com,ariaintegrativehealth.com,contacted by jonathan,active
clinic@denverwellnessaesthetic.com,denverwellnessaesthetic.com,contacted by jonathan,active
pharmacist@solutions-pharmacy.com,solutions-pharmacy.com,contacted by jonathan,manual
info@mqrx.com,mqrx.com,contacted by jonathan,manual
info@pdlabsrx.com,pdlabsrx.com,contacted by jonathan,manual
pharmacy@physicianspreferencerx.com,physicianspreferencerx.com,contacted by jonathan,manual
rxsolutions.john@gmail.com,gmail.com,contacted by jonathan,manual
support@cognitoforms.com,cognitoforms.com,contacted by jonathan,manual
multigenwellness2022@gmail.com,gmail.com,contacted by jonathan,active
office@balancedhc.org,balancedhc.org,contacted by jonathan,active
careteam@getheally.com,getheally.com,contacted by jonathan,active
office@regenerativeperformance.com,regenerativeperformance.com,contacted by jonathan,active
contact@alphahormones.com,alphahormones.com,contacted by jonathan,active
info@perfectb.com,perfectb.com,contacted by jonathan,active
kelly@southfloridafaceandbody.com,southfloridafaceandbody.com,contacted by jonathan,active
contact@rewindantiagingmiami.com,rewindantiagingmiami.com,contacted by jonathan,active
contact@navarahealthtx.com,navarahealthtx.com,contacted by jonathan,bounced
support@primelabpeptides.com,primelabpeptides.com,contacted by jonathan,active
support@thrivepeptides.us,thrivepeptides.us,contacted by jonathan,active
support@restorepeptides.io,restorepeptides.io,contacted by jonathan,replied
customerservice@rescueresearchusa.com,rescueresearchusa.com,contacted by jonathan,active
sales@peptideplugs.com,peptideplugs.com,contacted by jonathan,active
cain@nexaph.com,nexaph.com,contacted by jonathan,active
cs@ngpeptide.com,ngpeptide.com,contacted by jonathan,active
info@sportstechnologylabs.com,sportstechnologylabs.com,contacted by jonathan,active
sales@nordsci.com,nordsci.com,contacted by jonathan,active
admin@greyaxisresearch.com,greyaxisresearch.com,contacted by jonathan,active
support@behemothlabz.com,behemothlabz.com,contacted by jonathan,active
info@aminovault.com,aminovault.com,contacted by jonathan,active
hello@thepeptideplug.ai,thepeptideplug.ai,contacted by jonathan,manual
hello@coastalwellnessmd.com,coastalwellnessmd.com,contacted by jonathan,active
contact@nutripeptix.com,nutripeptix.com,contacted by jonathan,active
info@conciergehealthpractice.com,conciergehealthpractice.com,contacted by jonathan,active
info@kjbm.thepreptide.com,kjbm.thepreptide.com,contacted by jonathan,bounced
info@amalieaesthetics.com,amalieaesthetics.com,contacted by jonathan,active
info@myglp1store.com,myglp1store.com,contacted by jonathan,active
info@womenshealthofmd.com,womenshealthofmd.com,contacted by jonathan,active
info@24peptides.com,24peptides.com,contacted by jonathan,active
info@bbaesthetic.com,bbaesthetic.com,contacted by jonathan,active
support@saiyanmed.com,saiyanmed.com,contacted by jonathan,active
info@menshealthboston.com,menshealthboston.com,contacted by jonathan,active
affiliate@peptideplus.app,peptideplus.app,contacted by jonathan,active
heythere@altitudemedspa.com,altitudemedspa.com,contacted by jonathan,active
admin@peptidedeck.com,peptidedeck.com,contacted by jonathan,active
info@allureaestheticsllc.com,allureaestheticsllc.com,contacted by jonathan,active
info@bevelseattle.com,bevelseattle.com,contacted by jonathan,active
hello@boost-iv.com,boost-iv.com,contacted by jonathan,active
support@americanpeptides.us,americanpeptides.us,contacted by jonathan,active
drfuksina@astramdhealth.com,astramdhealth.com,contacted by jonathan,active
service@licensedpeptides.com,licensedpeptides.com,contacted by jonathan,active
contact@americanregen.com,americanregen.com,contacted by jonathan,active
info@battlebornresearch.com,battlebornresearch.com,contacted by jonathan,active
info@litemedicalclinic.com,litemedicalclinic.com,contacted by jonathan,active
contact@pepticorelab.com,pepticorelab.com,contacted by jonathan,active
keely@mintaestheticsandskin.com,mintaestheticsandskin.com,contacted by jonathan,active
info@purebiolabs.com,purebiolabs.com,contacted by jonathan,active
info@southernskin.com,southernskin.com,contacted by jonathan,active
hello@peptides.academy,peptides.academy,contacted by jonathan,active
support@ifho.org,ifho.org,contacted by jonathan,active
support@10bottlevalue.co,10bottlevalue.co,contacted by jonathan,replied
admin@acemedspa.com,acemedspa.com,contacted by jonathan,active
info@peptidesworld.com,peptidesworld.com,contacted by jonathan,active
info@skinethicsmedspa.com,skinethicsmedspa.com,contacted by jonathan,active
hello@peptidedossier.com,peptidedossier.com,contacted by jonathan,active
milwaukee@ivmenow.com,ivmenow.com,contacted by jonathan,active
sales@westcoastpeptidesupply.com,westcoastpeptidesupply.com,contacted by jonathan,bounced
info@dvidaspa.com,dvidaspa.com,contacted by jonathan,active
support@apexlab.org,apexlab.org,contacted by jonathan,active
support@peptidelabs.us,peptidelabs.us,contacted by jonathan,active
team@peptides.gg,peptides.gg,contacted by jonathan,active
partnerships@pepstracker.com,pepstracker.com,contacted by jonathan,active
info@peptideals.com,peptideals.com,contacted by jonathan,active
info@usapeptidescience.com,usapeptidescience.com,contacted by jonathan,bounced
info@cellpeptides.com,cellpeptides.com,contacted by jonathan,active
contact@mypeptideprice.com,mypeptideprice.com,contacted by jonathan,active
info@buypeptideusa.com,buypeptideusa.com,contacted by jonathan,active
info@mainstreetlongevity.com,mainstreetlongevity.com,contacted by jonathan,active
info@luxwellnesskc.com,luxwellnesskc.com,contacted by jonathan,active
info@liquidluxuryaesthetics.com,liquidluxuryaesthetics.com,contacted by jonathan,active
info@livenowlongevity.com,livenowlongevity.com,contacted by jonathan,active
info@naturalradiancemedspa.com,naturalradiancemedspa.com,contacted by jonathan,active
info@saivcenter.com,saivcenter.com,contacted by jonathan,active
info@amairamedspa.com,amairamedspa.com,contacted by jonathan,active
info@defynaturalaging.com,defynaturalaging.com,contacted by jonathan,active
info@61five.com,61five.com,contacted by jonathan,active
welcome@restorativehw.com,restorativehw.com,contacted by jonathan,active
info@rebornhealthandaesthetics.com,rebornhealthandaesthetics.com,contacted by jonathan,active
info@bostonmedicalaesthetics.net,bostonmedicalaesthetics.net,contacted by jonathan,active
info@poterehealthmd.com,poterehealthmd.com,contacted by jonathan,active
support@phillyantiaging.com,phillyantiaging.com,contacted by jonathan,active
hello@mahalaesthetics.com,mahalaesthetics.com,contacted by jonathan,active
info@santepdx.com,santepdx.com,contacted by jonathan,active
hello@theaestheticconcierge.co,theaestheticconcierge.co,contacted by jonathan,active
media@facebeautyscience.com,facebeautyscience.com,contacted by jonathan,active
hello@mkaesthetics.com,mkaesthetics.com,contacted by jonathan,active
info@drstarsiak.com,drstarsiak.com,contacted by jonathan,active
info@mopeclinic.com,mopeclinic.com,contacted by jonathan,active
info@greenreliefmd.com,greenreliefmd.com,contacted by jonathan,active
connect@lamkinclinic.com,lamkinclinic.com,contacted by jonathan,active
info@majspa.io,majspa.io,contacted by jonathan,active
info@myrivs.com,myrivs.com,contacted by jonathan,active
contact@truwellnesscharlotte.com,truwellnesscharlotte.com,contacted by jonathan,active
clientservices@thegrovespa.com,thegrovespa.com,contacted by jonathan,active
office@drgolberg.nyc,drgolberg.nyc,contacted by jonathan,active
info@skyhealthnv.com,skyhealthnv.com,contacted by jonathan,active
info@rogmedspa.com,rogmedspa.com,contacted by jonathan,active
info@rwacenter.com,rwacenter.com,contacted by jonathan,active
info@agerejuvenation.com,agerejuvenation.com,contacted by jonathan,bounced
support@heritagelabsusa.com,heritagelabsusa.com,contacted by jonathan,active
garret@peppal.app,peppal.app,contacted by jonathan,active
support@mdpep.com,mdpep.com,contacted by jonathan,active
info@alphabiologix.com,alphabiologix.com,contacted by jonathan,active
info@peptidekey.com,peptidekey.com,contacted by jonathan,active
info@peptides.org,peptides.org,contacted by jonathan,bounced
sgutierrez@omegabiologics.net,omegabiologics.net,contacted by jonathan,active
sales@puretestedpeptides.com,puretestedpeptides.com,contacted by jonathan,active
support@peptifylabs.com,peptifylabs.com,contacted by jonathan,active
support@platinumbiolabs.com,platinumbiolabs.com,contacted by jonathan,active
service@streamlabpeptides.com,streamlabpeptides.com,contacted by jonathan,active
support@bluewellpeptides.com,bluewellpeptides.com,contacted by jonathan,active
mike@mikesinfusions.com,mikesinfusions.com,contacted by jonathan,active
support@biopurepeptides.com,biopurepeptides.com,contacted by jonathan,active
wholesale@peptidesourcehub.com,peptidesourcehub.com,contacted by jonathan,active
admin@peptidelocal.com,peptidelocal.com,contacted by jonathan,active
support@newbiorx.com,newbiorx.com,contacted by jonathan,active
info@truth-tides.com,truth-tides.com,contacted by jonathan,active
info@phoenixpeptidelabs.com,phoenixpeptidelabs.com,contacted by jonathan,active
info@peptidepedia.org,peptidepedia.org,contacted by jonathan,active
info@frontierpeptidesupply.com,frontierpeptidesupply.com,contacted by jonathan,active
info@wooshlabs.com,wooshlabs.com,contacted by jonathan,replied
info@wholesalepeptidedistributors.com,wholesalepeptidedistributors.com,contacted by jonathan,active
info@phoenixmedsinc.com,phoenixmedsinc.com,contacted by jonathan,active
sales@rockymountainpeptides.co,rockymountainpeptides.co,contacted by jonathan,active
cs@homelandpeptides.com,homelandpeptides.com,contacted by jonathan,active
support@px1research.com,px1research.com,contacted by jonathan,active
support@peptalabs.com,peptalabs.com,contacted by jonathan,active
hello@eppixlabs.com,eppixlabs.com,contacted by jonathan,active
info@greyresearchpeptides.com,greyresearchpeptides.com,contacted by jonathan,active
contact@azoth-peptides.com,azoth-peptides.com,contacted by jonathan,active
contact@knowyourpeptide.com,knowyourpeptide.com,contacted by jonathan,bounced
info@peptidescienceinstitute.org,peptidescienceinstitute.org,contacted by jonathan,active
support@erospeptides.com,erospeptides.com,contacted by jonathan,active
team@purepeptides.com,purepeptides.com,contacted by jonathan,active
support@heezresearch.com,heezresearch.com,contacted by jonathan,active
support@yourpeptidebrand.com,yourpeptidebrand.com,contacted by jonathan,active
support@prolabs.bio,prolabs.bio,contacted by jonathan,bounced
service@peptideorders.com,peptideorders.com,contacted by jonathan,bounced
support@sigmacompounds.com,sigmacompounds.com,contacted by jonathan,active
support@msamino.com,msamino.com,contacted by jonathan,active
hello@rethinkpeptides.com,rethinkpeptides.com,contacted by jonathan,active
info@melanotanexpress.com,melanotanexpress.com,contacted by jonathan,active
support@corepeptides.com,corepeptides.com,contacted by jonathan,active
support@rawamino.com,rawamino.com,contacted by jonathan,active
support@celvive.com,celvive.com,contacted by jonathan,active
support@averixlabs.com,averixlabs.com,contacted by jonathan,active
support@nextgenpeps.com,nextgenpeps.com,contacted by jonathan,active
sales@veltrixpeptides.com,veltrixpeptides.com,contacted by jonathan,active
research@peptideslabusa.com,peptideslabusa.com,contacted by jonathan,active
admin@peptworld.com,peptworld.com,contacted by jonathan,active
support@perxpeptides.com,perxpeptides.com,contacted by jonathan,replied
support@longeviaresearch.com,longeviaresearch.com,contacted by jonathan,active
info@s1research.net,s1research.net,contacted by jonathan,active
support@blacklinescientific.com,blacklinescientific.com,contacted by jonathan,active
support@chameleonpeptides.com,chameleonpeptides.com,contacted by jonathan,active
orders@genoscience.net,genoscience.net,contacted by jonathan,bounced
support@valueresearchlabs.com,valueresearchlabs.com,contacted by jonathan,active
support@rxpepsdirect.com,rxpepsdirect.com,contacted by jonathan,active
support@basepeps.com,basepeps.com,contacted by jonathan,replied
info@ascendapeptides.com,ascendapeptides.com,contacted by jonathan,active
hello@peptidepub.com,peptidepub.com,contacted by jonathan,active
hello@peptidex.app,peptidex.app,contacted by jonathan,active
hello@scientificaminos.com,scientificaminos.com,contacted by jonathan,active
support@geneticpeptidesusa.com,geneticpeptidesusa.com,contacted by jonathan,active
support@99puritypeptides.com,99puritypeptides.com,contacted by jonathan,active
support@alderabiolabs.com,alderabiolabs.com,contacted by jonathan,active
contact@peptiprices.com,peptiprices.com,contacted by jonathan,active
info@regenerativeresearch.co,regenerativeresearch.co,contacted by jonathan,active
support@peptidemind.com,peptidemind.com,contacted by jonathan,active
support@orionpeptide.com,orionpeptide.com,contacted by jonathan,active
support@koipeptides.com,koipeptides.com,contacted by jonathan,replied
support@bulkglp.com,bulkglp.com,contacted by jonathan,active
support@spartalabs.net,spartalabs.net,contacted by jonathan,active
support@biolabspeptides.com,biolabspeptides.com,contacted by jonathan,active
support@drexalabs.com,drexalabs.com,contacted by jonathan,active
support@rttpeptides.com,rttpeptides.com,contacted by jonathan,bounced
support@puritideresearch.com,puritideresearch.com,contacted by jonathan,replied
support@dynamicpeptide.com,dynamicpeptide.com,contacted by jonathan,active
support@opeptides.com,opeptides.com,contacted by jonathan,active
hello@savingfaceaustin.com,savingfaceaustin.com,contacted by jonathan,active
contact@peptideschedule.com,peptideschedule.com,contacted by jonathan,active
help@goalphalabs.com,goalphalabs.com,contacted by jonathan,active
support@peptidicresearch.com,peptidicresearch.com,contacted by jonathan,active
hi@peptidesinsider.com,peptidesinsider.com,contacted by jonathan,active
support@lifestylepeptides.com,lifestylepeptides.com,contacted by jonathan,bounced
support@claritywellness.us,claritywellness.us,contacted by jonathan,active
sales@purepeptidepharma.com,purepeptidepharma.com,contacted by jonathan,bounced
support@spartanpeptides.com,spartanpeptides.com,contacted by jonathan,bounced
customercare@true-peptides.com,true-peptides.com,contacted by jonathan,bounced
support@peptiq.io,peptiq.io,contacted by jonathan,active
info@allaboutpeptides.com,allaboutpeptides.com,contacted by jonathan,active
hello@lnkpeptides.com,lnkpeptides.com,contacted by jonathan,active
hello@eonpeptides.com,eonpeptides.com,contacted by jonathan,active
support@elementsarms.com,elementsarms.com,contacted by jonathan,bounced
research@oralabs.net,oralabs.net,contacted by jonathan,active
help@peptides.com,peptides.com,contacted by jonathan,active
support@bodyhackguide.co,bodyhackguide.co,contacted by jonathan,active
support@pinnaclepeptides.com,pinnaclepeptides.com,contacted by jonathan,bounced
admin@peptidesfinder.com,peptidesfinder.com,contacted by jonathan,active
hello@peptides.nyc,peptides.nyc,contacted by jonathan,active
info@peptidegiants.com,peptidegiants.com,contacted by jonathan,active
info@peptideclub.com,peptideclub.com,contacted by jonathan,replied
info@lonestarpeptideco.com,lonestarpeptideco.com,contacted by jonathan,active
info@edgepeptides.com,edgepeptides.com,contacted by jonathan,active
info@gurupeptides.com,gurupeptides.com,contacted by jonathan,active
hello@honestpeptide.com,honestpeptide.com,contacted by jonathan,active
support@fullscalepeptides.com,fullscalepeptides.com,contacted by jonathan,active
admin@brainflow.co,brainflow.co,contacted by jonathan,active
bureau@peptidebureau.com,peptidebureau.com,contacted by jonathan,active
admin@pureuspeptide.com,pureuspeptide.com,contacted by jonathan,active
support@evolutionpeptides.com,evolutionpeptides.com,contacted by jonathan,active
support@thatpeptidestore.com,thatpeptidestore.com,contacted by jonathan,active
george@tennesseepeptides.com,tennesseepeptides.com,contacted by jonathan,bounced
admin@youmepeptides.com,youmepeptides.com,contacted by jonathan,active
info@peptidegrades.com,peptidegrades.com,contacted by jonathan,active
info@polybiotech.us,polybiotech.us,contacted by jonathan,bounced
contact@pureamino.com,pureamino.com,contacted by jonathan,active
hello@peptideiq.io,peptideiq.io,contacted by jonathan,active
contact@peptigrity.com,peptigrity.com,contacted by jonathan,active
info@rsltlabs.com,rsltlabs.com,contacted by jonathan,active
info@forwardhealthylifestyles.com,forwardhealthylifestyles.com,contacted by jonathan,active
info@luxaralabs.com,luxaralabs.com,contacted by jonathan,active
support@certapeptides.com,certapeptides.com,contacted by jonathan,active
support@improvedpeptides.com,improvedpeptides.com,contacted by jonathan,active
support@profoundpeptides.us,profoundpeptides.us,contacted by jonathan,active
support@aresresearchlab.com,aresresearchlab.com,contacted by jonathan,active
