email,domain,business_name,peptides,city,state,phone,website,source
contact@primevitalitycare.com,primevitalitycare.com,Prime Vitality Care,"semaglutide, tirzepatide and BPC-157",San Antonio,TX,(210) 876-1635,https://primevitalitycare.com/,seed_2026-09-12
contact@sundrataclinic.com,sundrataclinic.com,Sundrata Clinic,"semaglutide, tirzepatide and sermorelin",Las Vegas,NV,(702) 766-3710; (725) 335-8871,https://sundrataclinic.com/,seed_2026-09-12
contact@syraaesthetics.com,syraaesthetics.com,syraaesthetics.com,"semaglutide, BPC-157 and TB-500",New York,NY,(646) 912-8020; (900) 900-1000,https://syraaesthetics.com/,seed_2026-09-12
info@neuagehealthwellness.com,neuagehealthwellness.com,NEUAGE Health + Wellness,"semaglutide, tirzepatide and BPC-157",Kansas City,MO,(314) 260-9057,https://neuagehealthwellness.com/,seed_2026-09-12
contact@doctorscotts.com,doctorscotts.com,doctorscotts.com,"semaglutide, tirzepatide and BPC-157",Charlotte,NC,(704) 282-9355; (704) 296-0800,https://doctorscotts.com/,seed_2026-09-12
info@triawestloop.com,triawestloop.com,triawestloop.com,"semaglutide, tirzepatide and BPC-157",Chicago,IL,(312) 598-8458,https://triawestloop.com/,seed_2026-09-12
contact@regenmdwellness.com,regenmdwellness.com,RegenMD,"semaglutide, tirzepatide and BPC-157",Atlanta,GA,(470) 671-5955,https://regenmdwellness.com/,seed_2026-09-12
info@bellaluceokc.com,bellaluceokc.com,Bella Luce Med Spa,"semaglutide, tirzepatide and GLP-1s",Oklahoma City,OK,(405) 486-7450,https://bellaluceokc.com/,seed_2026-09-12
hello@belezaclinic.com,belezaclinic.com,Beleza Clinic,NAD+ and GLP-1s,Baltimore,MD,(443) 606-6761; (443) 804-2788,https://belezaclinic.com/,seed_2026-09-12
contact@glp1clinics.org,glp1clinics.org,Compare GLP,"semaglutide, tirzepatide and retatrutide",New Orleans,LA,,https://glp1clinics.org/,seed_2026-09-12
info@emboldenmedspa.com,emboldenmedspa.com,Embolden MedSpa,NAD+,Indianapolis,IN,(317) 314-1074; (317) 344-9835,https://emboldenmedspa.com/,seed_2026-09-12
info@oneagorahealth.com,oneagorahealth.com,One Agora Integrative Health Clinic,peptide therapy,Minneapolis,MN,(952) 234-5898; (952) 681-2280,https://oneagorahealth.com/,seed_2026-09-12
info@aestheticmedi.com,aestheticmedi.com,Aesthetic Medica,semaglutide,Detroit,MI,(313) 277-0300; (313) 277-4045,https://aestheticmedi.com/,seed_2026-09-12
info@trueblissmedical.com,trueblissmedical.com,trueblissmedical.com,"semaglutide, tirzepatide and NAD+",Newark,NJ,(973) 498-8908,https://trueblissmedical.com/,seed_2026-09-12
info@aliveivandwellness.com,aliveivandwellness.com,Alive IV and Wellness,semaglutide and NAD+,Portland,OR,(877) 696-6775; (971) 801-0001,https://aliveivandwellness.com/,seed_2026-09-12
info@axisstemcell.com,axisstemcell.com,axisstemcell.com,NAD+ and thymosin,Seattle,WA,(206) 823-0960; (425) 279-8990; (425) 410-4468,https://axisstemcell.com/,seed_2026-09-12
info@yofiaesthetics.com,yofiaesthetics.com,yofiaesthetics.com,"semaglutide, tirzepatide and GLP-1s",Philadelphia,PA,(267) 710-9562,https://yofiaesthetics.com/,seed_2026-09-12
katie@liv-aesthetics.com,liv-aesthetics.com,liv-aesthetics.com,"sermorelin, ipamorelin and CJC-1295",Salt Lake City,UT,(801) 559-7455; (801) 980-8893,https://liv-aesthetics.com/,seed_2026-09-12
info@peakimagemedspa.com,peakimagemedspa.com,Peak Image Med Spa,tirzepatide and GLP-1s,Boston,MA,(781) 261-6122,https://peakimagemedspa.com/,seed_2026-09-12
info@purehealthmedical.us,purehealthmedical.us,aestheticsandwellness.com,sermorelin and NAD+,,,,https://purehealthmedical.us/,seed_2026-09-12
info@drshoremedspa.com,drshoremedspa.com,drshoremedspa.com,NAD+ and GLP-1s,Washington,DC,(301) 901-7661,https://drshoremedspa.com/,seed_2026-09-12
info@dripwellnessiv.com,dripwellnessiv.com,Mobile IV Therapy,"semaglutide, tirzepatide and BPC-157",Miami,FL,(305) 209-1325,https://dripwellnessiv.com/,seed_2026-09-12
info@primeyouthaesthetics.com,primeyouthaesthetics.com,primeyouthaesthetics.com,"semaglutide, tirzepatide and BPC-157",San Jose,CA,(925) 858-4429,https://primeyouthaesthetics.com/,seed_2026-09-12
info@dailydosewellness.com,dailydosewellness.com,Daily Dose Wellness,"BPC-157, TB-500 and sermorelin",Houston,TX,(713) 510-3421; (800) 352-5267,https://dailydosewellness.com/,seed_2026-09-12
concierge@manormedspa.com,manormedspa.com,Manor Aesthetics,"semaglutide, tirzepatide and BPC-157",Phoenix,AZ,(602) 313-6888,https://manormedspa.com/,seed_2026-09-12
info@bhrcenter.com,bhrcenter.com,Beverly Hills Rejuvenation Center,"semaglutide, tirzepatide and BPC-157",Las Vegas,NV,(201) 597-0285; (210) 888-8889; (213) 376-2344,https://bhrcenter.com/,seed_2026-09-12
info@manhattanmedicalarts.com,manhattanmedicalarts.com,Manhattan Medical Arts,"BPC-157, TB-500 and ipamorelin",New York,NY,(646) 454-9000,https://manhattanmedicalarts.com/,seed_2026-09-12
info@ifeelmuchbetter.com,ifeelmuchbetter.com,Regain Functional Medicine and Aesthetics,"semaglutide, tirzepatide and NAD+",Kansas City,MO,(913) 291-8555,https://ifeelmuchbetter.com/,seed_2026-09-12
info@thrivecolorado.com,thrivecolorado.com,Thrive Health Solutions,"semaglutide, tirzepatide and BPC-157",Denver,CO,(303) 790-8446,https://thrivecolorado.com/,seed_2026-09-12
info@primemdcenter.com,primemdcenter.com,Prime MD Aesthetics,"semaglutide, tirzepatide and NAD+",Raleigh,NC,(787) 755-8849; (788) 037-9071; (788) 300-3276,https://primemdcenter.com/,seed_2026-09-12
corporatecompliance@eyesouthpartners.com,eyesouthpartners.com,OPAL Aesthetics,"semaglutide, tirzepatide and retatrutide",,,,https://eyesouthpartners.com/,seed_2026-09-12
contact@longevityok.com,longevityok.com,Longevity Medical Spa,semaglutide and NAD+,Oklahoma City,OK,(405) 607-1700; (405) 607-1701; (405) 703-4990,https://longevityok.com/,seed_2026-09-12
info@eleganceaestheticsspa.com,eleganceaestheticsspa.com,Elegance Aesthetics Med Spa,"semaglutide, tirzepatide and NAD+",Baltimore,MD,(667) 305-3134; (795) 471-4541; (802) 408-7317,https://eleganceaestheticsspa.com/,seed_2026-09-12
info@rejuvenemedspa.com,rejuvenemedspa.com,rejuvenemedspa.com,"semaglutide, tirzepatide and GLP-1s",New Orleans,LA,(504) 688-7546,https://rejuvenemedspa.com/,seed_2026-09-12
info@pureimagelaserandspa.com,pureimagelaserandspa.com,Pure Image Laser and Spa,NAD+,Indianapolis,IN,(317) 820-5288,https://pureimagelaserandspa.com/,seed_2026-09-12
info@alluremedical.com,alluremedical.com,Allure Medical,tirzepatide and GLP-1s,Detroit,MI,(800) 577-2570; (866) 611-3656; (877) 255-8734,https://alluremedical.com/,seed_2026-09-12
info@chiaesthetics.com,chiaesthetics.com,Chi Aesthetics,"semaglutide, tirzepatide and GLP-1s",Newark,NJ,(631) 315-3883,https://chiaesthetics.com/,seed_2026-09-12
info@quenbyswellnesscenter.com,quenbyswellnesscenter.com,quenbyswellnesscenter.com,NAD+,Portland,OR,(503) 303-5472,https://quenbyswellnesscenter.com/,seed_2026-09-12
edmonds@212medspa.com,212medspa.com,212medspa.com,NAD+,Seattle,WA,(425) 400-7420,https://212medspa.com/,seed_2026-09-12
noelle@ndamedicalspa.com,ndamedicalspa.com,NDA Medical Spa,NAD+ and GLP-1s,Philadelphia,PA,(609) 997-2639,https://ndamedicalspa.com/,seed_2026-09-12
info@thevitaminbariv.com,thevitaminbariv.com,The Vitamin Bar,"semaglutide, NAD+ and GLP-1s",Salt Lake City,UT,(208) 330-6167; (312) 826-1191; (435) 659-4914,https://thevitaminbariv.com/,seed_2026-09-12
info@vegavitality.com,vegavitality.com,Vega Vitality,NAD+,Boston,MA,(617) 658-3421; (919) 377-2054,https://vegavitality.com/,seed_2026-09-12
info@theluxemedspaua.com,theluxemedspaua.com,theluxemedicalspa.com,sermorelin and GLP-1s,,,,https://theluxemedspaua.com/,seed_2026-09-12
tracy@ritualbyth.com,ritualbyth.com,Ritual by Tracy Holzman NP,NAD+ and GLP-1s,Washington,DC,(202) 844-2655,https://ritualbyth.com/,seed_2026-09-12
medspa@modelcitizenfl.com,modelcitizenfl.com,Model Citizen Medspa,"semaglutide, tirzepatide and BPC-157",Fort Lauderdale,FL,(954) 533-2561,https://modelcitizenfl.com/,seed_2026-09-12
info@nimawellness.com,nimawellness.com,NIMA Wellness,"semaglutide, tirzepatide and retatrutide",Newport Beach,CA,(949) 763-9255,https://nimawellness.com/,seed_2026-09-12
support@ohvitality.com,ohvitality.com,San Antonio Weight Loss,"semaglutide, tirzepatide and BPC-157",San Antonio,TX,(210) 915-2334,https://ohvitality.com/,seed_2026-09-12
hello@vitasanacenter.com,vitasanacenter.com,Vita Sana Medical Center,"semaglutide, tirzepatide and retatrutide",Scottsdale,AZ,(480) 579-5290; (623) 343-6452,https://vitasanacenter.com/,seed_2026-09-12
hello@longlifemed.com,longlifemed.com,Long Life Med,"semaglutide, tirzepatide and BPC-157",Henderson,NV,(702) 359-4510,https://longlifemed.com/,seed_2026-09-12
info@stayageless.net,stayageless.net,Stay Ageless Clinic,"semaglutide, tirzepatide and BPC-157",Long Island,NY,(407) 673-2222; (407) 930-0512; (516) 924-4153,https://stayageless.net/,seed_2026-09-12
regen@regeniwc.com,regeniwc.com,Regen Integrative Wellness Clinic,"semaglutide, tirzepatide and BPC-157",Kansas City,MO,(816) 982-5505,https://regeniwc.com/,seed_2026-09-12
info@kaufmanhealthandhormonecenter.com,kaufmanhealthandhormonecenter.com,kaufmanhealthandhormonecenter.com,"semaglutide, tirzepatide and BPC-157",Boulder,CO,(720) 639-2736; (720) 639-2764,https://kaufmanhealthandhormonecenter.com/,seed_2026-09-12
info@skindulgencemedspa.com,skindulgencemedspa.com,Skindulgence Medspa,"semaglutide, tirzepatide and NAD+",Charlotte,NC,(704) 516-0024,https://skindulgencemedspa.com/,seed_2026-09-12
info@acceleratedaesthetics.com,acceleratedaesthetics.com,Accelerated Aesthetics,"semaglutide, tirzepatide and NAD+",Chicago,IL,(630) 439-7540,https://acceleratedaesthetics.com/,seed_2026-09-12
info@balancedaestheticsmedspa.com,balancedaestheticsmedspa.com,Balanced Aesthetics + Wellness,"semaglutide, tirzepatide and NAD+",Atlanta,GA,(470) 226-2390,https://balancedaestheticsmedspa.com/,seed_2026-09-12
info@reviveokc.com,reviveokc.com,Revive Clinic,GLP-1s,Oklahoma City,OK,(405) 237-3799; (405) 703-8882,https://reviveokc.com/,seed_2026-09-12
info@npocwellness.com,npocwellness.com,npocwellness.com,NAD+ and GLP-1s,Baltimore,MD,(240) 673-2830; (410) 246-4768; (855) 651-0586,https://npocwellness.com/,seed_2026-09-12
info@oakhousemedspa.com,oakhousemedspa.com,oakhousemedspa.com,GLP-1s,New Orleans,LA,(504) 222-2995; (504) 399-4038,https://oakhousemedspa.com/,seed_2026-09-12
guestservices@simplyskinmedspa.com,simplyskinmedspa.com,SimplySkin,"semaglutide, tirzepatide and NAD+",Indianapolis,IN,(317) 576-1114; (317) 602-6332; (317) 676-6179,https://simplyskinmedspa.com/,seed_2026-09-12
frontdesk@ahvhealth.com,ahvhealth.com,Advanced Health and Vitality Center,NAD+,,,,https://ahvhealth.com/,seed_2026-09-12
info@ibeautymedical.com,ibeautymedical.com,iBeauty Med Spa,peptide therapy,Detroit,MI,(248) 719-7271; (419) 370-0470; (419) 720-6839,https://ibeautymedical.com/,seed_2026-09-12
info@novawellnessnj.com,novawellnessnj.com,Nova Wellness NJ,NAD+,Newark,NJ,(973) 441-1324; (973) 909-7400,https://novawellnessnj.com/,seed_2026-09-12
support@mettawellnessnw.com,mettawellnessnw.com,Metta Wellness NW,NAD+,Portland,OR,(509) 255-3527; (509) 639-3394; (509) 639-3398,https://mettawellnessnw.com/,seed_2026-09-12
team@latofonts.com,latofonts.com,Vadara,sermorelin and NAD+,,,,https://latofonts.com/,seed_2026-09-12
info@serenityawmedspa.com,serenityawmedspa.com,Serenity Aesthetics and Wellness,NAD+,Philadelphia,PA,(215) 278-6638,https://serenityawmedspa.com/,seed_2026-09-12
info@modernslc.com,modernslc.com,modernslc.com,NAD+ and GLP-1s,Salt Lake City,UT,(801) 405-9634; (801) 516-8884,https://modernslc.com/,seed_2026-09-12
info@shahmedspa.com,shahmedspa.com,shahmedspa.com,peptide therapy,Boston,MA,(617) 380-3770,https://shahmedspa.com/,seed_2026-09-12
ocrmail@hhs.gov,hhs.gov,Ohio Men's Health,"semaglutide, sermorelin and GLP-1s",,,,https://hhs.gov/,seed_2026-09-12
evexia@evexiamedspa.com,evexiamedspa.com,Evexia Medspa,peptide therapy,Washington,DC,(571) 556-4841,https://evexiamedspa.com/,seed_2026-09-12
hello@purehydrationspa.com,purehydrationspa.com,purehydrationspa.com,"BPC-157, TB-500 and sermorelin",Jacksonville,FL,(904) 337-0746; (904) 372-4401,https://purehydrationspa.com/,seed_2026-09-12
drshadi@drshadimedspa.com,drshadimedspa.com,Dr. Shadi Concierge MedSpa,"semaglutide, tirzepatide and retatrutide",Newport Beach,CA,(714) 600-2262,https://drshadimedspa.com/,seed_2026-09-12
info@kumimedspa.com,kumimedspa.com,Kumi Med Spa,"retatrutide, BPC-157 and TB-500",Houston,TX,(281) 206-7570; (346) 577-3008; (832) 225-6516,https://kumimedspa.com/,seed_2026-09-12
marta@elevatemedgroup.com,elevatemedgroup.com,Elevate Medical Group,"semaglutide, tirzepatide and retatrutide",Henderson,NV,(702) 800-5695,https://elevatemedgroup.com/,seed_2026-09-12
info@weisswellnessnyc.com,weisswellnessnyc.com,Weiss Wellness + Beauty,"semaglutide, tirzepatide and BPC-157",New York,NY,(212) 752-6774,https://weisswellnessnyc.com/,seed_2026-09-12
info@kcmedicalwc.com,kcmedicalwc.com,KC Wellness Center,"semaglutide, tirzepatide and retatrutide",Kansas City,MO,(816) 214-5276,https://kcmedicalwc.com/,seed_2026-09-12
functionalmed@thehealingcollective.us,thehealingcollective.us,thehealingcollective.us,"semaglutide, tirzepatide and BPC-157",Boulder,CO,(720) 572-5236,https://thehealingcollective.us/,seed_2026-09-12
info@carolinahealthspan.com,carolinahealthspan.com,Carolina HealthSpan Institute,"semaglutide, tirzepatide and GLP-1s",Charlotte,NC,(704) 333-4817,https://carolinahealthspan.com/,seed_2026-09-12
bgibes@fulcrumaesthetics.com,fulcrumaesthetics.com,fulcrumaesthetics.com,"BPC-157, sermorelin and NAD+",Chicago,IL,(773) 219-6989; (773) 598-7003; (773) 799-8664,https://fulcrumaesthetics.com/,seed_2026-09-12
info@ecobelmedspa.com,ecobelmedspa.com,Ecobel Med Spa,"semaglutide, tirzepatide and BPC-157",Atlanta,GA,(404) 960-0812; (470) 670-0450,https://ecobelmedspa.com/,seed_2026-09-12
bortega@broadwayclinic.com,broadwayclinic.com,The Broadway Clinic,"semaglutide, tirzepatide and GLP-1s",Oklahoma City,OK,(212) 555-0110; (405) 528-1936,https://broadwayclinic.com/,seed_2026-09-12
info@optihealthinstitutemd.com,optihealthinstitutemd.com,OptiHealth Institute,NAD+,Baltimore,MD,(443) 407-8577; (443) 707-2202; (443) 707-2204,https://optihealthinstitutemd.com/,seed_2026-09-12
info@myviphealth.com,myviphealth.com,Concierge Care,"semaglutide, NAD+ and GLP-1s",,,,https://myviphealth.com/,seed_2026-09-12
info@somaviewellness.com,somaviewellness.com,somaviewellness.com,NAD+,Indianapolis,IN,(317) 268-5832; (317) 455-8540,https://somaviewellness.com/,seed_2026-09-12
kzuliani@zulianimd.com,zulianimd.com,Zuliani Facial Aesthetics,NAD+ and GLP-1s,Detroit,MI,(248) 322-3362; (248) 332-3362; (248) 975-7356,https://zulianimd.com/,seed_2026-09-12
sp@hlmedspa.com,hlmedspa.com,HL Med Spa,NAD+ and GLP-1s,Newark,NJ,(973) 351-4645,https://hlmedspa.com/,seed_2026-09-12
info@multnomahortho.com,multnomahortho.com,Ortho,peptide therapy,,,,https://multnomahortho.com/,seed_2026-09-12
clinic@cocofinn.com,cocofinn.com,cocoaesthetique.com,CJC-1295,,,,https://cocofinn.com/,seed_2026-09-12
info@falconecenter.com,falconecenter.com,The Falcone Center,"semaglutide, tirzepatide and GLP-1s",,,,https://falconecenter.com/,seed_2026-09-12
info@imagomedicalspa.com,imagomedicalspa.com,Imago Medical Spa,NAD+,Salt Lake City,UT,(385) 388-8600; (480) 626-4366; (801) 295-3439,https://imagomedicalspa.com/,seed_2026-09-12
pauls@newenglandaesthetics.com,newenglandaesthetics.com,newenglandaesthetics.com,GLP-1s,Boston,MA,(857) 226-9900,https://newenglandaesthetics.com/,seed_2026-09-12
info@veincentertampa.com,veincentertampa.com,veincentertampa.com,"semaglutide, BPC-157 and sermorelin",Tampa,FL,(813) 282-0223; (813) 336-5057; (813) 358-1312,https://veincentertampa.com/,seed_2026-09-12
support@b12love.com,b12love.com,b12love.com,"semaglutide, BPC-157 and TB-500",San Francisco,CA,(415) 580-0033,https://b12love.com/,seed_2026-09-12
contact@gracemedspaaustin.com,gracemedspaaustin.com,gracemedspaaustin.com,"semaglutide, tirzepatide and BPC-157",Austin,TX,(512) 229-9169,https://gracemedspaaustin.com/,seed_2026-09-12
info@wilsonmdaesthetics.com,wilsonmdaesthetics.com,wilsonmdaesthetics.com,"semaglutide, tirzepatide and NAD+",Scottsdale,AZ,(480) 757-7105,https://wilsonmdaesthetics.com/,seed_2026-09-12
admin@elevatehealthnv.com,elevatehealthnv.com,elevatehealthnv.com,"semaglutide, tirzepatide and BPC-157",Reno,NV,(775) 430-1207,https://elevatehealthnv.com/,seed_2026-09-12
info@atlasmenshealthny.com,atlasmenshealthny.com,Atlas Men's Health,"semaglutide, tirzepatide and sermorelin",,,,https://atlasmenshealthny.com/,seed_2026-09-12
info@4everyoungstl.com,4everyoungstl.com,4everyoungstl.com,semaglutide and GLP-1s,St. Louis,MO,(314) 330-8117,https://4everyoungstl.com/,seed_2026-09-12
annette@medspasboulder.com,medspasboulder.com,Med Spas Near Boulder,"semaglutide, BPC-157 and sermorelin",Boulder,CO,(720) 222-0224; (720) 680-6748,https://medspasboulder.com/,seed_2026-09-12
hello@medspaclt.com,medspaclt.com,medspaclt.com,"semaglutide, tirzepatide and GLP-1s",Charlotte,NC,(704) 270-8537,https://medspaclt.com/,seed_2026-09-12
info@chicagoaesthetics.com,chicagoaesthetics.com,chicagoaesthetics.com,"BPC-157, sermorelin and NAD+",Chicago,IL,(312) 846-1629,https://chicagoaesthetics.com/,seed_2026-09-12
info@celltechmd.com,celltechmd.com,Cell Tech MD,NAD+ and GLP-1s,Atlanta,GA,(404) 393-7874; (470) 552-1770; (833) 423-5563,https://celltechmd.com/,seed_2026-09-12
info@wheelermedspa.com,wheelermedspa.com,Wheeler Med Spa,sermorelin and NAD+,Oklahoma City,OK,(405) 464-1655,https://wheelermedspa.com/,seed_2026-09-12
hello@thebodybarmd.com,thebodybarmd.com,The Body Bar MD,"semaglutide, tirzepatide and GLP-1s",Baltimore,MD,(443) 355-0777,https://thebodybarmd.com/,seed_2026-09-12
admin@vive-iv.com,vive-iv.com,vIVe Hydration Therapy,NAD+ and PT-141,,,,https://vive-iv.com/,seed_2026-09-12
drip@vitalityivbar.com,vitalityivbar.com,vitalityivbar.com,"semaglutide, NAD+ and GLP-1s",Indianapolis,IN,(317) 419-3749,https://vitalityivbar.com/,seed_2026-09-12
contact@meccamedical.com,meccamedical.com,Mecca Spa NJ,semaglutide and tirzepatide,,,,https://meccamedical.com/,seed_2026-09-12
info@soleilmedicalspa.com,soleilmedicalspa.com,soleilmedicalspapdx.com,NAD+,,,,https://soleilmedicalspa.com/,seed_2026-09-12
info@regwellness.com,regwellness.com,Regenerative Wellness Center,GLP-1s,Salt Lake City,UT,(801) 797-5901; (801) 797-5906,https://regwellness.com/,seed_2026-09-12
info@ammaaesthetics.com,ammaaesthetics.com,AMMA Aesthetics,"tirzepatide, BPC-157 and TB-500",Miami,FL,(786) 558-4239,https://ammaaesthetics.com/,seed_2026-09-12
info@charliechenmd.com,charliechenmd.com,charliechenmd.com,"semaglutide, tirzepatide and BPC-157",San Diego,CA,(260) 818-3072; (858) 255-1538,https://charliechenmd.com/,seed_2026-09-12
info@victoryrejuvenate.com,victoryrejuvenate.com,victoryrejuvenate.com,"BPC-157, sermorelin and ipamorelin",Austin,TX,(512) 969-6900,https://victoryrejuvenate.com/,seed_2026-09-12
info@suddenlyslimmer.com,suddenlyslimmer.com,Suddenly Slimmer Med Spa,"semaglutide, tirzepatide and sermorelin",Phoenix,AZ,(602) 952-8446,https://suddenlyslimmer.com/,seed_2026-09-12
support@gamedaymenshealth.com,gamedaymenshealth.com,gamedaymenshealth.com,"semaglutide, tirzepatide and sermorelin",Henderson,NV,(455) 472-1809; (800) 525-9473; (800) 778-7879,https://gamedaymenshealth.com/,seed_2026-09-12
wellness@goalbmi.com,goalbmi.com,GoalBMI Wellness,"semaglutide, tirzepatide and retatrutide",,,,https://goalbmi.com/,seed_2026-09-12
info@illumemedspa.com,illumemedspa.com,illumemedspa.com,"semaglutide, tirzepatide and NAD+",Kansas City,MO,(816) 214-5260,https://illumemedspa.com/,seed_2026-09-12
info@awakeniv.com,awakeniv.com,Awaken IV,"semaglutide, tirzepatide and NAD+",Boulder,CO,(720) 964-2402,https://awakeniv.com/,seed_2026-09-12
hello@ilumraskin.com,ilumraskin.com,ILŪMRA Skin,NAD+ and GHK-Cu,Raleigh,NC,(919) 503-4361,https://ilumraskin.com/,seed_2026-09-12
info@skinbarandstudio.com,skinbarandstudio.com,skinbarandstudio.com,NAD+,Chicago,IL,(708) 232-3731; (708) 539-8356,https://skinbarandstudio.com/,seed_2026-09-12
info@mcimatlanta.com,mcimatlanta.com,Medical Creations Integrative Medicine,"semaglutide, tirzepatide and GLP-1s",Atlanta,GA,(404) 291-0022; (678) 264-8697; (678) 732-9065,https://mcimatlanta.com/,seed_2026-09-12
info@renewoklahoma.com,renewoklahoma.com,renewoklahoma.com,GLP-1s,Oklahoma City,OK,(405) 810-5944,https://renewoklahoma.com/,seed_2026-09-12
info@good-to-glow.com,good-to-glow.com,good-to-glow.com,peptide therapy,Baltimore,MD,(443) 420-8700,https://good-to-glow.com/,seed_2026-09-12
info@premierweightlossindy.com,premierweightlossindy.com,Premier Weight Loss,"semaglutide, tirzepatide and GLP-1s",,,,https://premierweightlossindy.com/,seed_2026-09-12
info@healthyglowmedspa.com,healthyglowmedspa.com,healthyglowmedspa.com,"semaglutide, tirzepatide and BPC-157",Orlando,FL,(407) 537-9907,https://healthyglowmedspa.com/,seed_2026-09-12
help@beverlyhillsconciergedoctor.com,beverlyhillsconciergedoctor.com,beverlyhillsconciergedoctor.com,"semaglutide, tirzepatide and retatrutide",Los Angeles,CA,(310) 683-0180; (310) 683-0932; (323) 831-1998,https://beverlyhillsconciergedoctor.com/,seed_2026-09-12
info@lavieenrainey.com,lavieenrainey.com,LVS Med Spas,"semaglutide, tirzepatide and BPC-157",,,,https://lavieenrainey.com/,seed_2026-09-12
info@thewellmedspa.com,thewellmedspa.com,The Well Med Spa,"semaglutide, tirzepatide and NAD+",Scottsdale,AZ,(480) 999-9355,https://thewellmedspa.com/,seed_2026-09-12
contactus@bodybalancemedical.com,bodybalancemedical.com,Body Balance Medical,"semaglutide, tirzepatide and sermorelin",Las Vegas,NV,(702) 417-1261,https://bodybalancemedical.com/,seed_2026-09-12
info@heavenlyhydrationli.com,heavenlyhydrationli.com,Heavenly Hydration Medical Spa,"semaglutide, tirzepatide and sermorelin",Long Island,NY,(631) 655-8920,https://heavenlyhydrationli.com/,seed_2026-09-12
hello@edenwellnesskc.com,edenwellnesskc.com,Medical Spa Kansas City,"semaglutide, tirzepatide and GLP-1s",Kansas City,MO,(816) 482-9000,https://edenwellnesskc.com/,seed_2026-09-12
hello@boulderskinbar.com,boulderskinbar.com,Boulder Skin Bar,"semaglutide, tirzepatide and GLP-1s",Boulder,CO,(303) 901-1867,https://boulderskinbar.com/,seed_2026-09-12
info@medishspa.com,medishspa.com,Medish Spa,"semaglutide, tirzepatide and NAD+",Charlotte,NC,(704) 910-5865; (980) 254-8565,https://medishspa.com/,seed_2026-09-12
drmick@elysiumchicago.com,elysiumchicago.com,Elysium Aesthetics + Longevity Chicago,"sermorelin, NAD+ and GLP-1s",Chicago,IL,(312) 888-9361,https://elysiumchicago.com/,seed_2026-09-12
info@skinsocialspa.com,skinsocialspa.com,Skin Social Med Spa,"tirzepatide, NAD+ and GLP-1s",Atlanta,GA,(470) 823-7842,https://skinsocialspa.com/,seed_2026-09-12
info@louloumedspa.com,louloumedspa.com,louloumedspa.com,peptide therapy,Oklahoma City,OK,(405) 774-1989,https://louloumedspa.com/,seed_2026-09-12
admin@raeaesthetic.com,raeaesthetic.com,raeaesthetic.com,"semaglutide, tirzepatide and NAD+",Baltimore,MD,(443) 300-7571; (971) 204-2033,https://raeaesthetic.com/,seed_2026-09-12
reception@wholefamilyhealthcare.com,wholefamilyhealthcare.com,Integrative Medicine Orlando,"BPC-157, TB-500 and sermorelin",Orlando,FL,(407) 644-2990; (407) 833-6300,https://wholefamilyhealthcare.com/,seed_2026-09-12
info@universitytotalwellness.com,universitytotalwellness.com,University Total Wellness,"semaglutide, tirzepatide and sermorelin",Sacramento,CA,(916) 426-7385,https://universitytotalwellness.com/,seed_2026-09-12
info@lechloemedspa.com,lechloemedspa.com,Le Chloe Med Spa,"semaglutide, tirzepatide and retatrutide",Houston,TX,(281) 394-0370,https://lechloemedspa.com/,seed_2026-09-12
admin@azivvitality.com,azivvitality.com,AZ Vitality and Wellness ›,"BPC-157, TB-500 and sermorelin",,,,https://azivvitality.com/,seed_2026-09-12
info@bproyalmedspa.com,bproyalmedspa.com,BP Royal Medspa,"semaglutide, tirzepatide and NAD+",Henderson,NV,(702) 899-7100,https://bproyalmedspa.com/,seed_2026-09-12
info@skinlyaesthetics.com,skinlyaesthetics.com,Skinly Aesthetics,"semaglutide, tirzepatide and NAD+",New York,NY,(212) 774-4264,https://skinlyaesthetics.com/,seed_2026-09-12
info@orchidaestheticskc.com,orchidaestheticskc.com,Orchid Aesthetics,"semaglutide, BPC-157 and sermorelin",Kansas City,MO,(816) 325-3132,https://orchidaestheticskc.com/,seed_2026-09-12
info@helleniclaserspa.com,helleniclaserspa.com,helleniclaserspa.com,"semaglutide, tirzepatide and GLP-1s",Denver,CO,(303) 366-3222,https://helleniclaserspa.com/,seed_2026-09-12
info@trilliumclinic.com,trilliumclinic.com,Trillium Clinic,"semaglutide, tirzepatide and GLP-1s",Raleigh,NC,(919) 710-8100; (919) 747-3999; (919) 823-5681,https://trilliumclinic.com/,seed_2026-09-12
hello@shotbar.net,shotbar.net,Shot Bar MedSpa,GLP-1s,Chicago,IL,(773) 948-9222; (872) 273-6273,https://shotbar.net/,seed_2026-09-12
drbindiyamd@reviveatlantamd.com,reviveatlantamd.com,Revive Atlanta MD,"semaglutide, tirzepatide and ipamorelin",,,,https://reviveatlantamd.com/,seed_2026-09-12
frontdesk@elysianokc.com,elysianokc.com,Elysian Wellness and Aesthetics,GLP-1s,,,,https://elysianokc.com/,seed_2026-09-12
info@plenitudemedspa.com,plenitudemedspa.com,Plenitude Med Spa,"semaglutide, tirzepatide and BPC-157",Miami,FL,(786) 400-1615,https://plenitudemedspa.com/,seed_2026-09-12
info@bluelinewellnessgroup.org,bluelinewellnessgroup.org,Blueline Wellness,"semaglutide, BPC-157 and TB-500",Newport Beach,CA,(714) 200-8406,https://bluelinewellnessgroup.org/,seed_2026-09-12
info@peakhealthtexas.com,peakhealthtexas.com,Peak Health and Aesthetics,"BPC-157, sermorelin and ipamorelin",Houston,TX,(346) 553-2940; (713) 936-9750,https://peakhealthtexas.com/,seed_2026-09-12
hello@duchessmedspa.com,duchessmedspa.com,Duchess,"semaglutide, tirzepatide and GLP-1s",Scottsdale,AZ,(480) 725-7430,https://duchessmedspa.com/,seed_2026-09-12
info@lvcmed.com,lvcmed.com,LVC Medical Las Vegas,"semaglutide, tirzepatide and NAD+",Las Vegas,NV,(702) 602-5030; (775) 418-5902,https://lvcmed.com/,seed_2026-09-12
info@glowwellnesscare.com,glowwellnesscare.com,Glow Wellness Care,"semaglutide, NAD+ and GLP-1s",Long Island,NY,(516) 665-1476,https://glowwellnesscare.com/,seed_2026-09-12
info@apstlmedspa.com,apstlmedspa.com,AP STL MedSpa,"semaglutide, tirzepatide and GLP-1s",St. Louis,MO,(314) 492-3067,https://apstlmedspa.com/,seed_2026-09-12
info@denverregenerativemedicine.com,denverregenerativemedicine.com,Robot Challenge Screen,"semaglutide, tirzepatide and GLP-1s",Denver,CO,(719) 781-3434; (720) 583-1648; (720) 802-5774,https://denverregenerativemedicine.com/,seed_2026-09-12
info@themodernaesthetic.co,themodernaesthetic.co,The Modern Aesthetic,"semaglutide, tirzepatide and GLP-1s",Charlotte,NC,(704) 291-1568,https://themodernaesthetic.co/,seed_2026-09-12
info@oldtownmedspa.com,oldtownmedspa.com,Old Town Med Spa,semaglutide and tirzepatide,Chicago,IL,(312) 882-0700,https://oldtownmedspa.com/,seed_2026-09-12
info@4everyoungfortmyers.com,4everyoungfortmyers.com,4everyoungantiaging.com,"semaglutide, tirzepatide and GLP-1s",,,,https://4everyoungfortmyers.com/,seed_2026-09-12
info@choiceonemedspa.com,choiceonemedspa.com,Choice One MedSpa,"semaglutide, tirzepatide and BPC-157",Orlando,FL,(407) 505-9909,https://choiceonemedspa.com/,seed_2026-09-12
admin@doctorrahi.com,doctorrahi.com,Dr Rahi,"semaglutide, BPC-157 and ipamorelin",Beverly Hills,CA,(310) 819-0769,https://doctorrahi.com/,seed_2026-09-12
info@antiageinstitute.com,antiageinstitute.com,Antiage Institute,"BPC-157, TB-500 and sermorelin",Houston,TX,(713) 807-1000,https://antiageinstitute.com/,seed_2026-09-12
admin@mmspatucson.net,mmspatucson.net,mmspatucson.com,"BPC-157, TB-500 and sermorelin",,,,https://mmspatucson.net/,seed_2026-09-12
us@brightyoulv.com,brightyoulv.com,brightyoulv.com,"semaglutide, tirzepatide and sermorelin",Las Vegas,NV,(702) 208-3626,https://brightyoulv.com/,seed_2026-09-12
info@mdface.com,mdface.com,Pearlman Aesthetic Surgery,BPC-157 and TB-500,New York,NY,(212) 223-8300; (212) 223-9288; (212) 288-0700,https://mdface.com/,seed_2026-09-12
info@mantalityhealth.com,mantalityhealth.com,Mantality Health,NAD+,St. Louis,MO,(262) 599-6402; (314) 254-2400; (314) 931-3113,https://mantalityhealth.com/,seed_2026-09-12
austin@aliveandwell.health,aliveandwell.health,Alive and Well,"semaglutide, tirzepatide and GLP-1s",Boulder,CO,(214) 919-0444; (512) 580-5775; (737) 637-3988,https://aliveandwell.health/,seed_2026-09-12
info@blueskymd.com,blueskymd.com,Blue Sky MD,tirzepatide and GLP-1s,Charlotte,NC,(336) 245-9521; (336) 252-3993; (704) 444-0170,https://blueskymd.com/,seed_2026-09-12
info@reflectionschicagomedspa.com,reflectionschicagomedspa.com,Reflections Med Spa,"semaglutide, tirzepatide and NAD+",,,,https://reflectionschicagomedspa.com/,seed_2026-09-12
bella@bellamedspaatl.com,bellamedspaatl.com,Bella Medspa,peptide therapy,Atlanta,GA,(470) 282-0397; (678) 908-3491,https://bellamedspaatl.com/,seed_2026-09-12
paul@peptidesandhormones.com,peptidesandhormones.com,Juvenis Medical,"semaglutide, tirzepatide and BPC-157",Fort Lauderdale,FL,(954) 982-8378,https://peptidesandhormones.com/,seed_2026-09-12
contact@beyondnewport.com,beyondnewport.com,beyondnewport.com,"semaglutide, tirzepatide and BPC-157",Newport Beach,CA,(949) 270-6789,https://beyondnewport.com/,seed_2026-09-12
allen@just-wellness.com,just-wellness.com,Just Wellness,"semaglutide, tirzepatide and BPC-157",Dallas,TX,(817) 733-0116,https://just-wellness.com/,seed_2026-09-12
info@moonvalleymedspa.com,moonvalleymedspa.com,Moon Valley Med Spa,"semaglutide, tirzepatide and GLP-1s",Phoenix,AZ,(602) 391-8889,https://moonvalleymedspa.com/,seed_2026-09-12
info@ritualrenonv.com,ritualrenonv.com,Ritual Aesthetics and Wellness,NAD+ and GLP-1s,Reno,NV,(775) 221-7171,https://ritualrenonv.com/,seed_2026-09-12
info@perfectmedspa.com,perfectmedspa.com,Perfect MedSpa,NAD+ and GLP-1s,New York,NY,(212) 901-0656; (516) 636-5758,https://perfectmedspa.com/,seed_2026-09-12
contact@theshinespa.com,theshinespa.com,The Shine Spa,"semaglutide, tirzepatide and GLP-1s",St. Louis,MO,(314) 499-7199; (314) 560-9030,https://theshinespa.com/,seed_2026-09-12
info@getbodylase.com,getbodylase.com,BodyLase® Med Spa,semaglutide and GLP-1s,Raleigh,NC,(919) 299-0526; (919) 359-1741; (919) 480-8003,https://getbodylase.com/,seed_2026-09-12
care@expressmedspas.com,expressmedspas.com,Express Med Spa,NAD+ and GLP-1s,Chicago,IL,(708) 840-8443; (708) 847-0872; (866) 353-3017,https://expressmedspas.com/,seed_2026-09-12
matt@cmspainrehab.com,cmspainrehab.com,Atlanta Medical Institute,"semaglutide, tirzepatide and GLP-1s",,,,https://cmspainrehab.com/,seed_2026-09-12
mary@newtampawellness.net,newtampawellness.net,Wesley Chapel Med Spa,"semaglutide, tirzepatide and BPC-157",Tampa,FL,(813) 778-7830,https://newtampawellness.net/,seed_2026-09-12
ray@thegoswamiclinic.com,thegoswamiclinic.com,The Goswami Clinic,"retatrutide, BPC-157 and TB-500",Newport Beach,CA,(949) 284-1823; (949) 734-9696,https://thegoswamiclinic.com/,seed_2026-09-12
info@privemedical.com,privemedical.com,Privé Aesthetics,"semaglutide, tirzepatide and BPC-157",Dallas,TX,(817) 739-6640,https://privemedical.com/,seed_2026-09-12
contact@regeninfusions.com,regeninfusions.com,regeninfusions.com,"semaglutide, tirzepatide and GLP-1s",Phoenix,AZ,(480) 341-5174; (480) 781-4524,https://regeninfusions.com/,seed_2026-09-12
support@xenahealthlv.com,xenahealthlv.com,Xena Health,"semaglutide, tirzepatide and GLP-1s",Henderson,NV,(702) 840-3327,https://xenahealthlv.com/,seed_2026-09-12
chappaqua@youtherapymedspa.com,youtherapymedspa.com,Youtherapy MedSpa,"semaglutide, tirzepatide and GLP-1s",New York,NY,(212) 253-7138; (212) 257-9873; (914) 574-2709,https://youtherapymedspa.com/,seed_2026-09-12
info@karmabeautyandwellness.com,karmabeautyandwellness.com,karmabeautyandwellness.com,peptide therapy,Kansas City,MO,(555) 555-5555; (816) 434-5108; (913) 912-1001,https://karmabeautyandwellness.com/,seed_2026-09-12
hello@thecliniccompass.com,thecliniccompass.com,ClinicCompass,"semaglutide, tirzepatide and GLP-1s",Boulder,CO,,https://thecliniccompass.com/,seed_2026-09-12
info@nudermahealth.com,nudermahealth.com,nudermahealth.com,semaglutide and tirzepatide,Raleigh,NC,(919) 867-4455; (984) 867-2224,https://nudermahealth.com/,seed_2026-09-12
info-miami@newimageworks.com,newimageworks.com,newimageworks.com,semaglutide and tirzepatide,Chicago,IL,(224) 432-5803; (224) 462-5803; (312) 638-4979,https://newimageworks.com/,seed_2026-09-12
info@sorcehealth.com,sorcehealth.com,SÖRCE Health,"semaglutide, tirzepatide and retatrutide",,,,https://sorcehealth.com/,seed_2026-09-12
carly@babyfacebeautywellness.com,babyfacebeautywellness.com,Baby Face Beauty Wellness,"semaglutide, tirzepatide and BPC-157",Newport Beach,CA,(949) 228-9308,https://babyfacebeautywellness.com/,seed_2026-09-12
frontdesk@dallasfamilymedicine.com,dallasfamilymedicine.com,Dallas Family Medicine,"semaglutide, tirzepatide and BPC-157",Dallas,TX,(214) 349-4909; (214) 349-4973; (469) 320-9313,https://dallasfamilymedicine.com/,seed_2026-09-12
info@salonrituel.com,salonrituel.com,salonrituel.com,"semaglutide, tirzepatide and tesamorelin",Phoenix,AZ,(602) 932-2748,https://salonrituel.com/,seed_2026-09-12
hello@iuventusmedical.com,iuventusmedical.com,IUVENTUS MEDICAL CENTER,"semaglutide, tirzepatide and sermorelin",,,,https://iuventusmedical.com/,seed_2026-09-12
yourskinspecialist@greenwichmedicalspa.com,greenwichmedicalspa.com,Greenwich Medical Spa,"semaglutide, NAD+ and GLP-1s",New York,NY,(203) 557-6334; (203) 637-0662; (203) 689-8772,https://greenwichmedicalspa.com/,seed_2026-09-12
info2@stlouisskin.com,stlouisskin.com,Med Spa St. Louis,NAD+ and GLP-1s,St. Louis,MO,(314) 394-3915; (314) 485-7845; (636) 748-4628,https://stlouisskin.com/,seed_2026-09-12
info@testosterone-replacement-clinics.com,testosterone-replacement-clinics.com,peptide-injections-boulder-co.testosterone-replacement-clinics.com,"semaglutide, BPC-157 and sermorelin",,,,https://testosterone-replacement-clinics.com/,seed_2026-09-12
lamiel@lamielaesthetics.com,lamielaesthetics.com,La Miel Aesthetics,"semaglutide, tirzepatide and GLP-1s",Raleigh,NC,(919) 887-8666,https://lamielaesthetics.com/,seed_2026-09-12
info@alumawellness.com,alumawellness.com,ALUMA Wellness,"semaglutide, tirzepatide and sermorelin",Orlando,FL,(407) 395-4699; (407) 910-1028,https://alumawellness.com/,seed_2026-09-12
info@cainfusioncenters.com,cainfusioncenters.com,California Infusion Centers,"BPC-157, NAD+ and PT-141",Los Angeles,CA,(626) 538-4270; (626) 628-3623,https://cainfusioncenters.com/,seed_2026-09-12
info@austinmdclinic.com,austinmdclinic.com,austinmdclinic.com,"BPC-157, TB-500 and ipamorelin",Austin,TX,(512) 593-5605; (798) 023-0065,https://austinmdclinic.com/,seed_2026-09-12
info@bespokebeautyusa.com,bespokebeautyusa.com,Anti,NAD+ and GLP-1s,Tucson,AZ,(520) 989-3174,https://bespokebeautyusa.com/,seed_2026-09-12
info@skinandtonic702.com,skinandtonic702.com,Skin + Tonic,peptide therapy,Henderson,NV,(702) 854-6654,https://skinandtonic702.com/,seed_2026-09-12
support@medspastandards.com,medspastandards.com,medspastandards.com,"semaglutide, tirzepatide and NAD+",New York,NY,,https://medspastandards.com/,seed_2026-09-12
compliance@moov.health,moov.health,MOOV Health,NAD+ and GLP-1s,St. Louis,MO,(209) 484-0112; (800) 600-6339; (855) 550-0007,https://moov.health/,seed_2026-09-12
service@redbudmedicalspa.com,redbudmedicalspa.com,Redbud Medical Spa,"semaglutide, tirzepatide and GLP-1s",Denver,CO,(720) 593-8844,https://redbudmedicalspa.com/,seed_2026-09-12
manager@prejuvespa.com,prejuvespa.com,prejuvespa.com,"semaglutide, tirzepatide and GLP-1s",Raleigh,NC,(919) 386-3533,https://prejuvespa.com/,seed_2026-09-12
info@arvivaesthetics.com,arvivaesthetics.com,Arviv Medical Aesthetics,"BPC-157, TB-500 and sermorelin",Miami,FL,(813) 855-0111,https://arvivaesthetics.com/,seed_2026-09-12
info@joywellnesspartners.com,joywellnesspartners.com,Joy Wellness Partners,"semaglutide, tirzepatide and sermorelin",San Diego,CA,(801) 999-8356; (858) 609-0854; (858) 609-0866,https://joywellnesspartners.com/,seed_2026-09-12
info@beauxmedspa.com,beauxmedspa.com,BEAUX MedSpa,"semaglutide, BPC-157 and ipamorelin",Austin,TX,(512) 428-5438,https://beauxmedspa.com/,seed_2026-09-12
info@arcadiawellnesscenter.com,arcadiawellnesscenter.com,Arcadia Wellness Center,"semaglutide, tirzepatide and GLP-1s",Phoenix,AZ,(480) 351-3688,https://arcadiawellnesscenter.com/,seed_2026-09-12
info@injectiongal.com,injectiongal.com,injectiongal.com,peptide therapy,Reno,NV,(775) 451-7480,https://injectiongal.com/,seed_2026-09-12
customerservice@skinneymedspa.com,skinneymedspa.com,Robot Challenge Screen,semaglutide and GLP-1s,New York,NY,(646) 212-2923; (646) 212-5063; (786) 822-4691,https://skinneymedspa.com/,seed_2026-09-12
membership@palmhealth.com,palmhealth.com,PALM Health,NAD+ and GLP-1s,St. Louis,MO,(314) 787-4477; (314) 801-8898; (314) 997-6837,https://palmhealth.com/,seed_2026-09-12
info@restormedicalspa.com,restormedicalspa.com,RESTŌR Medical Spa,GLP-1s,Denver,CO,(720) 524-8429; (720) 744-0991; (720) 758-9038,https://restormedicalspa.com/,seed_2026-09-12
social@elase.com,elase.com,Elase Med Spa,peptide therapy,Raleigh,NC,,https://elase.com/,seed_2026-09-12
info@tclinicsusa.com,tclinicsusa.com,T Clinics USA,"semaglutide, tirzepatide and sermorelin",Naples,FL,,https://tclinicsusa.com/,seed_2026-09-12
info@mynexgenhealth.com,mynexgenhealth.com,NexGen Health,"NAD+, GLP-1s and PT-141",San Jose,CA,(408) 400-2967,https://mynexgenhealth.com/,seed_2026-09-12
info@obmen.net,obmen.net,Houston Men's Health Clinic,"semaglutide, tirzepatide and BPC-157",,,,https://obmen.net/,seed_2026-09-12
info@beautybaraz.com,beautybaraz.com,Beauty Bar Aesthetics,retatrutide and NAD+,Phoenix,AZ,(602) 786-3500,https://beautybaraz.com/,seed_2026-09-12
info@xpediamac.com,xpediamac.com,xpediamac.com,peptide therapy,Henderson,NV,(312) 823-4600,https://xpediamac.com/,seed_2026-09-12
hello@sovous.com,sovous.com,SoVous Med Spa,peptide therapy,New York,NY,(212) 575-1457,https://sovous.com/,seed_2026-09-12
admin@sunflowerwellnesskc.com,sunflowerwellnesskc.com,Sunflower Wellness and Hydration,"semaglutide, tirzepatide and NAD+",Kansas City,MO,(913) 386-3173,https://sunflowerwellnesskc.com/,seed_2026-09-12
info@summitwellnessgroup.com,summitwellnessgroup.com,Summit Wellness Group,GLP-1s,Boulder,CO,(970) 408-1981,https://summitwellnessgroup.com/,seed_2026-09-12
info@fabstudionc.com,fabstudionc.com,Fab Medical Aesthetics,"semaglutide, NAD+ and GLP-1s",,,,https://fabstudionc.com/,seed_2026-09-12
staff@thinmdmedspa.com,thinmdmedspa.com,Thin MD Med Spa,"semaglutide, tirzepatide and BPC-157",Jacksonville,FL,(904) 619-0130; (904) 694-0992,https://thinmdmedspa.com/,seed_2026-09-12
info@serenitymedspa.com,serenitymedspa.com,Serenity Med Spa,"tirzepatide, BPC-157 and ipamorelin",San Francisco,CA,(415) 781-9200; (415) 843-2956; (650) 668-3088,https://serenitymedspa.com/,seed_2026-09-12
emma@simplespoonnutrition.org,simplespoonnutrition.org,Velvet Coutour Medspa,"semaglutide, tirzepatide and BPC-157",,,,https://simplespoonnutrition.org/,seed_2026-09-12
clinic@besowb.com,besowb.com,Beso Wellness and Beauty,"tirzepatide, NAD+ and GLP-1s",Phoenix,AZ,(480) 447-8166,https://besowb.com/,seed_2026-09-12
jennifer.simcox@vitalitywellnessnv.com,vitalitywellnessnv.com,vitalitywellnessnv.com,NAD+,Reno,NV,(775) 993-3553,https://vitalitywellnessnv.com/,seed_2026-09-12
team@infiniteyouclinic.com,infiniteyouclinic.com,infiniteyouclinic.com,NAD+ and GLP-1s,Long Island,NY,(516) 907-2127; (631) 458-7834,https://infiniteyouclinic.com/,seed_2026-09-12
wellness@healthylooks.com,healthylooks.com,Healthylooks Medspa,peptide therapy,Kansas City,MO,(816) 795-5262; (913) 456-3330,https://healthylooks.com/,seed_2026-09-12
feedback@naturamedspaivbar.com,naturamedspaivbar.com,Natura Med Spa IV Bar,"semaglutide, tirzepatide and NAD+",Denver,CO,(720) 513-5786,https://naturamedspaivbar.com/,seed_2026-09-12
hello@cltmedaesthetics.com,cltmedaesthetics.com,Charlotte Medical Aesthetics,"semaglutide, tirzepatide and GLP-1s",,,,https://cltmedaesthetics.com/,seed_2026-09-12
info@alluraaesthetics.com,alluraaesthetics.com,AlluraMD Aesthetics + Wellness,"semaglutide, tirzepatide and sermorelin",Boca Raton,FL,(561) 285-1929; (561) 316-4580; (561) 501-0203,https://alluraaesthetics.com/,seed_2026-09-12
info@regenerated.com,regenerated.com,Regenerated.com,"tirzepatide, BPC-157 and NAD+",San Jose,CA,,https://regenerated.com/,seed_2026-09-12
contact@highlandlongevity.com,highlandlongevity.com,highlandlongevity.com,"semaglutide, tirzepatide and retatrutide",Fort Worth,TX,(214) 444-9796,https://highlandlongevity.com/,seed_2026-09-12
atlanta@cultaesthetics.com,cultaesthetics.com,CULT Aesthetics,"semaglutide, tirzepatide and NAD+",Phoenix,AZ,(205) 537-0829; (469) 300-5211; (469) 720-1086,https://cultaesthetics.com/,seed_2026-09-12
info@ohintegrativemedicine.com,ohintegrativemedicine.com,oH Integrative Medicine,"semaglutide, tirzepatide and GLP-1s",,,,https://ohintegrativemedicine.com/,seed_2026-09-12
concierge@coolspa.com,coolspa.com,Coolspa by Aethos,semaglutide and tirzepatide,New York,NY,(212) 249-0439; (212) 249-4990; (212) 520-1129,https://coolspa.com/,seed_2026-09-12
info@sokokc.com,sokokc.com,sokomedspa.com,NAD+ and GLP-1s,,,,https://sokokc.com/,seed_2026-09-12
bli@boulderlongevity.com,boulderlongevity.com,Boulder Longevity Institute,peptide therapy,Boulder,CO,(303) 443-0848; (303) 586-7815,https://boulderlongevity.com/,seed_2026-09-12
info@infinitymedspaandwellness.com,infinitymedspaandwellness.com,infinitywellnessqc.com,retatrutide and NAD+,,,,https://infinitymedspaandwellness.com/,seed_2026-09-12
info@tampahealthcenter.com,tampahealthcenter.com,Heim Regenerative Medicine Center,"semaglutide, tirzepatide and BPC-157",Tampa,FL,(813) 384-3107; (859) 254-6589,https://tampahealthcenter.com/,seed_2026-09-12
info@activemedhealth.com,activemedhealth.com,ActiveMed Integrative Health Center,"semaglutide, tirzepatide and NAD+",San Diego,CA,(858) 673-4400; (858) 673-4499,https://activemedhealth.com/,seed_2026-09-12
mari@evolvemedgroup.com,evolvemedgroup.com,Medical Spa Services,"semaglutide, tirzepatide and GHK-Cu",San Antonio,TX,(210) 201-0322; (210) 236-1820; (210) 783-7333,https://evolvemedgroup.com/,seed_2026-09-12
info@lifelinemedspa.com,lifelinemedspa.com,Lifeline Med Spa,"semaglutide, tirzepatide and GLP-1s",Phoenix,AZ,(623) 694-8991,https://lifelinemedspa.com/,seed_2026-09-12
info@amyleebassnpc.com,amyleebassnpc.com,revolution-wellness.org,"semaglutide, tirzepatide and NAD+",,,,https://amyleebassnpc.com/,seed_2026-09-12
cconcierge@extension.health,extension.health,Extension Health,peptide therapy,New York,NY,(800) 778-7879; (800) 952-5210; (929) 556-6647,https://extension.health/,seed_2026-09-12
contact@stlmedspa.com,stlmedspa.com,The Saint Louis Med Spa,peptide therapy,,,,https://stlmedspa.com/,seed_2026-09-12
hello@evolvdenver.com,evolvdenver.com,Evolv Wellness MedSpa,"semaglutide, NAD+ and GLP-1s",,,,https://evolvdenver.com/,seed_2026-09-12
raleigh@tal-spa.com,tal-spa.com,raleigh.theaestheticsloungeandspa.com,"semaglutide, tirzepatide and NAD+",,,,https://tal-spa.com/,seed_2026-09-12
support@liviamedspa.com,liviamedspa.com,liviamedspa.com,"semaglutide, BPC-157 and TB-500",Tampa,FL,(813) 230-2219,https://liviamedspa.com/,seed_2026-09-12
info@rejuvsf.com,rejuvsf.com,rejuvsf.com,"NAD+, GLP-1s and GHK-Cu",San Francisco,CA,(415) 712-1937,https://rejuvsf.com/,seed_2026-09-12
angie@lovemyaura.com,lovemyaura.com,Aura Aesthetics and MedSpa,"semaglutide, tirzepatide and sermorelin",Houston,TX,(281) 502-2987,https://lovemyaura.com/,seed_2026-09-12
info@thetrimclinics.com,thetrimclinics.com,The Trim Clinics,"semaglutide, tirzepatide and GLP-1s",Tucson,AZ,(760) 706-5476,https://thetrimclinics.com/,seed_2026-09-12
info@therefinerylv.com,therefinerylv.com,skinbaronline.com,"semaglutide, tirzepatide and NAD+",,,,https://therefinerylv.com/,seed_2026-09-12
dt@trifectamedspanyc.com,trifectamedspanyc.com,Trifecta Med Spa New York,semaglutide and GLP-1s,New York,NY,(212) 233-2919; (212) 247-4148; (212) 600-4112,https://trifectamedspanyc.com/,seed_2026-09-12
brooklyne@laruehealthcollective.com,laruehealthcollective.com,ivandwellness.com,peptide therapy,,,,https://laruehealthcollective.com/,seed_2026-09-12
admin@rmrmco.com,rmrmco.com,Rocky Mountain Regenerative Medicine,peptide therapy,Boulder,CO,(720) 739-1616,https://rmrmco.com/,seed_2026-09-12
concierge@alunamedical.com,alunamedical.com,Aluna Medical,"semaglutide, tirzepatide and BPC-157",Jacksonville,FL,(904) 594-4100,https://alunamedical.com/,seed_2026-09-12
ma@sanjosewellnesscenter.com,sanjosewellnesscenter.com,sanjosewellnesscenter.com,"semaglutide, tirzepatide and BPC-157",San Jose,CA,(575) 332-4633; (818) 337-1474,https://sanjosewellnesscenter.com/,seed_2026-09-12
frontdesk@freemanmedicalclinic.com,freemanmedicalclinic.com,freemanmedicalclinic.com,"semaglutide, tirzepatide and NAD+",Austin,TX,(512) 391-9400; (512) 391-9401,https://freemanmedicalclinic.com/,seed_2026-09-12
info@tucsonwellnessmd.com,tucsonwellnessmd.com,Tucson Wellness MD,NAD+ and GLP-1s,Tucson,AZ,(520) 222-5425; (520) 462-7706,https://tucsonwellnessmd.com/,seed_2026-09-12
info@hendersonim.com,hendersonim.com,Henderson Med Spa,semaglutide,,,,https://hendersonim.com/,seed_2026-09-12
info@salernocenter.com,salernocenter.com,Salerno Wellness,GLP-1s and NAD+,,,,https://salernocenter.com/,seed_2026-09-12
burlingtoncreek@primeivhydration.com,primeivhydration.com,kansascityivtherapy.com,NAD+,Las Vegas,NV,,https://primeivhydration.com/,seed_2026-09-12
info@wlmd.net,wlmd.net,Weight Loss MD,"semaglutide, tirzepatide and sermorelin",,,,https://wlmd.net/,seed_2026-09-12
contact@radianthealthsf.com,radianthealthsf.com,Radiant Health,"semaglutide, tirzepatide and NAD+",San Francisco,CA,(415) 590-2899; (877) 316-7361,https://radianthealthsf.com/,seed_2026-09-12
krystal.roney-smith@lushrx.com,lushrx.com,Lush RX Med Spa,"semaglutide, BPC-157 and sermorelin",Houston,TX,(713) 331-1037,https://lushrx.com/,seed_2026-09-12
info@elixirmedspa.com,elixirmedspa.com,Elixir Medical Spa,"semaglutide, tirzepatide and GLP-1s",Scottsdale,AZ,(602) 613-1111,https://elixirmedspa.com/,seed_2026-09-12
info@ndiscovered.com,ndiscovered.com,Skin Clinique,peptide therapy,,,,https://ndiscovered.com/,seed_2026-09-12
info@babeaestheticsny.com,babeaestheticsny.com,Vibrant Rejuvenation Medi Spa,"semaglutide, tirzepatide and GLP-1s",,,,https://babeaestheticsny.com/,seed_2026-09-12
contact@oceanshealthcareclinic.com,oceanshealthcareclinic.com,Oceans Weight Loss Clinic,"semaglutide, tirzepatide and retatrutide",Fort Lauderdale,FL,(561) 406-2963; (561) 429-6672; (772) 446-0622,https://oceanshealthcareclinic.com/,seed_2026-09-12
support@aobaesthetics.com,aobaesthetics.com,aobaesthetics.com,"semaglutide, tirzepatide and retatrutide",Newport Beach,CA,(949) 658-3169,https://aobaesthetics.com/,seed_2026-09-12
info@thelotusmedspa.com,thelotusmedspa.com,The Lotus Medspa,"semaglutide, tirzepatide and NAD+",San Antonio,TX,(210) 774-2850,https://thelotusmedspa.com/,seed_2026-09-12
info@enovativewellness.com,enovativewellness.com,Enovative Wellness Center,NAD+,Phoenix,AZ,(602) 614-9905,https://enovativewellness.com/,seed_2026-09-12
support@aestheticsreno.com,aestheticsreno.com,Aesthetics MedSpa,semaglutide and tirzepatide,,,,https://aestheticsreno.com/,seed_2026-09-12
timelyssmedspa@gmail.co,gmail.co,timelyssmedspa.com,NAD+ and GLP-1s,,,,https://gmail.co/,seed_2026-09-12
info@regens3.com,regens3.com,Regenerative Medical Spa,"semaglutide, tirzepatide and BPC-157",,,,https://regens3.com/,seed_2026-09-12
info@studiomedspa.com,studiomedspa.com,studiomedspa.com,"semaglutide, tirzepatide and GLP-1s",San Diego,CA,(619) 900-7733; (858) 222-3262,https://studiomedspa.com/,seed_2026-09-12
info@renewbeautymedspa.com,renewbeautymedspa.com,renewbeautymedspa.com,"semaglutide, tirzepatide and NAD+",Dallas,TX,(214) 369-1600; (214) 433-8871,https://renewbeautymedspa.com/,seed_2026-09-12
growth99infra@growth99.com,growth99.com,Revenge Medical Aesthetics,semaglutide and GLP-1s,,,,https://growth99.com/,seed_2026-09-12
info@udripiv.com,udripiv.com,uDrip iv,"semaglutide, tirzepatide and BPC-157",Tampa,FL,(727) 800-4747; (813) 358-8615,https://udripiv.com/,seed_2026-09-12
contact@infinitehealthzone.com,infinitehealthzone.com,Infinite Health Zone,"semaglutide, NAD+ and GLP-1s",San Francisco,CA,(415) 854-0806; (415) 906-1780,https://infinitehealthzone.com/,seed_2026-09-12
info@magnoliamedskin.com,magnoliamedskin.com,magnoliamedskin.com,"semaglutide, tirzepatide and sermorelin",San Antonio,TX,(210) 600-3335; (210) 600-3387,https://magnoliamedskin.com/,seed_2026-09-12
feelpretty@paradisemedspa.com,paradisemedspa.com,Paradise Medspa,"semaglutide, tirzepatide and GLP-1s",Phoenix,AZ,(602) 266-8144; (602) 266-9670; (602) 786-5079,https://paradisemedspa.com/,seed_2026-09-12
lvspa@nima.edu,nima.edu,The Spa at NIMA,peptide therapy,,,,https://nima.edu/,seed_2026-09-12
info@injectionartistryclinic.com,injectionartistryclinic.com,Injection Artistry,"NAD+, GLP-1s and GHK-Cu",Newport Beach,CA,(949) 531-1939,https://injectionartistryclinic.com/,seed_2026-09-12
info@hydrahivesa.com,hydrahivesa.com,hydrahivesa.com,"semaglutide, tirzepatide and NAD+",San Antonio,TX,(210) 255-1593,https://hydrahivesa.com/,seed_2026-09-12
team@valleywellnessaz.com,valleywellnessaz.com,valleywellnessaesthetics.com,"semaglutide, tirzepatide and sermorelin",,,,https://valleywellnessaz.com/,seed_2026-09-12
info@coastalmedicalspa.com,coastalmedicalspa.com,coastalmedicalspa.com,"semaglutide, tirzepatide and sermorelin",Jacksonville,FL,(904) 257-3232; (904) 344-0530,https://coastalmedicalspa.com/,seed_2026-09-12
info@liftmd.com,liftmd.com,Lift MD Surgical,"semaglutide, tirzepatide and GLP-1s",Beverly Hills,CA,(310) 285-0400,https://liftmd.com/,seed_2026-09-12
info@neumed.com,neumed.com,neumed.com,"semaglutide, tirzepatide and sermorelin",Houston,TX,,https://neumed.com/,seed_2026-09-12
info@dripmedicalcare.com,dripmedicalcare.com,Drip Medical Care,semaglutide and NAD+,Tucson,AZ,(520) 631-9591,https://dripmedicalcare.com/,seed_2026-09-12
info@lifegaines.com,lifegaines.com,LifeGaines Medical and Aesthetics,"semaglutide, sermorelin and NAD+",Boca Raton,FL,(561) 931-2430,https://lifegaines.com/,seed_2026-09-12
info@sagehwc.com,sagehwc.com,sagehwc.com,"semaglutide, NAD+ and GLP-1s",San Jose,CA,(408) 614-0000,https://sagehwc.com/,seed_2026-09-12
hello@sanjivamedspa.com,sanjivamedspa.com,Sanjiva Medical Spa,"semaglutide, tirzepatide and GLP-1s",Dallas,TX,(214) 245-9999; (469) 336-6769,https://sanjivamedspa.com/,seed_2026-09-12
costerndorf@mediweightloss.com,mediweightloss.com,Medi,"semaglutide, tirzepatide and GLP-1s",Tucson,AZ,(203) 318-6606; (203) 349-6334; (203) 404-5779,https://mediweightloss.com/,seed_2026-09-12
info@newlifemedicalspa.com,newlifemedicalspa.com,New Life Medical Spa,"semaglutide, tirzepatide and sermorelin",Miami,FL,(305) 487-6196; (855) 400-4916,https://newlifemedicalspa.com/,seed_2026-09-12
info@biorevivespa.com,biorevivespa.com,biorevivespa.com,"semaglutide, tirzepatide and NAD+",Newport Beach,CA,(949) 220-7221; (949) 867-7833,https://biorevivespa.com/,seed_2026-09-12
info@alchemywellness.health,alchemywellness.health,Alchemy Wellness,"semaglutide, tirzepatide and NAD+",Dallas,TX,(214) 319-8709,https://alchemywellness.health/,seed_2026-09-12
hello@babyfacellc.com,babyfacellc.com,Scottsdale Med Spa,peptide therapy,Scottsdale,AZ,(480) 405-8241; (480) 630-3778; (480) 788-5345,https://babyfacellc.com/,seed_2026-09-12
info@theaestheticranch.com,theaestheticranch.com,The Aesthetic Ranch,"semaglutide, tirzepatide and sermorelin",Fort Lauderdale,FL,(800) 368-1019; (954) 247-8527,https://theaestheticranch.com/,seed_2026-09-12
contact@mybiospa.com,mybiospa.com,BioSpa,semaglutide and tirzepatide,Newport Beach,CA,(949) 732-3888,https://mybiospa.com/,seed_2026-09-12
info@amerejuve.com,amerejuve.com,Amerejuve Medspa,"semaglutide, tirzepatide and NAD+",Houston,TX,(713) 960-6262; (770) 509-0000,https://amerejuve.com/,seed_2026-09-12
alicia@southfloridatrimclinic.com,southfloridatrimclinic.com,Arizona Trim Clinic,"semaglutide, tirzepatide and NAD+",Naples,FL,(239) 422-6350,https://southfloridatrimclinic.com/,seed_2026-09-12
caroline@thefortlauderdalemedspa.com,thefortlauderdalemedspa.com,The Fort Lauderdale MedSpa,"semaglutide, tirzepatide and BPC-157",Fort Lauderdale,FL,(954) 560-1380,https://thefortlauderdalemedspa.com/,seed_2026-09-12
info@revive.md,revive.md,Revive Med Spa,GLP-1s and GHK-Cu,San Diego,CA,(619) 293-7233,https://revive.md/,seed_2026-09-12
info@vivwellness.com,vivwellness.com,vivwellness.com,"semaglutide, tirzepatide and NAD+",Dallas,TX,(844) 848-5893; (972) 803-3957,https://vivwellness.com/,seed_2026-09-12
amwc.support@arrowheadmedwc.com,arrowheadmedwc.com,arrowheadmedwc.com,semaglutide and tirzepatide,Phoenix,AZ,(602) 694-5603; (623) 323-2891; (790) 568-2049,https://arrowheadmedwc.com/,seed_2026-09-12
info@brazeliamedspa.com,brazeliamedspa.com,brazeliamedspa.com,"semaglutide, tirzepatide and NAD+",Boca Raton,FL,(561) 353-2265; (561) 353-2267,https://brazeliamedspa.com/,seed_2026-09-12
info@spa26.com,spa26.com,spa26.com,"semaglutide, tirzepatide and GLP-1s",Beverly Hills,CA,(310) 683-7537; (424) 766-5747,https://spa26.com/,seed_2026-09-12
info@kiyanimedspa.com,kiyanimedspa.com,Kiyani Aesthetics,"semaglutide, tirzepatide and NAD+",Tampa,FL,(813) 618-3119,https://kiyanimedspa.com/,seed_2026-09-12
jenn@totalbodyaesthetic.com,totalbodyaesthetic.com,Total Body Aesthetic,"semaglutide, tirzepatide and NAD+",Los Angeles,CA,(310) 670-1920,https://totalbodyaesthetic.com/,seed_2026-09-12
info@hausofwellnessandaesthetics.com,hausofwellnessandaesthetics.com,Haus of Wellness and Aesthetics,semaglutide and tirzepatide,San Antonio,TX,(210) 437-0010,https://hausofwellnessandaesthetics.com/,seed_2026-09-12
learnmore@lowttucson.com,lowttucson.com,The LowT Clinic,peptide therapy,Tucson,AZ,(520) 224-9176; (520) 675-6533,https://lowttucson.com/,seed_2026-09-12
support@lumeamedspa.com,lumeamedspa.com,Lumea Med Spa,"semaglutide, tirzepatide and BPC-157",Miami,FL,(786) 604-2514,https://lumeamedspa.com/,seed_2026-09-12
drcooke@elkecookemd.com,elkecookemd.com,Elke Cooke MD,"BPC-157, sermorelin and ipamorelin",Sacramento,CA,(916) 241-0766,https://elkecookemd.com/,seed_2026-09-12
ourteam@kemedspa.com,kemedspa.com,Ke Medspa,"semaglutide, tirzepatide and NAD+",San Antonio,TX,(210) 555-0123; (210) 640-7175,https://kemedspa.com/,seed_2026-09-12
info@tmamedspaclinic.com,tmamedspaclinic.com,Torstveit Medical Aesthetics,"semaglutide, tirzepatide and NAD+",,,,https://tmamedspaclinic.com/,seed_2026-09-12
info@healthandmedspa.com,healthandmedspa.com,Medspa Treatments,"semaglutide, tirzepatide and NAD+",Tampa,FL,(727) 444-0995,https://healthandmedspa.com/,seed_2026-09-12
reception@epicentermedspa.com,epicentermedspa.com,Epi Center MedSpa San Francisco,"semaglutide, tirzepatide and GLP-1s",San Francisco,CA,(415) 358-0545; (415) 362-4754,https://epicentermedspa.com/,seed_2026-09-12
info@rejuvemedspatx.com,rejuvemedspatx.com,Rejuve Med Spa,semaglutide and GLP-1s,Houston,TX,(281) 651-5170,https://rejuvemedspatx.com/,seed_2026-09-12
hello@optimalwellnessnaples.com,optimalwellnessnaples.com,Optimal Wellness Naples,"semaglutide, tirzepatide and NAD+",Naples,FL,(239) 360-6253,https://optimalwellnessnaples.com/,seed_2026-09-12
info@greyaestheticsoc.com,greyaestheticsoc.com,Grey Aesthetics,NAD+,Newport Beach,CA,(949) 418-7495,https://greyaestheticsoc.com/,seed_2026-09-12
info@activatedripspa.com,activatedripspa.com,ActIVate Drip Spa,"semaglutide, tirzepatide and NAD+",Houston,TX,(832) 810-3747; (866) 221-1727,https://activatedripspa.com/,seed_2026-09-12
info@urbanaesthetics.co,urbanaesthetics.co,Urban Medical,NAD+,,,,https://urbanaesthetics.co/,seed_2026-09-12
info@5thandwell.com,5thandwell.com,5thandwellness.com,"semaglutide, tirzepatide and retatrutide",,,,https://5thandwell.com/,seed_2026-09-12
info@ivyenrose.com,ivyenrose.com,Ivy En Rose Medical Clinic,NAD+,San Francisco,CA,(628) 226-5605,https://ivyenrose.com/,seed_2026-09-12
info@annshippymd.com,annshippymd.com,Ann Shippy MD,NAD+ and oxytocin,Austin,TX,(512) 732-9975,https://annshippymd.com/,seed_2026-09-12
medspa@valleyweightloss.com,valleyweightloss.com,valleymedicalweightloss.com,"semaglutide, tirzepatide and NAD+",,,,https://valleyweightloss.com/,seed_2026-09-12
info@blueirismedspa.com,blueirismedspa.com,Blue Iris Medical Aesthetics,"semaglutide, tirzepatide and GLP-1s",Boca Raton,FL,(954) 356-4828,https://blueirismedspa.com/,seed_2026-09-12
info@nbweightloss.com,nbweightloss.com,Newport Beach Weight,semaglutide and GLP-1s,Newport Beach,CA,(786) 741-8446; (949) 612-7758,https://nbweightloss.com/,seed_2026-09-12
info@thisismanor.com,thisismanor.com,Manor Aesthetics,GLP-1s,Fort Worth,TX,(469) 213-3341; (801) 882-2671; (817) 305-8623,https://thisismanor.com/,seed_2026-09-12
info@korraaesthetics.com,korraaesthetics.com,Korra Aesthetics,"semaglutide, tirzepatide and GLP-1s",Miami,FL,(305) 665-5594,https://korraaesthetics.com/,seed_2026-09-12
info@plumpmedicalspa.com,plumpmedicalspa.com,PLUMP MEDICAL SPA,"semaglutide, tirzepatide and GLP-1s",Newport Beach,CA,(949) 568-7544,https://plumpmedicalspa.com/,seed_2026-09-12
info@ntxmedcare.com,ntxmedcare.com,ntxmedcare.com,"semaglutide, tirzepatide and GLP-1s",San Antonio,TX,(469) 649-7824; (469) 854-3371,https://ntxmedcare.com/,seed_2026-09-12
info@medspaon5th.com,medspaon5th.com,medspaon5th.com,"semaglutide, tirzepatide and NAD+",Naples,FL,(239) 123-4567; (239) 331-3693,https://medspaon5th.com/,seed_2026-09-12
info@range-medical.com,range-medical.com,Range Medical,NAD+,Newport Beach,CA,(949) 997-3988,https://range-medical.com/,seed_2026-09-12
wellness@thewestwellnesstx.com,thewestwellnesstx.com,The West Wellness and Massage,"semaglutide, tirzepatide and NAD+",Fort Worth,TX,(682) 337-1927,https://thewestwellnesstx.com/,seed_2026-09-12
info@oviedomedspa.com,oviedomedspa.com,Oviedo Med Spa,"semaglutide, NAD+ and GLP-1s",Orlando,FL,(321) 414-9363; (407) 287-6150,https://oviedomedspa.com/,seed_2026-09-12
info@renewmdwellness.com,renewmdwellness.com,RenewMD Wellness,tirzepatide,Sacramento,CA,(209) 952-2251; (510) 744-1582; (916) 245-3043,https://renewmdwellness.com/,seed_2026-09-12
admin@walkerwellness.org,walkerwellness.org,walkerwellness.org,"semaglutide, tirzepatide and GLP-1s",Houston,TX,(281) 819-3467,https://walkerwellness.org/,seed_2026-09-12
info@zeugmaspa.com,zeugmaspa.com,Zeugma Spa,"semaglutide, tirzepatide and GLP-1s",Miami,FL,(305) 481-5659,https://zeugmaspa.com/,seed_2026-09-12
info@theretreatwellness.com,theretreatwellness.com,theretreatwellness.com,thymosin,Newport Beach,CA,(949) 220-2660,https://theretreatwellness.com/,seed_2026-09-12
info@wellnesscode.com,wellnesscode.com,Wellness Code,GLP-1s,Dallas,TX,(972) 316-9199; (972) 961-1141,https://wellnesscode.com/,seed_2026-09-12
medspa@anasaesthetics.com,anasaesthetics.com,anasaesthetics,"semaglutide, tirzepatide and NAD+",Boca Raton,FL,(561) 591-6133,https://anasaesthetics.com/,seed_2026-09-12
info@aestheticenvy.com,aestheticenvy.com,Aesthetic Envy,semaglutide and NAD+,Sacramento,CA,(916) 333-4906,https://aestheticenvy.com/,seed_2026-09-12
info@h2medspa.com,h2medspa.com,Where Wellness Meets Beauty,GLP-1s,Fort Worth,TX,(817) 241-2485; (817) 887-9158,https://h2medspa.com/,seed_2026-09-12
info@evolutionrejuvenation.com,evolutionrejuvenation.com,Evolution Rejuvenation,semaglutide and tirzepatide,Boca Raton,FL,(954) 228-3445,https://evolutionrejuvenation.com/,seed_2026-09-12
admin@avenanaturalhealth.com,avenanaturalhealth.com,Avena Natural Health,semaglutide and NAD+,San Diego,CA,(619) 630-9517; (619) 955-6555,https://avenanaturalhealth.com/,seed_2026-09-12
manager@mauimedspa.com,mauimedspa.com,Maui MedSpa,"semaglutide, tirzepatide and GLP-1s",Austin,TX,(512) 377-1999; (737) 240-2212,https://mauimedspa.com/,seed_2026-09-12
info@theomnispa.com,theomnispa.com,theomnispa.com,"semaglutide, tirzepatide and GLP-1s",Jacksonville,FL,(678) 653-8696; (904) 217-3099,https://theomnispa.com/,seed_2026-09-12
info@bmedspa.com,bmedspa.com,bmedspa.com,GLP-1s,San Diego,CA,(619) 890-9985,https://bmedspa.com/,seed_2026-09-12
editorial@semaverified.com,semaverified.com,SemaVerified,"semaglutide, tirzepatide and GLP-1s",Dallas,TX,,https://semaverified.com/,seed_2026-09-12
info@miamiskinspa.com,miamiskinspa.com,Miami Skin Spa,"semaglutide, tirzepatide and NAD+",Miami,FL,(305) 557-1615; (978) 147-9816,https://miamiskinspa.com/,seed_2026-09-12
info@beautyboostmedspa.com,beautyboostmedspa.com,Beauty Boost Med Spa,peptide therapy,Newport Beach,CA,(949) 514-8602,https://beautyboostmedspa.com/,seed_2026-09-12
info@thrivedripspa.com,thrivedripspa.com,Thrive Drip Spas,NAD+ and GLP-1s,Fort Worth,TX,(713) 352-7703; (844) 820-1713; (877) 696-6775,https://thrivedripspa.com/,seed_2026-09-12
info@naplesawi.com,naplesawi.com,naplesawi.com,"semaglutide, tirzepatide and GLP-1s",Naples,FL,(239) 202-0441; (239) 387-1428,https://naplesawi.com/,seed_2026-09-12
info@beautyvaultmedspa.com,beautyvaultmedspa.com,Beauty Vault Med Spa,semaglutide and NAD+,Los Angeles,CA,(323) 800-6770; (789) 975-6014; (802) 883-4889,https://beautyvaultmedspa.com/,seed_2026-09-12
amie.leany@viomedspa.com,viomedspa.com,VIO Med Spa,tesamorelin and GLP-1s,Dallas,TX,,https://viomedspa.com/,seed_2026-09-12
hello@obodywellness.com,obodywellness.com,O Body + Wellness,"semaglutide, tirzepatide and NAD+",Fort Lauderdale,FL,(954) 335-7633,https://obodywellness.com/,seed_2026-09-12
info@drjohnlaura.com,drjohnlaura.com,Dr. John Laura,BPC-157,Newport Beach,CA,(949) 881-4088,https://drjohnlaura.com/,seed_2026-09-12
sales@bnwax.com,bnwax.com,Bare Necessities Spa + MedSpa,"semaglutide, NAD+ and GLP-1s",Houston,TX,(713) 522-6929; (832) 668-5797,https://bnwax.com/,seed_2026-09-12
hello@elevewillowglen.com,elevewillowglen.com,elevewillowglen.com,peptide therapy,San Jose,CA,(669) 255-0111,https://elevewillowglen.com/,seed_2026-09-12
elevate@wellnessco.online,wellnessco.online,Elevate Wellness Studio,NAD+,Austin,TX,(737) 252-6260,https://wellnessco.online/,seed_2026-09-12
info@thepalmmedspa.com,thepalmmedspa.com,thepalmmedspa.com,semaglutide and NAD+,Orlando,FL,(407) 347-4770,https://thepalmmedspa.com/,seed_2026-09-12
membership@hydrationroom.com,hydrationroom.com,hydrationroom.com,NAD+ and GLP-1s,Newport Beach,CA,,https://hydrationroom.com/,seed_2026-09-12
appointments@jacquelynsspa.com,jacquelynsspa.com,Jacquelyn's Spa,"semaglutide, tirzepatide and GLP-1s",Austin,TX,(512) 400-4397,https://jacquelynsspa.com/,seed_2026-09-12
info@thriveinfusions.com,thriveinfusions.com,thriveinfusions.com,semaglutide and sermorelin,Jacksonville,FL,(904) 646-8357,https://thriveinfusions.com/,seed_2026-09-12
support@jasiskin.com,jasiskin.com,JASI Skincare,"semaglutide, tirzepatide and GLP-1s",Los Angeles,CA,(424) 218-4023; (424) 478-0522; (424) 766-1357,https://jasiskin.com/,seed_2026-09-12
seo@s-fx.com,s-fx.com,angelaesthetics.com,"BPC-157, TB-500 and sermorelin",,,,https://s-fx.com/,seed_2026-09-12
info@mavenmedispa.com,mavenmedispa.com,Maven Medi Spa,peptide therapy,Beverly Hills,CA,(310) 601-8606,https://mavenmedispa.com/,seed_2026-09-12
frontdesk@dfwmsa.com,dfwmsa.com,The MedSpa of DFW,semaglutide and tirzepatide,,,,https://dfwmsa.com/,seed_2026-09-12
info@avivamedicalspa.com,avivamedicalspa.com,Aviva Medical Spa,semaglutide,Miami,FL,(786) 812-8622,https://avivamedicalspa.com/,seed_2026-09-12
info@ljmedicalspa.com,ljmedicalspa.com,Medical Spa Clinic,peptide therapy,San Diego,CA,(858) 221-6112; (858) 240-9830,https://ljmedicalspa.com/,seed_2026-09-12
info@spaseena.com,spaseena.com,Seena One Corrective Skincare,"semaglutide, tirzepatide and GLP-1s",,,,https://spaseena.com/,seed_2026-09-12
info@cr8health.com,cr8health.com,cr8health.com,NAD+,Boca Raton,FL,(561) 467-6689; (561) 749-9991; (561) 786-3690,https://cr8health.com/,seed_2026-09-12
info@newportbeachmedspa.com,newportbeachmedspa.com,Newport Beach MedSpa,semaglutide and tirzepatide,Newport Beach,CA,(949) 631-2800; (949) 989-6722,https://newportbeachmedspa.com/,seed_2026-09-12
info@vitalycmedspa.com,vitalycmedspa.com,Vitalyc Medspa,semaglutide,,,,https://vitalycmedspa.com/,seed_2026-09-12
info@estetikamedspa.com,estetikamedspa.com,Estetika Med Spa,"semaglutide, tirzepatide and NAD+",Fort Lauderdale,FL,(954) 770-1230; (954) 998-4640,https://estetikamedspa.com/,seed_2026-09-12
contact@onemedspa.co,onemedspa.co,One Med Spa,peptide therapy,Sacramento,CA,(916) 900-9434,https://onemedspa.co/,seed_2026-09-12
info@halosaltskinspa.com,halosaltskinspa.com,HALO,NAD+,Tampa,FL,(813) 450-1939,https://halosaltskinspa.com/,seed_2026-09-12
reviv@revivmedspa.com,revivmedspa.com,revivmedspa.com,"semaglutide, tirzepatide and NAD+",San Francisco,CA,(650) 697-3339,https://revivmedspa.com/,seed_2026-09-12
info@precisionmedicinejax.com,precisionmedicinejax.com,precisionmedicinejax.com,"semaglutide, tirzepatide and GLP-1s",Jacksonville,FL,(801) 657-3103; (904) 454-4937,https://precisionmedicinejax.com/,seed_2026-09-12
taylorswift@revivebodymd.com,revivebodymd.com,Revive Body MD,"semaglutide, tirzepatide and NAD+",San Jose,CA,(408) 307-2123,https://revivebodymd.com/,seed_2026-09-12
info@mylaserspa.com,mylaserspa.com,LaserSpa of Tampa Bay,NAD+,Tampa,FL,(727) 934-4477,https://mylaserspa.com/,seed_2026-09-12
smart360@smarthfw.com,smarthfw.com,smarthealthwellness.com,"BPC-157, TB-500 and ipamorelin",,,,https://smarthfw.com/,seed_2026-09-12
info@nmcdallas.com,nmcdallas.com,Neighborhood Medical Center,peptide therapy,,,,https://nmcdallas.com/,seed_2026-09-12
support@refreshmedical.com,refreshmedical.com,Refresh,"semaglutide, tirzepatide and NAD+",Fort Lauderdale,FL,(561) 250-6169; (954) 947-7548,https://refreshmedical.com/,seed_2026-09-12
info@truejewelcosmeticcenter.com,truejewelcosmeticcenter.com,True Jewel Cosmetic Center,semaglutide and NAD+,Los Angeles,CA,(424) 434-6999,https://truejewelcosmeticcenter.com/,seed_2026-09-12
info@thefountainmedspafw.com,thefountainmedspafw.com,The Fountain Med Spa,peptide therapy,,,,https://thefountainmedspafw.com/,seed_2026-09-12
info@secretsaesthetics.com,secretsaesthetics.com,Secrets Aesthetics and Wellness Center,sermorelin,Orlando,FL,(407) 775-2845,https://secretsaesthetics.com/,seed_2026-09-12
info@youngeryouaesthetics.com,youngeryouaesthetics.com,Younger You Aesthetics,NAD+,Sacramento,CA,(916) 216-4879,https://youngeryouaesthetics.com/,seed_2026-09-12
ns@drsnyder.com,drsnyder.com,Snyder Plastic Surgery,semaglutide and tirzepatide,,,,https://drsnyder.com/,seed_2026-09-12
info@skindeepnaples.com,skindeepnaples.com,Skin Deep Naples,"semaglutide, NAD+ and GLP-1s",Naples,FL,(239) 260-5060,https://skindeepnaples.com/,seed_2026-09-12
jack@greensock.com,greensock.com,The Clinic for Plastic Surgery,"semaglutide, NAD+ and GLP-1s",,,,https://greensock.com/,seed_2026-09-12
info@zimedspa.com,zimedspa.com,ZI Medspa North Tampa,GLP-1s,Tampa,FL,(813) 437-1382,https://zimedspa.com/,seed_2026-09-12
compliance@livehydrationspa.com,livehydrationspa.com,IV Drip Therapy,peptide therapy,,,,https://livehydrationspa.com/,seed_2026-09-12
info@www.bijouxmedspa.com,www.bijouxmedspa.com,Bijoux Med Spa,NAD+,,,,https://www.bijouxmedspa.com/,seed_2026-09-12
info@bermanwomenswellness.com,bermanwomenswellness.com,Beverly Hills Women's Wellness Clinic,PT-141 and GHK-Cu,,,,https://bermanwomenswellness.com/,seed_2026-09-12
admin@thelotusmedical.com,thelotusmedical.com,thelotusmedical.com,NAD+ and GLP-1s,Boca Raton,FL,(561) 915-4422,https://thelotusmedical.com/,seed_2026-09-12
contact@enfuzionwellness.com,enfuzionwellness.com,Enfuzion Health,semaglutide and tirzepatide,,,,https://enfuzionwellness.com/,seed_2026-09-12
support@glowaestheticsbar.com,glowaestheticsbar.com,Glow Aesthetics Bar,"semaglutide, tirzepatide and GLP-1s",Tampa,FL,(813) 296-2720; (813) 609-2782,https://glowaestheticsbar.com/,seed_2026-09-12
info@cicproviders.com,cicproviders.com,Cosmetic Injectables Center Medspa,tirzepatide and GLP-1s,,,,https://cicproviders.com/,seed_2026-09-12
contactus@infinitemespa.com,infinitemespa.com,Infinite Me Spa,"semaglutide, tirzepatide and GLP-1s",Orlando,FL,(689) 300-5728,https://infinitemespa.com/,seed_2026-09-12
guest@selfishlywellness.com,selfishlywellness.com,selfishlyaesthetics.com,GLP-1s,,,,https://selfishlywellness.com/,seed_2026-09-12
info@juvly.com,juvly.com,Juvly Aesthetics,semaglutide and NAD+,Fort Lauderdale,FL,(614) 500-7000,https://juvly.com/,seed_2026-09-12
contact@lotuslaserandspa.com,lotuslaserandspa.com,lotuslaserandspa.com,peptide therapy,Boca Raton,FL,(561) 955-0888,https://lotuslaserandspa.com/,seed_2026-09-12
hello@luminessmedspa.com,luminessmedspa.com,Luminess Med Spa,peptide therapy,Jacksonville,FL,(904) 999-1992,https://luminessmedspa.com/,seed_2026-09-12
info@napleslongevity.com,napleslongevity.com,Naples Longevity Clinic,peptide therapy,Naples,FL,(239) 659-3266,https://napleslongevity.com/,seed_2026-09-12
contact@ora-wellness.com,ora-wellness.com,Ora Aesthetics and Wellness,peptide therapy,Boca Raton,FL,(772) 207-3437,https://ora-wellness.com/,seed_2026-09-12
support@pacboca.com,pacboca.com,Prestige Aesthetics Clinic,"semaglutide, tirzepatide and GLP-1s",Boca Raton,FL,(561) 235-7300,https://pacboca.com/,seed_2026-09-12
info@pureharmonymedspa.com,pureharmonymedspa.com,Pure Harmony Med Spa,peptide therapy,Jacksonville,FL,(904) 372-9137,https://pureharmonymedspa.com/,seed_2026-09-12
info@thewellnessclubtampa.com,thewellnessclubtampa.com,The Wellness Club Tampa,peptide therapy,Tampa,FL,(813) 419-2506,https://thewellnessclubtampa.com/,seed_2026-09-12
officemanager@bocageneral.com,bocageneral.com,bocageneral.com,GLP-1s,Boca Raton,FL,(561) 391-2708; (561) 391-3112,https://bocageneral.com/,seed_2026-09-12
concierge@celebrityplastics.com,celebrityplastics.com,Celebrity Med Spa,GLP-1s,Miami,FL,(305) 564-7007,https://celebrityplastics.com/,seed_2026-09-12
admin@cellrenewtampa.com,cellrenewtampa.com,Cell Renew Medical Spa,"semaglutide, tirzepatide and GLP-1s",Tampa,FL,(813) 600-0666,https://cellrenewtampa.com/,seed_2026-09-12
admin@flharmony.com,flharmony.com,Harmony Health Clinic,BPC-157,Naples,FL,(239) 596-4801,https://flharmony.com/,seed_2026-09-12
inquiries@myhealthandglow.com,myhealthandglow.com,myhealthandglow.com,"semaglutide, NAD+ and GLP-1s",Tampa,FL,(327) 145-9868; (813) 832-4569,https://myhealthandglow.com/,seed_2026-09-12
moreinfo@livingyoungcenter.com,livingyoungcenter.com,Living Young Center,semaglutide,Tampa,FL,(727) 233-5764; (727) 233-5803; (727) 306-1254,https://livingyoungcenter.com/,seed_2026-09-12
manager@nuvoyou.com,nuvoyou.com,Nuvo You MedSpa Aesthetics,"semaglutide, NAD+ and GLP-1s",Fort Lauderdale,FL,(305) 397-8230; (786) 369-0941,https://nuvoyou.com/,seed_2026-09-12
info@padgettmedicalcenter.com,padgettmedicalcenter.com,Padgett Medical Center,"semaglutide, tirzepatide and NAD+",,,,https://padgettmedicalcenter.com/,seed_2026-09-12
info@elysiummed.com,elysiummed.com,Elysium Medical Group,"semaglutide, tirzepatide and NAD+",,,,https://elysiummed.com/,seed_2026-09-12
tami@tbtotalwellness.com,tbtotalwellness.com,Tampa Bay Total Wellness,"semaglutide, tirzepatide and GLP-1s",,,,https://tbtotalwellness.com/,seed_2026-09-12
alex@thelaserloungespa.com,thelaserloungespa.com,dtnaples.theaestheticsloungeandspa.com,"semaglutide, tirzepatide and NAD+",,,,https://thelaserloungespa.com/,seed_2026-09-12
support@groupon.com,groupon.com,pontevedravein.com,"semaglutide, tirzepatide and GLP-1s",,,,https://groupon.com/,seed_2026-09-12
bawinfo@balanceaw.net,balanceaw.net,balanceawfl.com,semaglutide and GLP-1s,,,,https://balanceaw.net/,seed_2026-09-12
