vendor,domain,email,all_emails,us_signal,status,evidence_url
American Peptide Research,biohackerlab.us,,,no,unreachable,https://biohackerlab.us/
Amino Asylum,aminoasylumofficial.com,sales@aminoasylumofficial.com,privacy@aminoasylumofficial.com,yes,ok,https://aminoasylumofficial.com/contact-us/
Amino Club,aminoclub.com,support@aminoclub.com,,no,ok,https://www.aminoclub.com/us/contact
Aminologix,aminologix.com,support@aminologix.com,,no,ok,https://aminologix.com/contact
Atomik Labs,atomiklabz.com,support@atomiklabz.com,,yes,ok,https://atomiklabz.com/contact-us/
Bio Hacker Lab,biohackerlab.us,,,no,unreachable,https://biohackerlab.us/
Bulk Research Supply,bulkresearchsupply.co,,,no,unreachable,https://bulkresearchsupply.co/
Compounding Rx USA,compoundingrxusa.com,,,yes,no_email,https://compoundingrxusa.com/contact-us/
Double R Labs,doublerlabs.is,DoubleRlabs@protonmail.com,,yes,ok,https://doublerlabs.is/contact
Elements DNA,elementsdna.com,,,no,unreachable,https://elementsdna.com/
Elite Research,eliteresearchusa.com,,,no,unreachable,https://eliteresearchusa.com/login
Glow Aminos,glowaminos.com,support@glowaminos.com,,no,ok,https://glowaminos.com/
Harbor Labs,harborlabsusa.com,support@harborlabsusa.com,,yes,ok,https://harborlabsusa.com/pages/contact
Kimera Chems,kimerachems.io,help@kimerachems.io,sales@sciencebio.io,yes,ok,https://kimerachems.io/contact
Lab Rats,labratslabs.com,info@labratslabs.com,,yes,ok,https://labratslabs.com/
Modern Aminos,modernaminos.com,cs@modernaminos.com,modernaminos321@gmail.com,no,ok,https://modernaminos.com/contact-us/
MR Sarm,mrsarm.is,,,no,no_email,https://mrsarm.is/contact-us/
Nexgen Peptides,nexgenpeptides.com,,,yes,no_email,https://nexgenpeptides.com/
Oath Research,oathresearch.com,team@oathresearch.com,,yes,ok,https://oath-peptides.oathresearch.com/
OmegaAmino,omegamino.net,cs@omegamino.net,orders@omegaminosource.com,yes,ok,https://omegamino.net/terms-and-conditions/
Peptide Tech,peptidetech.co,cs@peptidetech.co,,no,ok,https://peptidetech.co/contact-us/
Peptides BioTech,,,,,not_found,
Peptides Certified,,,,,not_found,
Peptidology,peptidology.co,hello@peptidology.co,,yes,ok,https://peptidology.co/privacy-policy/
Phoenix Pharmaceuticals,phoenixpeptide.com,info@phoenixpeptide.com,,yes,ok,https://phoenixpeptide.com/contact-us/
Planet Peptide,planetpeptide.com,hello@planetpeptide.com,,yes,ok,https://planetpeptide.com/contact/
Prime Peptides,primepeptides.co,,,yes,no_email,https://primepeptides.co/contact/
Pure Health Peptides (2),purehealthpeptides.com,info@purehealthpeptides.com,sales@purehealthpeptides.com,yes,ok,https://purehealthpeptides.com/contact-us/
Pure Health Peptides (US),,,,,not_found,
Raven's Nest,ravensclass.is,,,no,no_email,https://ravensclass.is/
SomaChems,somachems.com,,,,unreachable,https://somachems.com/contact-us
The Precision Peptide Company Inc.,precisionpeptidecompany.com,support@precisionpeptidecompany.com,,yes,ok,https://precisionpeptidecompany.com/contact
USA Made Research Peptides,usmaderesearchpeptides.com,usmaderesearch@gmail.com,,yes,ok,https://www.usmaderesearchpeptides.com/contact-us/
Verified Peptides,verifiedpeptides.com,support@verifiedpeptides.com,,no,ok,https://verifiedpeptides.com/faq/
Zesty Rat,zestyratresearch.com,,,no,no_email,https://zestyratresearch.com/contact/
