Vendor,Country,PeptideBase Tier,Listed On,PeptideBase Profile,Finnrick Profile,Website,Email,WhatsApp,Telegram/Signal,Phone,Social,Email Source,Notes
10 Bottle Value,Latvia,Nothing at all,PeptideBase,https://peptidebase.io/research-vendors/10-bottle-value,,,,,,,,,
Aavant Research,United States,Finnrick 85%,Finnrick,,https://www.finnrick.com/vendors/aavant-research,https://aavantpeptides.com,,,,,,,Contact form at aavantpeptides.com/contact; no email surfaced; Finnrick retatrutide tests (public sample): 1 pass / 1 fail; Finnrick retatrutide 2026 samples: 1 pass/1 fail; Finnrick tirzepatide tests (public sample): 1 pass / 0 fail; Finnrick tirzepatide rating 89%
ADVBioLabs,Australia,Vendor's own word 2/6,PeptideBase,https://peptidebase.io/research-vendors/advbiolabs,,,,,,,,,
Allen Biotechnology Co ABC,,,Finnrick,,https://www.finnrick.com/vendors/allen-biotechnology-co-abc,,,,,,,,Finnrick retatrutide tests (public sample): 1 pass / 0 fail; Finnrick retatrutide rating 90%
Alpha Omega Peptide,United States,Vendor's own word 2/6,"PeptideBase, PeptiPrices",https://peptidebase.io/research-vendors/alpha-omega-peptide,,https://alphaomegapeptide.com,support@alphaomegapeptide.com,,,(888) 453-0711,,alphaomegapeptide.com,"6586 W Atlantic Ave Ste 1112, Delray Beach FL; (888) 453-0711"
Alpha Peptides,,,PeptiPrices,,,https://alpha-peptides.io,,,,,,,
AMC Essentials,United States,Nothing at all,"PeptideBase, PeptiPrices",https://peptidebase.io/research-vendors/amc-essentials,,https://amc-essentials.com,,,,,,,
American Peptide Research,United States,Nothing at all,PeptideBase,https://peptidebase.io/research-vendors/american-peptide-research,,,,,,,,,
Amino Asylum,United States,Vendor's own word 1/6,PeptideBase,https://peptidebase.io/research-vendors/amino-asylum,,,,,,,,,
Amino Club,United States,Vendor's own word 1/6,PeptideBase,https://peptidebase.io/research-vendors/amino-club,,,,,,,,,
Amino Lair,United States,Finnrick 87%,Finnrick,,,https://aminolair.com,,+1 623 283 8192,Telegram @aminolair; Signal aminolair.01,,Instagram @aminolair; Reddit amino-lairUSA,GLP-1 Forum vendor thread (email obfuscated),Telegram @aminolair; Signal aminolair.01; WhatsApp +1-623-283-8192; Instagram @aminolair; Zelle/Venmo/CashApp/BTC
Amino Pure Canada,Canada,Vendor's own word 4/6,PeptideBase,https://peptidebase.io/research-vendors/amino-pure-canada,,,,,,,,,
Amino Sequence,,,PeptiPrices,,,https://aminosequence.com,,,,,,,
Aminologix,United States,Vendor's own word 1/6,PeptideBase,https://peptidebase.io/research-vendors/aminologix,,,,,,,,,
AminoVault,United States,Vendor's own word 3/6,PeptideBase,https://peptidebase.io/research-vendors/aminovault,,,,,,,,,
AminoWell,United States,Nothing at all,PeptideBase,,,,,,,,,,No PeptideBase profile page
Andy Peps Studio,,,Finnrick,,https://www.finnrick.com/vendors/andy-peps-studio,,,,,,,,Finnrick tirzepatide tests (public sample): 1 pass / 0 fail; Finnrick tirzepatide rating 91%
Anglo Peptides,United Kingdom,Nothing at all,PeptideBase,,,,,,,,,,No PeptideBase profile page
Arcane Peptides,,,PeptiPrices,,,https://arcanepeptides.com,,,,,,,
Ascension Peptides,United States,Vendor's own word 2/6,"PeptideBase, PeptiPrices",https://peptidebase.io/research-vendors/ascensionpeptides,,https://ascensionpeptides.com,,,,,,,
Atomik Labs,United States,Nothing at all,"PeptideBase, PeptiPrices, Finnrick",,https://www.finnrick.com/vendors/atomik-labz,https://atomiklabz.com,,,,,,,No PeptideBase profile page; Finnrick retatrutide tests (public sample): 1 pass / 0 fail; Finnrick tirzepatide tests (public sample): 1 pass / 0 fail
Australian Peptide Store,Australia,Vendor's own word 1/6,PeptideBase,https://peptidebase.io/research-vendors/australian-peptide-store,,,,,,,,,
Australian Peptides,Australia,Vendor's own word 1/6,PeptideBase,https://peptidebase.io/research-vendors/australian-peptides,,,,,,,,,
Bacteriostatic Water Supplies,,,PeptiPrices,,,https://bacteriostaticwatersupplies.com,,,,,,,
Baohua Dongnuo Biotechnology BHD,,,Finnrick,,https://www.finnrick.com/vendors/baohua-dongnuo-biotechnology-bhd,,,,,,,,Finnrick tirzepatide tests (public sample): 1 pass / 0 fail
Baoju Chemical,China,,Finnrick,,https://www.finnrick.com/vendors/baoju-chemical,,,,,,,,Finnrick tirzepatide tests (public sample): 1 pass / 0 fail
Behemoth Labz,United States,Vendor's own word 2/6,PeptideBase,https://peptidebase.io/research-vendors/behemoth-labz,,,,,,,,,
BeiBangAn,,,Finnrick,,https://www.finnrick.com/vendors/beibangan,,,,,,,,Finnrick retatrutide tests (public sample): 2 pass / 0 fail; Finnrick tirzepatide tests (public sample): 4 pass / 0 fail
Bfflink,,,Finnrick,,https://www.finnrick.com/vendors/bfflink,,,,,,,,Finnrick retatrutide tests (public sample): 1 pass / 0 fail; Finnrick tirzepatide tests (public sample): 1 pass / 1 fail
Bio Hacker Lab,United States,Nothing at all,PeptideBase,https://peptidebase.io/research-vendors/biohackerlab,,,,,,,,,
BiochemAPI,,,Finnrick,,https://www.finnrick.com/vendors/biochemapi,,,,,,,,Finnrick retatrutide tests (public sample): 0 pass / 1 fail
BioEdge Research Labs,United States,Vendor's own word 1/6,PeptideBase,,,,,,,,,,No PeptideBase profile page
Biolongevity Labs,United States,Nothing at all,"PeptideBase, PeptiPrices",,,https://biolongevitylabs.com,,,,,,,No PeptideBase profile page
Bioplex Peptides,United Kingdom,Vendor's own word 1/6,PeptideBase,https://peptidebase.io/research-vendors/bioplex-peptides,,,,,,,,,
Biotech Peptides,United States,Vendor's own word 4/6,PeptideBase,https://peptidebase.io/research-vendors/biotech-peptides,,https://biotechpeptides.com,support@biotechpeptides.com,,,,,biotechpeptides.com/contact-us,
BizPeptide,United States (OR),,Finnrick,,https://www.finnrick.com/vendors/bizpeptide,https://bizpeptide.com,info@bizpeptide.com,+1 503 752 9647,,,,Finnrick contact channels,No published tests yet
Blackline Scientific,United States,Vendor's own word 1/6,PeptideBase,https://peptidebase.io/research-vendors/blackline-scientific,,,,,,,,,
Blank Peptides,United States,Vendor's own word 4/6,"PeptideBase, PeptiPrices",https://peptidebase.io/research-vendors/blank-peptides,,https://blankpeptides.com,,,,,,blankpeptides.com/faq — email obfuscated on page,Response 1-2 business hrs; wholesale page at blankpeptides.com/wholesale
Blue Sky Peptide,United States,Vendor's own word 1/6,PeptideBase,https://peptidebase.io/research-vendors/blue-sky-peptide,,,,,,,,,
Bluewell Peptides,United Kingdom,Vendor's own word 2/6,PeptideBase,https://peptidebase.io/research-vendors/bluewell-peptides,,,,,,,,,
Bondi Peptides,Australia,Vendor's own word 1/6,PeptideBase,https://peptidebase.io/research-vendors/bondi-peptides,,,,,,,,,
Bulk Peptide Wholesale,United States,Vendor's own word 2/6,PeptideBase,https://peptidebase.io/research-vendors/bulk-peptide-wholesale,,,,,,,,,
Bulk Peptides,,,PeptiPrices,,,https://bulkpeptides.com,,,,,,,
Bulk Research Supply,United States,Nothing at all,PeptideBase,,,,,,,,,,No PeptideBase profile page
Cellupep,,,Finnrick,,https://www.finnrick.com/vendors/cellupep,,,,,,,,Finnrick tirzepatide tests (public sample): 2 pass / 0 fail
Chameleon Peptides,United States,Tested independently,PeptideBase,https://peptidebase.io/research-vendors/chameleon-peptides,,https://chameleonpeptides.com,support@chameleonpeptides.com,,,(916) 450-9387,X @Chameleonpeps,Site footer,Origin Sourcing Group LLC; Sacramento CA; (916) 450-9387
Changan District Sheng Peptide Trading,China,,Finnrick,,https://www.finnrick.com/vendors/changan-district-sheng-peptide-trading,,,,,,,,Finnrick retatrutide tests (public sample): 1 pass / 0 fail
Changyuan Polypeptide,China,,Finnrick,,https://www.finnrick.com/vendors/changyuan-polypeptide,,,,,,,,Finnrick retatrutide tests (public sample): 1 pass / 0 fail
Chemyo,United States,Vendor's own word 2/6,PeptideBase,https://peptidebase.io/research-vendors/chemyo,,,,,,,,,
Chimera Peptides,,Finnrick 87%,Finnrick,,https://www.finnrick.com/vendors/chimera-peptides,https://chimera-peptides.com,,,,,,Finnrick vendor page,Alt domain chimerapeptides.com; no email listed on Finnrick; Finnrick retatrutide tests (public sample): 3 pass / 0 fail; Finnrick retatrutide rating 91%; Finnrick tirzepatide tests (public sample): 1 pass / 0 fail
CK Peptides,United Kingdom,Vendor's own word 2/6,PeptideBase,https://peptidebase.io/research-vendors/ck-peptides,,,,,,,,,
Compounding Rx USA,United States,Vendor's own word 1/6,PeptideBase,https://peptidebase.io/research-vendors/compounding-rx-usa,,,,,,,,,
Core Labs AU,Australia,Nothing at all,PeptideBase,https://peptidebase.io/research-vendors/core-labs-au,,,,,,,,,
Core Peptides,United States,Vendor's own word 2/6,PeptideBase,https://peptidebase.io/research-vendors/core-peptides,,,,,,,,,
Corix Research Labs UK Limited,United Kingdom,Vendor's own word 3/6,PeptideBase,https://peptidebase.io/research-vendors/corix-research-labs-uk-limited,,,,,,,,,
Crownwell Research,,,PeptiPrices,,,https://crownwellresearch.com,,,,,,,
Crush Research,United States,Vendor's own word 3/6,"PeptideBase, PeptiPrices, Finnrick",https://peptidebase.io/research-vendors/crush-research-us,https://www.finnrick.com/vendors/crush-research,https://crushresearch.shop,customerservice@crushresearch.com,,,,"Co-owner Rory = ""Peptok"" on social",Trustpilot vendor reply,"1309 Coffeen Ave STE 1200, Sheridan WY 82801; co-owner Rory (Peptok); Finnrick #16 (84%); Finnrick retatrutide tests (public sample): 1 pass / 0 fail"
CS Research,United States,Vendor's own word 1/6,PeptideBase,https://peptidebase.io/research-vendors/cs-research,,,,,,,,,
DAHAN Peptide,,,Finnrick,,https://www.finnrick.com/vendors/dahan-peptide,,,,,,,,Finnrick tirzepatide tests (public sample): 1 pass / 0 fail
Dalian Handom Chemicals HDC,China,,Finnrick,,https://www.finnrick.com/vendors/dalian-handom-chemicals-hdc,,,,,,,,Finnrick retatrutide tests (public sample): 1 pass / 1 fail; Finnrick tirzepatide tests (public sample): 0 pass / 1 fail
Dankang BioHealth,China,,Finnrick,,https://www.finnrick.com/vendors/dankang-biohealth,,,,,,,,Finnrick tirzepatide tests (public sample): 0 pass / 1 fail
Deuschem,,,Finnrick,,https://www.finnrick.com/vendors/deuschem,,,,,,,,Listed on Finnrick product rankings
DH Peps,,,Finnrick,,https://www.finnrick.com/vendors/dh-peps,,,,,,,,Finnrick tirzepatide tests (public sample): 1 pass / 1 fail
Direct Peptides,United States,Vendor's own word 2/6,PeptideBase,https://peptidebase.io/research-vendors/direct-peptides,,,,,,,,,
Disguised Alpha,United States,Vendor's own word 1/6,PeptideBase,https://peptidebase.io/research-vendors/disguised-alpha,,,,,,,,,
Double R Labs,United States,Nothing at all,PeptideBase,https://peptidebase.io/research-vendors/double-r-labs,,,,,,,,,
Dr Peptides,United Kingdom,Vendor's own word 1/6,PeptideBase,https://peptidebase.io/research-vendors/dr-peptides,,,,,,,,,
EHZ Peptides,,,Finnrick,,https://www.finnrick.com/vendors/ehz-peptides,https://ehzpeptides.com,,,,,,ehzpeptides.com/contact (email obfuscated),Finnrick retatrutide tests (public sample): 0 pass / 0 fail; Finnrick retatrutide rating 90%; WhatsApp-first seller per Finnrick; no channels on file; Finnrick reta 90%
Element SARMS,United States,Vendor's own word 1/6,PeptideBase,https://peptidebase.io/research-vendors/elementsarms,,,,,,,,,
Elements DNA,United States,Vendor's own word 1/6,PeptideBase,https://peptidebase.io/research-vendors/elements-dna,,,,,,,,,
Elite Biogenix,United States,Vendor's own word 2/6,PeptideBase,https://peptidebase.io/research-vendors/elite-biogenix,,,,,,,,,
Elite Research,United States,Nothing at all,PeptideBase,,,,,,,,,,No PeptideBase profile page
Elyria Bio,United States,Vendor's own word 2/6,PeptideBase,https://peptidebase.io/research-vendors/elyria-bio,,,,,,,,,
Emlin BioScience Exchange,,Finnrick 85%,Finnrick,,https://www.finnrick.com/vendors/emlin-bioscience-exchange,,,,,,,,Finnrick #13; Finnrick retatrutide tests (public sample): 3 pass / 0 fail
Endura Peptides,,,PeptiPrices,,,https://endurapeptides.com,,,,,,,
Eternal Peptides,United States,Vendor's own word 3/6,"PeptideBase, PeptiPrices, Finnrick",https://peptidebase.io/research-vendors/eternal-peptides,https://www.finnrick.com/vendors/eternal-peptides,https://eternalpeptides.com,support@eternalpeptides.com,,,910-767-9503 (text),,eternalpeptides.com/contact-us,Text 910-767-9503; also eternalpeptides.net; Finnrick tirzepatide tests (public sample): 1 pass / 0 fail
EuroPeptides,Germany,Vendor's own word 2/6,PeptideBase,https://peptidebase.io/research-vendors/europeptides,,,,,,,,,
Expert Peptide,,,Finnrick,,https://www.finnrick.com/vendors/expert-peptide,,,,,,,,Finnrick retatrutide tests (public sample): 1 pass / 0 fail; Finnrick tirzepatide tests (public sample): 3 pass / 0 fail
EZ Peptides (AU),Australia,Nothing at all,PeptideBase,https://peptidebase.io/research-vendors/ez-peptides,,,,,,,,,
EZ Peptides (US),United States,Vendor's own word 3/6,"PeptideBase, PeptiPrices",https://peptidebase.io/research-vendors/ez-peptides-us,,https://ezpeptides.com,,,,,,,
Fashion Pep,,,Finnrick,,https://www.finnrick.com/vendors/fashion-pep,,,,,,,,Finnrick tirzepatide tests (public sample): 0 pass / 1 fail
Felix Chem,,,PeptiPrices,,,https://felixchem.is,,,,,,,
Flawless Compounds,,,PeptiPrices,,,https://flawlesscompounds.com,,,,,,,
Forge Performance Co.,United States,Vendor's own word 4/6,PeptideBase,https://peptidebase.io/research-vendors/forge-performance-co,,,,,,,,,
Fusion Peptide,United States,Vendor's own word 2/6,PeptideBase,https://peptidebase.io/research-vendors/fusion-peptide,,,,,,,,,
GenScript,United States,Nothing at all,PeptideBase,,,,,,,,,,No PeptideBase profile page
Glacier Aminos,United States,Nothing at all,"PeptideBase, PeptiPrices",,,https://glacieraminos.shop,,,,,,,No PeptideBase profile page
Global Peptide Sciences,Australia,Nothing at all,PeptideBase,https://peptidebase.io/research-vendors/global-peptide-sciences,,,,,,,,,
Glow Aminos,United States,Nothing at all,"PeptideBase, PeptiPrices",,,https://glowaminos.com,,,,,,,No PeptideBase profile page
Good Science,United States,Nothing at all,PeptideBase,https://peptidebase.io/research-vendors/good-science,,,,,,,,,
Grey Axis Research,United States,Nothing at all,PeptideBase,,,,,,,,,,No PeptideBase profile page
Guangzhou Aoyu,China,,Finnrick,,https://www.finnrick.com/vendors/guangzhou-aoyu,,,,,,,,Finnrick tirzepatide tests (public sample): 2 pass / 1 fail
Guangzhou Jeep Biotechnology JEEP,China,,Finnrick,,https://www.finnrick.com/vendors/guangzhou-jeep-biotechnology-jeep,,,,,,,,Finnrick retatrutide tests (public sample): 2 pass / 3 fail; Finnrick tirzepatide tests (public sample): 2 pass / 0 fail
Guangzhou Yuao Trading,China,,Finnrick,,https://www.finnrick.com/vendors/guangzhou-yuao-trading,,,,,,,,Finnrick retatrutide tests (public sample): 1 pass / 0 fail
Guangzhou yunyu trading,China,,Finnrick,,https://www.finnrick.com/vendors/guangzhou-yunyu-trading,,,,,,,,Finnrick retatrutide tests (public sample): 0 pass / 2 fail
Haikou Mingheng Biotechnology,China,,Finnrick,,https://www.finnrick.com/vendors/haikou-mingheng-biotechnology,,,,,,,,Finnrick tirzepatide tests (public sample): 1 pass / 0 fail
Haikou Mingheng Technology,China,,Finnrick,,https://www.finnrick.com/vendors/haikou-mingheng-technology,,,,,,,,Finnrick retatrutide tests (public sample): 1 pass / 0 fail; Finnrick tirzepatide tests (public sample): 1 pass / 0 fail
Hainan Flying International Trade,China,,Finnrick,,https://www.finnrick.com/vendors/hainan-flying-international-trade,,,,,,,,Finnrick retatrutide tests (public sample): 2 pass / 0 fail
Hangzhou Mandy Biotechnology,China,,Finnrick,,https://www.finnrick.com/vendors/hangzhou-mandy-biotechnology,,,,,,,,Finnrick retatrutide tests (public sample): 1 pass / 0 fail; Finnrick tirzepatide tests (public sample): 1 pass / 0 fail
Hangzhou Youngpeptide Biotechnology HYB,China,,Finnrick,,https://www.finnrick.com/vendors/hangzhou-youngpeptide-biotechnology-hyb,,,,,,,,Finnrick retatrutide tests (public sample): 0 pass / 1 fail; Finnrick tirzepatide tests (public sample): 1 pass / 0 fail
Harbor Labs,United States,Vendor's own word 3/6,PeptideBase,https://peptidebase.io/research-vendors/harbor-labs,,,,,,,,,
HealthTide Biotech,,,Finnrick,,https://www.finnrick.com/vendors/healthtide-biotech,,,,,,,,Finnrick retatrutide tests (public sample): 0 pass / 1 fail
Hebei Rimao Technology,China,,Finnrick,,https://www.finnrick.com/vendors/hebei-rimao-technology,,,,,,,,Finnrick tirzepatide tests (public sample): 1 pass / 0 fail
HelixBridge,,,Finnrick,,https://www.finnrick.com/vendors/helixbridge,,,,,,,,Finnrick retatrutide tests (public sample): 2 pass / 0 fail
Helixora Peptides,United States,Nothing at all,PeptideBase,,,,,,,,,,No PeptideBase profile page
Heman Peptide HM,,,Finnrick,,https://www.finnrick.com/vendors/heman-peptide-hm,,,,,,,,Finnrick retatrutide tests (public sample): 7 pass / 1 fail; Finnrick tirzepatide tests (public sample): 8 pass / 1 fail
Henan Sahe Peptide,China,,Finnrick,,https://www.finnrick.com/vendors/henan-sahe-peptide,,,,,,,,Finnrick retatrutide tests (public sample): 2 pass / 0 fail; Finnrick tirzepatide tests (public sample): 2 pass / 1 fail
Hengan Peptide Factory,,,Finnrick,,https://www.finnrick.com/vendors/hengan-peptide-factory,,,,,,,,Finnrick retatrutide tests (public sample): 1 pass / 0 fail
HK Peptides,,,Finnrick,,https://www.finnrick.com/vendors/hk-peptides,,,,,,,,Finnrick retatrutide tests (public sample): 3 pass / 0 fail; Finnrick tirzepatide tests (public sample): 2 pass / 0 fail
HkRoids,,,Finnrick,,https://www.finnrick.com/vendors/hkroids,,,,,,,,Finnrick tirzepatide tests (public sample): 3 pass / 0 fail
Homopeptide,,,Finnrick,,https://www.finnrick.com/vendors/homopeptide,,,,,,,,Finnrick retatrutide tests (public sample): 2 pass / 0 fail; Finnrick tirzepatide tests (public sample): 1 pass / 1 fail
Honest Peptide,United States,Vendor's own word 3/6,PeptideBase,https://peptidebase.io/research-vendors/honest-peptide,,,,,,,,,
Hong Kong Meiliduo Technology Limited,China,,Finnrick,,https://www.finnrick.com/vendors/hong-kong-meiliduo-technology-limited,,,,,,,,Finnrick retatrutide tests (public sample): 1 pass / 0 fail
Huaian Hanyou Peptide,China,,Finnrick,,https://www.finnrick.com/vendors/huaian-hanyou-peptide,,,,,,,,Finnrick retatrutide tests (public sample): 3 pass / 2 fail; Finnrick tirzepatide tests (public sample): 2 pass / 1 fail
Huatai Peptide,,,Finnrick,,https://www.finnrick.com/vendors/huatai-peptide,,,,,,,,Finnrick retatrutide tests (public sample): 1 pass / 0 fail
Huayi Biotechnology,China,,Finnrick,,https://www.finnrick.com/vendors/huayi-biotechnology,https://mapeptide.myshoplaza.com,a3580565710@outlook.com,+852 5170 6189; +86 157 2655 5157; +86 134 6542 3815; +86 153 1246 8963,,,facebook.com (per Finnrick),Finnrick contact channels,"Finnrick tirzepatide tests (public sample): 1 pass / 0 fail; Finnrick GHK-Cu 93%, tirz 88%, reta 87%"
HXNet,China (Hebei Xunou),,Finnrick,,https://www.finnrick.com/vendors/hxnet,,xunou8@hbxunou.com,+852 9681 4697; +86 175 3195 7005; +91 95503 33722,,,,Finnrick contact channels,Finnrick retatrutide tests (public sample): 1 pass / 0 fail; Finnrick tirzepatide tests (public sample): 3 pass / 0 fail; Finnrick tirzepatide rating 89%; Old domain dead; sells via forum/Pastebin; Finnrick tirz 89%
Hybiopeptides,,,Finnrick,,https://www.finnrick.com/vendors/hybiopeptides,,,,,,,,Finnrick retatrutide tests (public sample): 1 pass / 0 fail; Finnrick tirzepatide tests (public sample): 0 pass / 1 fail
Ignite Peptides,United States,Vendor's own word 1/6,"PeptideBase, PeptiPrices",https://peptidebase.io/research-vendors/ignite-peptides,,https://ignitepeptides.com,,,,,,,
Iluma Peptide Co,United States,Nothing at all,PeptideBase,https://peptidebase.io/research-vendors/iluma-peptide-co,,,,,,,,,
Imperial Peptides UK,United Kingdom,Vendor's own word 2/6,PeptideBase,https://peptidebase.io/research-vendors/imperial-peptides-uk,,,,,,,,,
Injectify,,,Finnrick,,https://www.finnrick.com/vendors/injectify,,,,,,,,Listed on Finnrick product rankings
Inno Peptides,Hong Kong/China,Finnrick 88%,Finnrick,,https://www.finnrick.com/vendors/inno-peptides,https://innopeptide.com,support@innopeptide.com,+852 9440 7950; +852 4748 1920; +852 4748 8025; +1 334 370 3454,,,,Finnrick vendor page,WhatsApp +852 9440 7950 / +1 334 370 3454; alt site es.innopeptides.com; Finnrick flags parked storefront + DM sales; Finnrick retatrutide tests (public sample): 4 pass / 0 fail; Finnrick retatrutide rating 92%; Finnrick tirzepatide tests (public sample): 2 pass / 1 fail
Ion Peptide,United States,Vendor's own word 1/6,"PeptideBase, PeptiPrices, Finnrick",https://peptidebase.io/research-vendors/ion-peptide,https://www.finnrick.com/vendors/ion-peptide,https://ionpeptide.com,,,,,,,Finnrick retatrutide tests (public sample): 2 pass / 0 fail
Iron Labs,United States,Vendor's own word 1/6,PeptideBase,https://peptidebase.io/research-vendors/iron-labs,,,,,,,,,
Iron Within,United States,Nothing at all,PeptideBase,,,,,,,,,,No PeptideBase profile page
Jinan Elitepeptide Chemical JEC JCE,China,Finnrick 84%,Finnrick,,https://www.finnrick.com/vendors/jinan-elitepeptide-chemical-jec-jce,,,,,,,,Finnrick #18; Finnrick tirzepatide tests (public sample): 1 pass / 0 fail
Kalyx Labs,United States,Nothing at all,PeptideBase,https://peptidebase.io/research-vendors/kalyx-labs,,,,,,,,,
Kangshengda Technology,China,,Finnrick,,https://www.finnrick.com/vendors/kangshengda-technology,,,,,,,,Finnrick tirzepatide tests (public sample): 3 pass / 0 fail
Kerui Peptide HongKong,China,,Finnrick,,https://www.finnrick.com/vendors/kerui-peptide-hongkong,,,,,,,,Finnrick retatrutide tests (public sample): 3 pass / 0 fail; Finnrick tirzepatide tests (public sample): 3 pass / 0 fail
Kimera Chems,United States,Vendor's own word 2/6,PeptideBase,https://peptidebase.io/research-vendors/kimerachems,,,,,,,,,
Kits4less,United States,Finnrick 84%,Finnrick,,,,,,,,,,Finnrick #15
Konors Peptide,,,Finnrick,,https://www.finnrick.com/vendors/konors-peptide,,,,,,,,Finnrick retatrutide tests (public sample): 2 pass / 0 fail
Kylo Peptides,United States,Vendor's own word 1/6,PeptideBase,https://peptidebase.io/research-vendors/kylo-peptides,,,,,,,,,
LA Peptides,,,PeptiPrices,,,https://lapeptides.net,,,,,,,
Lab Rats,United States,Nothing at all,PeptideBase,,,,,,,,,,No PeptideBase profile page
LabGrade Peptides,United States,Nothing at all,PeptideBase,https://peptidebase.io/research-vendors/labgrade-peptides,,,,,,,,,
LabSourced,,,PeptiPrices,,,https://labsourced.com,,,,,,,
Laicuinuo LCN,China,,Finnrick,,https://www.finnrick.com/vendors/laicuinuo-lcn,,,,,,,,Finnrick tirzepatide tests (public sample): 0 pass / 1 fail
Lejian Biotech Peptide,China,Finnrick 86%,Finnrick,,,,,,,,,,Finnrick #6
Liberty Peptides,United States,Nothing at all,PeptideBase,https://peptidebase.io/research-vendors/liberty-peptides,,,,,,,,,
Licensed Peptides,United States,Vendor's own word 2/6,"PeptideBase, Finnrick",https://peptidebase.io/research-vendors/licensed-peptides,https://www.finnrick.com/vendors/licensed-peptides,,,,,,,,Finnrick retatrutide tests (public sample): 1 pass / 0 fail
LiliPeptide,,,Finnrick,,https://www.finnrick.com/vendors/lilipeptide,,,,,,,,Finnrick retatrutide tests (public sample): 4 pass / 1 fail; Finnrick tirzepatide tests (public sample): 5 pass / 0 fail
Limitless Biochem,United States,Nothing at all,PeptideBase,,,,,,,,,,No PeptideBase profile page
Limitless Life Nootropics,United States,Vendor's own word 1/6,"PeptideBase, PeptiPrices",https://peptidebase.io/research-vendors/limitless-life-nootropics,,https://limitlesslifenootropics.com,,,,,,,
Limitless Peptides,United States,Tested independently,PeptideBase,https://peptidebase.io/research-vendors/limitless-peptides,,,,,,,,,
Lipeptides,,,Finnrick,,https://www.finnrick.com/vendors/lipeptides,,,,,,,,Finnrick retatrutide tests (public sample): 3 pass / 0 fail; Finnrick tirzepatide tests (public sample): 1 pass / 0 fail
Lisa Biopeptide,,,Finnrick,,https://www.finnrick.com/vendors/lisa-biopeptide,,,,,,,,Finnrick retatrutide tests (public sample): 1 pass / 2 fail; Finnrick tirzepatide tests (public sample): 2 pass / 2 fail
LiveWell Peptides,United States,Vendor's own word 3/6,PeptideBase,https://peptidebase.io/research-vendors/livewell-peptides,,,,,,,,,
LKZ Peptide Pharmaceutical,,,Finnrick,,https://www.finnrick.com/vendors/lkz-peptide-pharmaceutical,,,,,,,,Finnrick retatrutide tests (public sample): 1 pass / 0 fail
LN Peptides,,,Finnrick,,https://www.finnrick.com/vendors/ln-peptides,,,,,,,,Finnrick retatrutide tests (public sample): 1 pass / 1 fail
Longevity Peptides,United States,Vendor's own word 2/6,PeptideBase,https://peptidebase.io/research-vendors/longevity-peptides,,,,,,,,,
Lotus Bio,,Finnrick 86%,Finnrick,,,,,,,,,,Finnrick #7
LP Peptide,,,Finnrick,,https://www.finnrick.com/vendors/lp-peptide,,,,,,,,Finnrick retatrutide tests (public sample): 4 pass / 1 fail; Finnrick tirzepatide tests (public sample): 2 pass / 0 fail
LSPL,,,Finnrick,,https://www.finnrick.com/vendors/lspl,,,,,,,,Finnrick tirzepatide tests (public sample): 3 pass / 0 fail
Lumera Labs,,,PeptiPrices,,,https://mylumeralabs.com,,,,,,,
Lumi Peptides,,,PeptiPrices,,,https://lumipeptides.com,,,,,,,
Lumira,,,Finnrick,,https://www.finnrick.com/vendors/lumira,,,,,,,,Finnrick retatrutide tests (public sample): 2 pass / 0 fail; Finnrick tirzepatide tests (public sample): 3 pass / 0 fail
Lux Synth Aminos,,,Finnrick,,https://www.finnrick.com/vendors/lux-synth-aminos,,,,,,,,Finnrick retatrutide tests (public sample): 1 pass / 0 fail
M-Peptides,,,Finnrick,,https://www.finnrick.com/vendors/m-peptides,,,,,,,,Finnrick tirzepatide tests (public sample): 1 pass / 0 fail
Mai Peptide,,,Finnrick,,https://www.finnrick.com/vendors/mai-peptide,,,,,,,,Finnrick tirzepatide tests (public sample): 1 pass / 2 fail
Maple Research Labs,Canada,Nothing at all,PeptideBase,https://peptidebase.io/research-vendors/maple-research-labs,,,,,,,,,
Marvel Pep,China,Finnrick 88%,Finnrick,,https://www.finnrick.com/vendors/marvel-pep,,,,,,,,Finnrick #2; contact channels not rendered — search next round; Finnrick retatrutide tests (public sample): 2 pass / 0 fail
Maurits Bio,,,Finnrick,,https://www.finnrick.com/vendors/maurits-bio,,,,,,,,Finnrick retatrutide tests (public sample): 2 pass / 0 fail
MedChemExpress,United States,Nothing at all,PeptideBase,,,,,,,,,,No PeptideBase profile page
Medi Peptide,,,Finnrick,,https://www.finnrick.com/vendors/medi-peptide,,,,,,,,Finnrick retatrutide tests (public sample): 1 pass / 0 fail
Mile High Compounds,United States,Vendor's own word 1/6,PeptideBase,https://peptidebase.io/research-vendors/mile-high-compounds,,,,,,,,,
Modern Aminos,United States,Nothing at all,"PeptideBase, PeptiPrices, Finnrick",https://peptidebase.io/research-vendors/modern-aminos,https://www.finnrick.com/vendors/modern-aminos,https://modernaminos.com,,,,,,,Finnrick retatrutide tests (public sample): 1 pass / 0 fail
Modern Research Peptides,United States,Vendor's own word 2/6,"PeptideBase, PeptiPrices",https://peptidebase.io/research-vendors/modern-research-peptides,,https://modernresearchpeptides.net,,,,,,,
Moglabs,,,PeptiPrices,,,https://moglabs.bio,,,,,,,
Mokemei Zhengzhou Biotechnology MKM,China,,Finnrick,,https://www.finnrick.com/vendors/mokemei-zhengzhou-biotechnology-mkm,,,,,,,,Finnrick retatrutide tests (public sample): 1 pass / 0 fail
MR Peptides AU,Australia,Vendor's own word 1/6,PeptideBase,https://peptidebase.io/research-vendors/mr-peptides-au,,,,,,,,,
MR Sarm,United States,Vendor's own word 1/6,PeptideBase,https://peptidebase.io/research-vendors/buy-peptides-australia,,,,,,,,,
MT Meipept,,,Finnrick,,https://www.finnrick.com/vendors/mt-meipept,,,,,,,,Finnrick tirzepatide tests (public sample): 1 pass / 0 fail
My Peptide,Australia,Nothing at all,PeptideBase,https://peptidebase.io/research-vendors/my-peptide,,,,,,,,,
Nanjing Xiyuxun Technology XYX,China,Finnrick 84%,Finnrick,,,,,,,,,,Finnrick #17
"Nantong Guangyuan Chemical Co., Ltd.",China,Vendor's own word 2/6,"PeptideBase, Finnrick",https://peptidebase.io/research-vendors/nantong-guangyuan-chemical-co-ltd,https://www.finnrick.com/vendors/nantong-guangyuan-chemical-gyc,,,,,,,,Finnrick retatrutide tests (public sample): 0 pass / 0 fail; Finnrick retatrutide rating 89%; Listed on Finnrick product rankings; Finnrick tirzepatide rating 88%
Nation Peptides,,,PeptiPrices,,,https://nationpeptides.com,,,,,,,
Nationwide Peptides,United States,Vendor's own word 2/6,PeptideBase,https://peptidebase.io/research-vendors/nationwide-peptides,,,,,,,,,
NCRP,Canada,Vendor's own word 1/6,PeptideBase,https://peptidebase.io/research-vendors/ncrp,,,,,,,,,
Nexaph,United States,Vendor's own word 2/6,"PeptideBase, Finnrick",https://peptidebase.io/research-vendors/nexaph,https://www.finnrick.com/vendors/nexaph,,,,,,,,Finnrick retatrutide tests (public sample): 1 pass / 0 fail; Finnrick tirzepatide tests (public sample): 3 pass / 0 fail
Nexgen Peptides,United States,Vendor's own word 1/6,PeptideBase,https://peptidebase.io/research-vendors/nexgen-peptides,,,,,,,,,
NextGen Peptides,United States,Vendor's own word 2/6,"PeptideBase, PeptiPrices",https://peptidebase.io/research-vendors/nextgen-peptides,,https://ngpeptide.com,,,,,,,
Noble Dragons,,,Finnrick,,https://www.finnrick.com/vendors/noble-dragons,,,,,,,,Finnrick tirzepatide tests (public sample): 1 pass / 0 fail
Norco,,Finnrick 84%,Finnrick,,https://www.finnrick.com/vendors/norco,,,,,,,,Finnrick #20; Finnrick retatrutide tests (public sample): 4 pass / 0 fail
NordPure,Norway,Not checked yet,PeptideBase,,,,,,,,,,No PeptideBase profile page
NordSci Peptides,United States,Nothing at all,PeptideBase,,,,,,,,,,No PeptideBase profile page
NovaPeptide,,Finnrick 85%,Finnrick,,https://www.finnrick.com/vendors/novapeptide,,,,,,,,Finnrick #14; Finnrick retatrutide tests (public sample): 2 pass / 0 fail
NuLife Peptides,,,Finnrick,,https://www.finnrick.com/vendors/nulife-peptides,,,,,,,,Finnrick tirzepatide tests (public sample): 2 pass / 0 fail
NuScience,United States,Vendor's own word 2/6,PeptideBase,https://peptidebase.io/research-vendors/nuscience,,,,,,,,,
NZ's Peptide Research Supply,New Zealand,Vendor's own word 1/6,PeptideBase,https://peptidebase.io/research-vendors/nz-s-peptide-research-supply,,,,,,,,,
Oasis Labs,,,PeptiPrices,,,https://myoasislabs.com,,,,,,,
Oath Research,United States,Vendor's own word 1/6,PeptideBase,https://peptidebase.io/research-vendors/oath-research,,,,,,,,,
OmegaAmino,United States,Nothing at all,PeptideBase,,,,,,,,,,No PeptideBase profile page
Oneday Compounds,,,PeptiPrices,,,https://onedaycompounds.com,,,,,,,
Onyx Biolabs,United States,Nothing at all,PeptideBase,https://peptidebase.io/research-vendors/onyx-biolabs,,,,,,,,,
OP Labs,United Kingdom,Not checked yet,PeptideBase,,,,,,,,,,No PeptideBase profile page
Orbitrex Peptides,United States,Vendor's own word 2/6,"PeptideBase, PeptiPrices, Finnrick",https://peptidebase.io/research-vendors/orbitrex-peptides,https://www.finnrick.com/vendors/orbitrex-peptides,https://orbitrexpeptide.is,,,,,,,Finnrick retatrutide tests (public sample): 1 pass / 0 fail
Oros,United States,Vendor's own word 2/6,PeptideBase,https://peptidebase.io/research-vendors/oros,,,,,,,,,
Oupeptide,,,Finnrick,,https://www.finnrick.com/vendors/oupeptide,,,,,,,,Finnrick retatrutide tests (public sample): 0 pass / 1 fail
Panda Peptides,United States,Tested independently,PeptideBase,https://peptidebase.io/research-vendors/panda-peptides,,https://pandapeptides.com,support@pandapeptides.com,,,,Trustpilot 5★ (73 reviews),pandapeptides.com/contact-us,Email pending; California
Paradigm Peptide,United States,Nothing at all,"PeptideBase, Finnrick",https://peptidebase.io/research-vendors/paradigm-peptide,,https://paradigmpeptides.com,support@paradigmpeptides.com,,,(800) 706-3449; (312) 509-0036,,pissedconsumer/company listing,"(800) 706-3449; 1511 N Convent St Ste 700-156, Bourbonnais IL 60914; Finnrick #9 (86%); CAUTION: lookalike sites (paradigm-peptide.com, paradigmpeptidesilc.com w/ gmail) claim original closed — verify"
Paramount Peptides,,,"PeptiPrices, Finnrick",,https://www.finnrick.com/vendors/paramount-peptides,https://paramountpeptides.com,,,,,,,
Particle Peptides,Slovakia,Vendor's own word 3/6,PeptideBase,https://peptidebase.io/research-vendors/particle-peptides,,,,,,,,,
Penguin Peptides,,,Finnrick,,https://www.finnrick.com/vendors/penguin-peptides,,,,,,,,Finnrick tirzepatide tests (public sample): 1 pass / 0 fail
Pepcore,Netherlands,Not checked yet,PeptideBase,,,,,,,,,,No PeptideBase profile page
PepKits,United States,Vendor's own word 1/6,PeptideBase,https://peptidebase.io/research-vendors/pepkits,,,,,,,,,
Peptagenix,United Kingdom,Not checked yet,PeptideBase,,,,,,,,,,No PeptideBase profile page
Peptagenix Peptides,United Kingdom,Nothing at all,PeptideBase,https://peptidebase.io/research-vendors/peptagenix-peptides,,,,,,,,,
PeptiAtlas,,,Finnrick,,https://www.finnrick.com/vendors/peptiatlas,,,,,,,,Finnrick tirzepatide tests (public sample): 0 pass / 1 fail
Peptide Centre,United States,Nothing at all,PeptideBase,https://peptidebase.io/research-vendors/peptide-centre,,,,,,,,,
Peptide Crafters,,,Finnrick,,https://www.finnrick.com/vendors/peptide-crafters,,,,,,,,Listed on Finnrick product rankings
Peptide Foundry,United States,Nothing at all,PeptideBase,,,,,,,,,,No PeptideBase profile page
Peptide Lab+,New Zealand,Not checked yet,PeptideBase,,,,,,,,,,No PeptideBase profile page
Peptide Partners,United States,Tested independently,"PeptideBase, Finnrick",https://peptidebase.io/research-vendors/peptide-partners,https://www.finnrick.com/vendors/peptide-partners,https://peptide.partners,support@peptide.partners,,,(941) 231-0291 call/text,X @PeptidePartners; linktr.ee/peptide.partners; Facebook Peptide.Partners,peptide.partners site header,"(941) 231-0291 call/text; 8350 Bee Ridge Rd #379, Sarasota FL 34241; 10am-5pm ET M-F; Finnrick retatrutide tests (public sample): 4 pass / 0 fail; Finnrick retatrutide rating 93%"
Peptide Pole Hongkong,Hong Kong,Finnrick 85%,Finnrick,,https://www.finnrick.com/vendors/peptide-pole-hongkong,,,,,,,,Finnrick #12; Finnrick retatrutide tests (public sample): 2 pass / 0 fail; Finnrick tirzepatide tests (public sample): 1 pass / 0 fail
Peptide Pros,United States,Vendor's own word 1/6,PeptideBase,https://peptidebase.io/research-vendors/peptide-pros,,,,,,,,,
Peptide Researches,United States,Vendor's own word 3/6,PeptideBase,https://peptidebase.io/research-vendors/peptide-researches,,,,,,,,,
Peptide Sciences,,,Finnrick,,https://www.finnrick.com/vendors/peptide-sciences,,,,,,,,Finnrick tirzepatide tests (public sample): 1 pass / 0 fail
Peptide Supply Co.,United States,Vendor's own word 1/6,PeptideBase,https://peptidebase.io/research-vendors/peptide-supply-co,,,,,,,,,
Peptide Tech,United States,Vendor's own word 1/6,PeptideBase,https://peptidebase.io/research-vendors/peptidetech,,,,,,,,,
Peptide Warehouse,Canada,Vendor's own word 1/6,PeptideBase,https://peptidebase.io/research-vendors/peptide-warehouse,,,,,,,,,
Peptide Warehouse Australia,Australia,Not checked yet,PeptideBase,,,,,,,,,,No PeptideBase profile page
Peptide Works,United States,Nothing at all,PeptideBase,https://peptidebase.io/research-vendors/peptide-works,,,,,,,,,
Peptide-S,,,Finnrick,,https://www.finnrick.com/vendors/peptide-s,,,,,,,,Finnrick retatrutide tests (public sample): 1 pass / 0 fail
PeptideJFT,,,Finnrick,,https://www.finnrick.com/vendors/peptidejft,,,,,,,,Finnrick tirzepatide tests (public sample): 1 pass / 0 fail
PeptidePlugs,United States,Vendor's own word 2/6,PeptideBase,https://peptidebase.io/research-vendors/peptideplugs,,,,,,,,,
Peptides BioTech,United States,Vendor's own word 1/6,PeptideBase,https://peptidebase.io/research-vendors/peptides-biotech,,,,,,,,,
Peptides Canada,Canada,Vendor's own word 1/6,PeptideBase,https://peptidebase.io/research-vendors/peptides-canada,,,,,,,,,
Peptides Certified,United States,Nothing at all,PeptideBase,https://peptidebase.io/research-vendors/peptidescertified,,,,,,,,,
Peptides Lab UK,United Kingdom,Vendor's own word 1/6,PeptideBase,https://peptidebase.io/research-vendors/peptides-lab-uk,,,,,,,,,
Peptides Source,United States,Vendor's own word 1/6,PeptideBase,https://peptidebase.io/research-vendors/peptidessource,,,,,,,,,
Peptides UK,United Kingdom,Vendor's own word 1/6,PeptideBase,https://peptidebase.io/research-vendors/peptides-uk,,,,,,,,,
Peptidology,United States,Vendor's own word 1/6,"PeptideBase, PeptiPrices",https://peptidebase.io/research-vendors/peptidology,,https://peptidology.co,,,,,,,
Peptime,United States,Nothing at all,PeptideBase,https://peptidebase.io/research-vendors/peptime,,,,,,,,,
Peptira,United States,Vendor's own word 1/6,"PeptideBase, PeptiPrices",https://peptidebase.io/research-vendors/peptira,,https://peptira.com,,,,,,,
PeptiSlim,Hong Kong / Australia,,Finnrick,,https://www.finnrick.com/vendors/peptislim,https://elitepeptide66.com,xabellefu@gmail.com,+852 9294 5361; +852 6886 8958; +852 6561 1457; +852 9294 2585,,,,Finnrick contact channels,Finnrick tirzepatide tests (public sample): 12 pass / 0 fail; Finnrick tirzepatide rating 88%; Also au.peptislim.com (AU storefront); Limeiren manufacturer layer per Finnrick
Peptuvia,United States,Vendor's own word 3/6,PeptideBase,https://peptidebase.io/research-vendors/peptuvia,,,,,,,,,
Pepvida Labs,,,PeptiPrices,,,https://pepvidalabs.com,,,,,,,
Performance Peptides Canada,Canada,Nothing at all,PeptideBase,https://peptidebase.io/research-vendors/performance-peptides-canada,,,,,,,,,
Pharma Lab Global,Australia,Vendor's own word 2/6,PeptideBase,https://peptidebase.io/research-vendors/pharma-lab-global,,,,,,,,,
Phoenix Pharmaceuticals,United States,Nothing at all,PeptideBase,https://peptidebase.io/research-vendors/phoenix-pharmaceuticals,,,,,,,,,
Pinnacle Peptide Labs,United States,Vendor's own word 2/6,PeptideBase,https://peptidebase.io/research-vendors/pinnacle-peptide-labs,,,,,,,,,
Pivot Labs Global,United States,Vendor's own word 3/6,PeptideBase,https://peptidebase.io/research-vendors/pivot-labs-global,,,,,,,,,
Planet Peptide,United States,Nothing at all,PeptideBase,,,,,,,,,,No PeptideBase profile page
Platinum Lion Peptides,United States,Vendor's own word 1/6,"PeptideBase, PeptiPrices",https://peptidebase.io/research-vendors/platinum-lion-peptides,,https://platinumlionpeptides.com,,,,,,,
Polar Peptides,Canada,Nothing at all,PeptideBase,,,,,,,,,,No PeptideBase profile page
Polaris Peptides,United States,Nothing at all,PeptideBase,https://peptidebase.io/research-vendors/polaris-peptides,,,,,,,,,
Polygon Peptides,United Kingdom,Vendor's own word 2/6,PeptideBase,https://peptidebase.io/research-vendors/polygon-peptides,,,,,,,,,
Precision Research UK Ltd,United Kingdom,Not checked yet,PeptideBase,,,,,,,,,,No PeptideBase profile page
Prime Peptides,United States,Tested independently,"PeptideBase, PeptiPrices",https://peptidebase.io/research-vendors/prime-peptides,,https://primepeptides.co,,,,(805) 357-5283,,primepeptides.co/contact — web form + phone only,"133 E De La Guerra St Ste 14, Santa Barbara CA; (805) 357-5283; no public email"
PROFORMA PEPTIDES UK,United Kingdom,Nothing at all,PeptideBase,https://peptidebase.io/research-vendors/proforma-peptides-uk,,,,,,,,,
Protide Health,United States,Vendor's own word 1/6,PeptideBase,https://peptidebase.io/research-vendors/protide-health,,,,,,,,,
Pura Peptides,,,Finnrick,,https://www.finnrick.com/vendors/pura-peptides,,,,,,,,Finnrick tirzepatide tests (public sample): 1 pass / 0 fail
Puratek Peptides,United States,Vendor's own word 2/6,"PeptideBase, PeptiPrices",https://peptidebase.io/research-vendors/puratek-peptides,,https://puratekpeptides.com,,,,,,,
Pure Health Peptides (2),United States,Nothing at all,PeptideBase,,,,,,,,,,No PeptideBase profile page
Pure Health Peptides (US),United States,Vendor's own word 2/6,PeptideBase,https://peptidebase.io/research-vendors/pure-health-peptides-us,,,,,,,,,
Pure Lab Peptides,United States,Vendor's own word 1/6,PeptideBase,https://peptidebase.io/research-vendors/pure-lab-peptides,,,,,,,,,
Pure Peptides,United States,Vendor's own word 1/6,PeptideBase,https://peptidebase.io/research-vendors/pure-peptides,,,,,,,,,
Pure Peptides UK,United Kingdom,Vendor's own word 2/6,PeptideBase,https://peptidebase.io/research-vendors/pure-peptides-uk,,,,,,,,,
PureRawz,United States,Nothing at all,PeptideBase,https://peptidebase.io/research-vendors/purerawz,,,,,,,,,
Purity Peptides,Canada,Vendor's own word 2/6,PeptideBase,https://peptidebase.io/research-vendors/purity-peptides-ca,,,,,,,,,
Qianmiao Peptide,China,,Finnrick,,https://www.finnrick.com/vendors/qianmiao-peptide,,,,,,,,Finnrick tirzepatide tests (public sample): 1 pass / 0 fail
Qing Li Peptide,,,Finnrick,,https://www.finnrick.com/vendors/qing-li-peptide,,,,,,,,Finnrick retatrutide tests (public sample): 4 pass / 0 fail; Finnrick tirzepatide tests (public sample): 1 pass / 0 fail
Qingdao Saber Technology Pharma QST,China,,Finnrick,,https://www.finnrick.com/vendors/qingdao-saber-technology-pharma-qst,,,,,,,,Finnrick retatrutide tests (public sample): 2 pass / 0 fail
Raven's Nest,United States,Nothing at all,PeptideBase,,,,,,,,,,No PeptideBase profile page
Raw Amino,United States,Nothing at all,PeptideBase,https://peptidebase.io/research-vendors/raw-amino,,,,,,,,,
Rayshine Peptide Biochemicals,,,Finnrick,,https://www.finnrick.com/vendors/rayshine-peptide-biochemicals,,,,,,,,Finnrick retatrutide tests (public sample): 0 pass / 1 fail
Real Peptides,United States,Vendor's own word 2/6,PeptideBase,https://peptidebase.io/research-vendors/real-peptides,,,,,,,,,
Regenerative Research,United States,Nothing at all,PeptideBase,https://peptidebase.io/research-vendors/regenerative-research,,,,,,,,,
Reinvention Compounds,United States,Vendor's own word 1/6,PeptideBase,https://peptidebase.io/research-vendors/reinvention-compounds,,,,,,,,,
Rescue Research,United States,Vendor's own word 1/6,PeptideBase,https://peptidebase.io/research-vendors/rescue-research,,,,,,,,,
Research Peptides UK,United Kingdom,Nothing at all,PeptideBase,https://peptidebase.io/research-vendors/research-peptides-uk,,,,,,,,,
Restore Peptides,United States,Vendor's own word 1/6,PeptideBase,https://peptidebase.io/research-vendors/restore-peptides,,,,,,,,,
Reta-Peptide,,,Finnrick,,https://www.finnrick.com/vendors/reta-peptide,,,,,,,,Finnrick retatrutide tests (public sample): 2 pass / 1 fail; Finnrick tirzepatide tests (public sample): 4 pass / 0 fail
Retalux,,Finnrick 87%,Finnrick,,https://www.finnrick.com/vendors/retalux,,,,,,,,Finnrick #4; contacts not rendered; Finnrick retatrutide tests (public sample): 3 pass / 0 fail; Finnrick tirzepatide tests (public sample): 2 pass / 0 fail
RetaOne,United States,Vendor's own word 1/6,"PeptideBase, PeptiPrices",https://peptidebase.io/research-vendors/retaone,,https://retaonelabs.com,,,,,,,
Rethel Jinan New Energy Technology,China,,Finnrick,,https://www.finnrick.com/vendors/rethel-jinan-new-energy-technology,,,,,,,,Finnrick retatrutide tests (public sample): 0 pass / 2 fail; Finnrick tirzepatide tests (public sample): 0 pass / 5 fail
Riptide Wellness,,,PeptiPrices,,,https://riptidewellness.com,,,,,,,
RUO,United States,Vendor's own word 1/6,"PeptideBase, PeptiPrices",https://peptidebase.io/research-vendors/ruo,,https://ruo.bio,,,,,,,
SaiyanMed,,,Finnrick,,https://www.finnrick.com/vendors/saiyanmed,,,,,,,,Finnrick retatrutide tests (public sample): 3 pass / 0 fail
Science Based,,,PeptiPrices,,,https://sciencebasedpeptides.com,,,,,,,
Shaanxi Xianhe Biotech,China,,Finnrick,,https://www.finnrick.com/vendors/shaanxi-xianhe-biotech,,,,,,,,Finnrick retatrutide tests (public sample): 1 pass / 0 fail
Shandong Aishi Biotechnology,China,,Finnrick,,https://www.finnrick.com/vendors/shandong-aishi-biotechnology,,,,,,,,Finnrick tirzepatide tests (public sample): 2 pass / 0 fail
Shandong Shengyuan Peptide Technology,China,,Finnrick,,https://www.finnrick.com/vendors/shandong-shengyuan-peptide-technology,,,,,,,,Finnrick tirzepatide tests (public sample): 1 pass / 0 fail
Shanghai Baoju,China,,Finnrick,,https://www.finnrick.com/vendors/shanghai-baoju,,,,,,,,Finnrick tirzepatide tests (public sample): 5 pass / 0 fail
Shanghai ERP peptide Biotechnology,China,,Finnrick,,https://www.finnrick.com/vendors/shanghai-erp-peptide-biotechnology,,,,,,,,Finnrick retatrutide tests (public sample): 5 pass / 0 fail; Finnrick tirzepatide tests (public sample): 2 pass / 0 fail; Finnrick tirzepatide rating 89%
Shanghai Leader Peptide Biotechnology,China,,Finnrick,,https://www.finnrick.com/vendors/shanghai-leader-peptide-biotechnology,,,,,,,,Finnrick retatrutide tests (public sample): 2 pass / 1 fail; Finnrick tirzepatide tests (public sample): 3 pass / 0 fail
Shanghai Wibson Biotechnology WBS,China,,Finnrick,,https://www.finnrick.com/vendors/shanghai-wibson-biotechnology-wbs,,,,,,,,Finnrick retatrutide tests (public sample): 2 pass / 0 fail; Finnrick tirzepatide tests (public sample): 1 pass / 0 fail
Shanxi Qianyecao Biotech QYC,China,,Finnrick,,https://www.finnrick.com/vendors/shanxi-qianyecao-biotech-qyc,,,,,,,,Finnrick retatrutide tests (public sample): 0 pass / 2 fail; Finnrick tirzepatide tests (public sample): 1 pass / 0 fail
Shenzhen Jiechuang Trading,China,,Finnrick,,https://www.finnrick.com/vendors/shenzhen-jiechuang-trading,,,,,,,,Finnrick retatrutide tests (public sample): 1 pass / 0 fail; Finnrick tirzepatide tests (public sample): 1 pass / 0 fail
Silverback Peptides,Australia,Vendor's own word 2/6,PeptideBase,https://peptidebase.io/research-vendors/silverback-peptides,,,,,,,,,
SIMPLE PEPTIDE,United States,Vendor's own word 2/6,"PeptideBase, PeptiPrices, Finnrick",https://peptidebase.io/research-vendors/simplepeptide,https://www.finnrick.com/vendors/simple-peptide,https://simplepeptide.com,,,,,,,Finnrick retatrutide tests (public sample): 1 pass / 0 fail
Skye Peptides,United States,Nothing at all,"PeptideBase, Finnrick",,https://www.finnrick.com/vendors/skye-peptides,,,,,,,,No PeptideBase profile page
Solution Peptides,,,PeptiPrices,,,https://solutionpeptides.net,,,,,,,
Solyn,United States,Vendor's own word 2/6,PeptideBase,https://peptidebase.io/research-vendors/solyn,,,,,,,,,
Soma Peptides,United States,Vendor's own word 2/6,PeptideBase,https://peptidebase.io/research-vendors/soma-peptides,,,,,,,,,
SomaChems,United States,Nothing at all,"PeptideBase, PeptiPrices",https://peptidebase.io/research-vendors/somachems,,https://somachems.com,,,,,,,
Southern Aminos,,,PeptiPrices,,,https://southernaminos.com,,,,,,,
Spartan BioLabs,,,PeptiPrices,,,https://spartanbiolab.com,,,,,,,
Sports Technology Labs,United States,Vendor's own word 2/6,PeptideBase,https://peptidebase.io/research-vendors/sports-technology-labs,,,,,,,,,
SRY Labs,China (Shanghai Senria Biotechnology),,Finnrick,,https://www.finnrick.com/vendors/sry-labs,https://srylab.bio,"no-reply@srylab.bio; staff: Haileywang@protonmail.com, peptidelucy1995@outlook.com, sryangel@proton.me, srycassie@proton.me, SryAnnie@proton.me",+33 7 82 18 48 78; +86 150 1521 5606; +86 139 7577 0513; +852 9870 5763,@SRY_Alice; @SRY_Hailey; @srylucy; @SRYAngell; @SRYCassie,,,Finnrick contact channels + MESO-Rx staff list,Finnrick retatrutide tests (public sample): 0 pass / 0 fail; Finnrick retatrutide rating 91%; Finnrick tirzepatide tests (public sample): 1 pass / 0 fail; Finnrick tirzepatide rating 92%; Alt site shsenria.com; wholesale/distributor program; crypto/bank/Wise; Finnrick tirz #1 (92%)
Steady Meds,,,Finnrick,,https://www.finnrick.com/vendors/steady-meds,,,,,,,,Finnrick retatrutide tests (public sample): 0 pass / 1 fail; Finnrick tirzepatide tests (public sample): 0 pass / 1 fail
Step One,,,PeptiPrices,,,https://s1research.net,,,,,,,
SubQ Society,,Finnrick 85%,Finnrick,,https://www.finnrick.com/vendors/subq-society,,,,,,,,Finnrick #11; Finnrick retatrutide tests (public sample): 2 pass / 0 fail
Super Peptides,,,Finnrick,,https://www.finnrick.com/vendors/super-peptides,,,,,,,,Finnrick retatrutide tests (public sample): 1 pass / 0 fail; Finnrick tirzepatide tests (public sample): 1 pass / 1 fail
Swiss Chems,United States,Vendor's own word 4/6,PeptideBase,https://peptidebase.io/research-vendors/swiss-chems,,,,,,,,,
Syhth Peptide,,,Finnrick,,https://www.finnrick.com/vendors/syhth-peptide,,,,,,,,Finnrick tirzepatide tests (public sample): 0 pass / 5 fail
Synthro Lab,,,PeptiPrices,,,https://synthrolab.com,,,,,,,
The Precision Peptide Company Inc.,United States,Not checked yet,PeptideBase,,,,,,,,,,No PeptideBase profile page
Tianjin Eleli Technology Development,China,,Finnrick,,https://www.finnrick.com/vendors/tianjin-eleli-technology-development,,,,,,,,Finnrick tirzepatide tests (public sample): 0 pass / 1 fail
Tianjin Finder Chemical TFC,China,,Finnrick,,https://www.finnrick.com/vendors/tianjin-finder-chemical-tfc,,,,,,,,Finnrick retatrutide tests (public sample): 1 pass / 1 fail; Finnrick tirzepatide tests (public sample): 1 pass / 0 fail
Tianjin Ruiwang New Material Technology Co,China,,Finnrick,,https://www.finnrick.com/vendors/tianjin-ruiwang-new-material-technology-co,,,,,,,,Finnrick retatrutide tests (public sample): 2 pass / 0 fail
Tide Labs,United Kingdom,Vendor's own word 1/6,PeptideBase,https://peptidebase.io/research-vendors/tide-labs,,,,,,,,,
Tirz Peptide,,,Finnrick,,https://www.finnrick.com/vendors/tirz-peptide,,,,,,,,Finnrick retatrutide tests (public sample): 1 pass / 0 fail
Titan Peptide Lab,United States,Vendor's own word 2/6,PeptideBase,https://peptidebase.io/research-vendors/titan-peptide-lab,,,,,,,,,
Top Peptide,,,Finnrick,,https://www.finnrick.com/vendors/top-peptide,,,,,,,,Finnrick retatrutide tests (public sample): 0 pass / 1 fail; Finnrick tirzepatide tests (public sample): 1 pass / 0 fail
True Peptide,,,PeptiPrices,,,https://truepeptidelabs.com,,,,,,,
TSC Top Supplements China,China,,Finnrick,,https://www.finnrick.com/vendors/tsc-top-supplements-china,,,,,,,,Finnrick retatrutide tests (public sample): 1 pass / 0 fail
UK Peptides,United Kingdom,Nothing at all,PeptideBase,https://peptidebase.io/research-vendors/uk-peptides,,,,,,,,,
UK Peptides (2),United Kingdom,Not checked yet,PeptideBase,,,,,,,,,,No PeptideBase profile page
UKMAXX,United Kingdom,Vendor's own word 2/6,PeptideBase,https://peptidebase.io/research-vendors/ukmaxx,,,,,,,,,
UMBRELLA LABS,United States,Vendor's own word 2/6,PeptideBase,https://peptidebase.io/research-vendors/umbrellalabs,,,,,,,,,
USA Made Research Peptides,United States,Vendor's own word 1/6,PeptideBase,https://peptidebase.io/research-vendors/usmaderesearchpeptides,,,,,,,,,
Uther,,,Finnrick,,https://www.finnrick.com/vendors/uther,,,,,,,,Finnrick tirzepatide tests (public sample): 1 pass / 0 fail
UWA Elite Peptides,,,Finnrick,,https://www.finnrick.com/vendors/uwa-elite-peptides,,,,,,,,Finnrick tirzepatide tests (public sample): 3 pass / 0 fail
Valor Peptides,United States,Vendor's own word 1/6,PeptideBase,https://peptidebase.io/research-vendors/valor-peptides,,,,,,,,,
Veltrix Peptides,China,Nothing at all,PeptideBase,,,,,,,,,,No PeptideBase profile page
Verified Peptides,United States,Vendor's own word 1/6,PeptideBase,https://peptidebase.io/research-vendors/verified-peptides,,,,,,,,,
VertexBio,,,Finnrick,,https://www.finnrick.com/vendors/vertexbio,,,,,,,,Finnrick retatrutide tests (public sample): 0 pass / 4 fail
Vicorpus,Australia,Vendor's own word 1/6,PeptideBase,https://peptidebase.io/research-vendors/vicorpus,,,,,,,,,
VIP Wellness Access,,,Finnrick,,https://www.finnrick.com/vendors/vip-wellness-access,,,,,,,,Finnrick tirzepatide tests (public sample): 0 pass / 2 fail
Virtus Peptides,United States,Vendor's own word 2/6,PeptideBase,https://peptidebase.io/research-vendors/virtus-peptides,,,,,,,,,
Voltera Sciences,,,PeptiPrices,,,https://volterasciences.com,,,,,,,
VoriLabs,,,Finnrick,,https://www.finnrick.com/vendors/vorilabs,,,,,,,,Listed on Finnrick product rankings
VPeptide,Canada,Vendor's own word 2/6,PeptideBase,https://peptidebase.io/research-vendors/vpeptide,,,,,,,,,
Warrior Makers,United States,Nothing at all,PeptideBase,https://peptidebase.io/research-vendors/warrior-makers,,,,,,,,,
Welli Labs,United States,Nothing at all,"PeptideBase, PeptiPrices",,,https://wellilabs.com,,,,,,,No PeptideBase profile page
Wellness Peptides,,,PeptiPrices,,,https://wellnesspeptides.io,,,,,,,
Wholesale Peptide,United States,Nothing at all,PeptideBase,https://peptidebase.io/research-vendors/wholesalepeptide,,,,,,,,,
Wholesale Peptides,United Kingdom,Vendor's own word 3/6,PeptideBase,https://peptidebase.io/research-vendors/wholesale-peptides,,,,,,,,,
WllyBIO,,,Finnrick,,https://www.finnrick.com/vendors/wllybio,,,,,,,,Finnrick retatrutide tests (public sample): 0 pass / 1 fail
Wuhan Newtop Biotech,China,Finnrick 86%,Finnrick,,,,,,,,,,Finnrick #8
Wuhan Wansheng Biotechnology,China,,Finnrick,,https://www.finnrick.com/vendors/wuhan-wansheng-biotechnology,,,,,,,,Finnrick retatrutide tests (public sample): 3 pass / 0 fail; Finnrick tirzepatide tests (public sample): 2 pass / 0 fail
Xian Yihang Technology,China,,Finnrick,,https://www.finnrick.com/vendors/xian-yihang-technology,,,,,,,,Finnrick tirzepatide tests (public sample): 1 pass / 0 fail
Xianhong Tong XHT Peptides,China,Finnrick 84%,Finnrick,,,,,,,,,,Finnrick #19
Xingruida XDR,,,Finnrick,,https://www.finnrick.com/vendors/xingruida-xdr,,,,,,,,Finnrick retatrutide tests (public sample): 2 pass / 0 fail; Finnrick tirzepatide tests (public sample): 4 pass / 0 fail
Xingtai Jiachuang Technology,China,,Finnrick,,https://www.finnrick.com/vendors/xingtai-jiachuang-technology,,,,,,,,Finnrick retatrutide tests (public sample): 1 pass / 0 fail; Finnrick tirzepatide tests (public sample): 3 pass / 1 fail
XL Peptides,United Kingdom,Vendor's own word 2/6,PeptideBase,https://peptidebase.io/research-vendors/xl-peptides,,,,,,,,,
XPeptides,Canada,Nothing at all,PeptideBase,,,,,,,,,,No PeptideBase profile page
XTP,,,Finnrick,,https://www.finnrick.com/vendors/xtp,,,,,,,,Finnrick retatrutide tests (public sample): 1 pass / 0 fail
Yabang Peptide,,,Finnrick,,https://www.finnrick.com/vendors/yabang-peptide,,,,,,,,Finnrick retatrutide tests (public sample): 1 pass / 0 fail
Yidan Biotech,,,Finnrick,,https://www.finnrick.com/vendors/yidan-biotech,,,,,,,,Finnrick retatrutide tests (public sample): 1 pass / 0 fail; Finnrick tirzepatide tests (public sample): 1 pass / 0 fail
Yimei,,,Finnrick,,https://www.finnrick.com/vendors/yimei,,,,,,,,Finnrick retatrutide tests (public sample): 1 pass / 0 fail
Yiwu Aozuo Trading Co,China,,Finnrick,,https://www.finnrick.com/vendors/yiwu-aozuo-trading-co,,,,,,,,Listed on Finnrick product rankings; Finnrick tirzepatide rating 92%
Yk Nuoao Peptide,,,Finnrick,,https://www.finnrick.com/vendors/yk-nuoao-peptide,,,,,,,,Finnrick retatrutide tests (public sample): 1 pass / 0 fail; Finnrick tirzepatide tests (public sample): 1 pass / 0 fail
YuanSense Tech,,,Finnrick,,https://www.finnrick.com/vendors/yuansense-tech,,,,,,,,Finnrick retatrutide tests (public sample): 2 pass / 0 fail
YuYi peptide,,,Finnrick,,https://www.finnrick.com/vendors/yuyi-peptide,,,,,,,,Listed on Finnrick product rankings
Zen Peptides,,,Finnrick,,https://www.finnrick.com/vendors/zen-peptides,,,,,,,,Finnrick retatrutide tests (public sample): 0 pass / 1 fail
Zenith Jove Peptide ZJ,,,Finnrick,,https://www.finnrick.com/vendors/zenith-jove-peptide-zj,,,,,,,,Finnrick retatrutide tests (public sample): 5 pass / 2 fail; Finnrick tirzepatide tests (public sample): 0 pass / 2 fail
ZePeptide,,,Finnrick,,https://www.finnrick.com/vendors/zepeptide,,,,,,,,Finnrick retatrutide tests (public sample): 2 pass / 3 fail; Finnrick tirzepatide tests (public sample): 1 pass / 1 fail
Zesty Rat,United States,Nothing at all,PeptideBase,https://peptidebase.io/research-vendors/zesty-rat,,,,,,,,,
Zhengzhou Lan Yun Cosmetic Trading,China,,Finnrick,,https://www.finnrick.com/vendors/zhengzhou-lan-yun-cosmetic-trading,,,,,,,,Finnrick retatrutide tests (public sample): 1 pass / 0 fail; Finnrick tirzepatide tests (public sample): 1 pass / 1 fail
ZhuoYan lab,,,Finnrick,,https://www.finnrick.com/vendors/zhuoyan-lab,,,,,,,,Finnrick tirzepatide tests (public sample): 0 pass / 1 fail
Zhuoyue Biotechnology,,,Finnrick,,https://www.finnrick.com/vendors/zhuoyue-biotechnology,,,,,,,,Finnrick retatrutide tests (public sample): 1 pass / 0 fail; Finnrick tirzepatide tests (public sample): 2 pass / 1 fail
ZLZ Peptide,China (Hunan),,Finnrick,,https://www.finnrick.com/vendors/zlz-peptide,,,+852 6874 4710 (Finnrick-verified),,,,Finnrick contact channels,"Finnrick retatrutide tests (public sample): 4 pass / 0 fail; Finnrick retatrutide rating 91%; Finnrick-listed WhatsApp +852 6874 4710 (only verified channel); NO email; heavy impersonation — multiple lookalike domains (zlz-peptides.com, zlzpeptides.com, zlzpeptideofficial.com) — verify before paying; Finnrick tirzepatide tests (public sample): 5 pass / 0 fail"
ZZQ Peptides,,,Finnrick,,https://www.finnrick.com/vendors/zzq-peptides,,,,,,,,Finnrick retatrutide tests (public sample): 1 pass / 0 fail; Finnrick tirzepatide tests (public sample): 1 pass / 0 fail
