vendor,domain,email,all_emails,us_signal,status,evidence_url,audience,peptides,peptide_hits,source,why_interesting
Amandean,amandean.com,info@amandean.com,info@amandean.com; support@amandean.com; affiliates@amandean.com,"addr:NV 89451 | phrase:an Algal Omega-3 No reviews $29.95 "" /> American-Made Creatine HCl (120 Veggie Caps | phone:(775) 245-4425",ok,https://www.amandean.com/,adjacent,glutathione,1,known peptide-adjacent longevity/skincare/biohacking brand,Nevada supplement brand with glutathione
Codeage,codeage.com,support@codeage.com,support@codeage.com,addr:FL 33431 | phrase:vakia Slovenia Spain Sweden Switzerland United States Language English Spanish Fren | phone:800-870-4800,ok,https://www.codeage.com/policies/contact-information,adjacent,"nad+, glutathione, nmn",3,known peptide-adjacent longevity/skincare/biohacking brand,"Florida supplement brand with NAD+, NMN, liposomal glutathione"
DefenAge,defenage.com,customerservice@defenage.com,customerservice@defenage.com; pr@defenage.com,addr:CA 92008 | phrase:mestic shipments within the continental United States typically arrive within 2 to  | phone:+1.888.368.5372,ok,https://defenage.com,adjacent,peptides,0,known peptide-adjacent longevity/skincare/biohacking brand,Carlsbad CA peptide skincare brand
Double Wood Supplements,doublewoodsupplements.com,hello@doublewoodsupplements.com,hello@doublewoodsupplements.com,addr:PA 19079 | phone:(570) 437-0203,ok,https://doublewoodsupplements.com,adjacent,nmn,1,known peptide-adjacent longevity/skincare/biohacking brand,PA supplement brand with NMN (NAD+ precursor)
Dr. Brandt Skincare,drbrandtskincare.com,customerservice@drbrandtskincare.com,customerservice@drbrandtskincare.com; -customerservice@drbrandtskincare.com,addr:FL 33172 | phrase:irates (AED د.إ) United Kingdom (GBP £) United States (USD $) Uruguay (UYU $U) Viet | phone:(800) 234-1066,ok,https://www.drbrandtskincare.com/,adjacent,peptides,0,known peptide-adjacent longevity/skincare/biohacking brand,Miami skincare brand with peptide products
Elysium Health,elysiumhealth.com,press@elysiumhealth.com,press@elysiumhealth.com,phrase:care. + Explore TELI Licensed providers US-based pharmacies 100% online Free s | phone:(888) 220-6436,ok,https://www.elysiumhealth.com/,adjacent,nad+,1,known peptide-adjacent longevity/skincare/biohacking brand,NY longevity brand (Basis NAD+); published inbox is press@
Wonderfeel,getwonderfeel.com,team@getwonderfeel.com,f2e55dd8162222aee1bece0ad8c43d3a@devops.getwonderfeel.com; team@getwonderfeel.com,addr:CA 94103 | phrase:s mind about all modalities of healing. Made in the USA Quality Made in the U.S. We c | phone:(415) 376-6516,ok,https://getwonderfeel.com,adjacent,nmn,1,known peptide-adjacent longevity/skincare/biohacking brand,San Francisco NMN/NAD+ brand
Healthgevity,healthgev.com,support@healthgev.com,support@healthgev.com,addr:NJ 07711 | phrase:e. Every formula is manufactured in the United States under the strictest standards | phone:(833) 940-4898,ok,https://healthgev.com,adjacent,"nad+, kpv, nmn",3,peptidegrades.com vendor listing (Healthgevity),"NJ longevity supplement brand selling NAD+, NMN and oral KPV/peptide formulas (listed on peptidegrades)"
HydroPeptide,hydropeptide.com,info@hydropeptide.com,support@hydropeptide.com; info@hydropeptide.com; wholesale@hydropeptide.com; international@hydropeptide.com,"addr:WA 98004 | phrase: in the EU, or any location outside the United States, We are located in the United | phone:800-932-9873",ok,https://hydropeptide.com/pages/contact-us,adjacent,peptides,0,known peptide-adjacent longevity/skincare/biohacking brand,Bellevue WA professional peptide skincare brand
Jinfiniti,jinfiniti.com,info@jinfiniti.com,hello@jinfiniti.com; orders@jinfiniti.com; info@jinfiniti.com,addr:GA 30901 | phrase:itations $100M+ Research Funding Author USA Today &#038; Amazon Bestselli | phone:(706) 496-9542,ok,https://www.jinfiniti.com/privacy-policy/,adjacent,"nad+, nmn",2,known peptide-adjacent longevity/skincare/biohacking brand,Augusta GA NAD+ testing + NAD+ supplement brand
Juvenon,juvenon.com,cs@juvenon.com,cs@juvenon.com,"addr:CA 94043 | phrase:purity and potency. Manufactured in the U.S.A. Join our 500,000+ Future-Pro | phone:800-588-3666",ok,https://juvenon.com,adjacent,nad+,1,known peptide-adjacent longevity/skincare/biohacking brand,Mountain View CA longevity supplements incl. NAD+
Life Extension,lifeextension.com,customerservice@lifeextension.com,customerservice@lifeextension.com,phrase:our supplements are manufactured in the USA with globally sourced ingredi | phone:800-226-2370,ok,https://www.lifeextension.com/,adjacent,nad+,1,known peptide-adjacent longevity/skincare/biohacking brand,Large FL supplement brand with NAD+ products
LiftMode,liftmode.com,info@liftmode.com,liftmode@liftmode.com; info@liftmode.com,addr:IL 60069 | phrase:ts (every batch) with a highly equipped US-based laboratory to verify the iden | phone:+1 (855) 228-9993,ok,https://liftmode.com/pages/privacy-policy,adjacent,"glutathione, nmn",2,known peptide-adjacent longevity/skincare/biohacking brand,Illinois supplement/nootropic brand with glutathione and NMN
Neurogan Health,neuroganhealth.com,support@neuroganhealth.com,support@neuroganhealth.com,addr:CA 92121 | phrase:rr; New 3rd Party Tested cGMP Certified Made in USA 30-Day Guarantee Learn Learn  | phone:(858) 832-2065,ok,https://neuroganhealth.com,adjacent,"nad+, ghk-cu, glutathione, nmn",4,known peptide-adjacent longevity/skincare/biohacking brand,"San Diego longevity brand selling NAD+, GHK-Cu/copper peptide and glutathione products"
NOVOS,novoslabs.com,sales@novoslabs.com,sales@novoslabs.com; care@novoslabs.com; marketing@novoslabs.com; press@novoslabs.com,addr:NY 10017 | phrase: and algorithmic outputs) in our secure US-based servers to continually improv,ok,https://novoslabs.com/wholesalers/,adjacent,"nad+, nmn",2,known peptide-adjacent longevity/skincare/biohacking brand,NYC longevity supplement brand (NAD+/NMN)
Omre,omre.co,hello@omre.co,hello@omre.co,"addr:WY 82801 | phrase:{ handleMarqueeResize(); }, 350); })"" > MADE IN THE USA 30 DAY MONEY BACK GUARANTEE F | phone:8663144684",ok,https://omre.co/pages/contact,adjacent,"glutathione, nmn",2,known peptide-adjacent longevity/skincare/biohacking brand,"Longevity supplement brand (NAD+/NMN, glutathione); WY registered address"
OneSkin,oneskin.co,support@oneskin.co,support@oneskin.co,addr:CA 94107 | phrase: (Sweden) £ GBP (United Kingdom) $ USD (United States) 0 OneSkin 0 Featured Sets Fa,ok,https://www.oneskin.co/pages/contact-us,adjacent,peptides,0,known peptide-adjacent longevity/skincare/biohacking brand,San Francisco peptide (OS-01) skincare brand
Qualia (Neurohacker Collective),qualialife.com,support@qualialife.com,support@qualialife.com; wholesale@qualialife.com,"addr:CA 92011 | phrase:l 30 days Qualia 100 days, no questions Made in the USA Typical Varies Qualia cGMP-ce | phone:(855) 281-2328",ok,https://www.qualialife.com/,adjacent,nad+,1,known peptide-adjacent longevity/skincare/biohacking brand,Carlsbad CA brand with NAD+ product line
Quicksilver Scientific,quicksilverscientific.com,support@quicksilverscientific.com,qs.storefront@quicksilverscientific.com; support@quicksilverscientific.com; testing@quicksilverscientific.com; adaptogeniclifestyle@gmail.com; aharris_kcmo@yahoo.com; drbroc@gmail.com; selfintegrativecare@gmail.com; carriekostiner@gmail.com,"addr:CO 80027 | phrase:LD IN 30+ COUNTRIES HIGHLY BIOAVAILABLE MADE IN THE U.S.A. Glutathione ""I not only give | phone:303-531-0861",ok,https://www.quicksilverscientific.com/pages/contact,adjacent,"nad+, glutathione",2,known peptide-adjacent longevity/skincare/biohacking brand,"Louisville CO liposomal brand with NAD+ and glutathione lines, sold in 30+ countries"
Renue By Science,renuebyscience.com,support@renuebyscience.com,support@renuebyscience.com,addr:FL 32256 | phrase:red in cGMP-certified facilities in the United States. We partner with manufacturer | phone:800-810-1935,ok,https://renuebyscience.com/pages/contact,adjacent,"nad+, glutathione, nmn, methylene blue",4,known peptide-adjacent longevity/skincare/biohacking brand,Jacksonville FL NAD+/NMN brand also selling glutathione and methylene blue - buys NAD+ raw material
Skin Biology (Dr. Loren Pickart),reverseskinaging.com,drlorenpickart@gmail.com,drlorenpickart@gmail.com,addr:WA 98006 | phrase:_______________________ Shipping Costs: USA &amp; International Rates US  | phone:800-405-1912,ok,https://reverseskinaging.com,adjacent,ghk-cu,1,known peptide-adjacent longevity/skincare/biohacking brand,GHK-Cu originator brand (Bellevue WA) selling GHK copper-peptide serums/creams; published contact is the founder's address
Revision Skincare,revisionskincare.com,hello@revisionskincare.com,hello@revisionskincare.com; media@revisionskincare.com,addr:TX 75063 | phrase:y. Orders must be billed and shipped to U.S.-based addresses. All orders of $75 ,ok,https://revisionskincare.com/pages/contact-us,adjacent,peptides,0,known peptide-adjacent longevity/skincare/biohacking brand,Irving TX peptide skincare brand (professional channel)
Rho Nutrition,rhonutrition.com,support@rhonutrition.com,wholesale@rhonutrition.com; u003ewholesale@rhonutrition.com; u003esupport@rhonutrition.com; support@rhonutrition.com,"""manufactured in an FDA-registered and GMP-certified facility located in Colorado""",ok,https://rhonutrition.com,adjacent,"nad+, glutathione, nmn",3,known peptide-adjacent longevity/skincare/biohacking brand,NAD+/NMN + glutathione longevity brand
Tru Niagen (ChromaDex),truniagen.com,customercare@truniagen.com,customercare@truniagen.com; press@truniagen.com; practitionersupport@truniagen.com,"addr:CA 90024 | phrase:n Bioscience, Inc. All rights reserved. United States United States Canada Accessib | phone:(888) 642-4361",ok,https://www.truniagen.com/pages/contact,adjacent,nad+,1,known peptide-adjacent longevity/skincare/biohacking brand,LA-based NAD+ precursor brand
