domain,reason
abccompoundingpharmacy.com,no email published on site
absolutepharmacy.com,no email published on site
advancedcompoundingpharmacy.com,site unreachable/unreadable
agelesspharmacy.com,site unreachable/unreadable
agelessrx.com,already known (dedupe)
ajenatpharma.com,not a compounding pharmacy (no compounding signals)
alchemistcompounding.com,site unreachable/unreadable
allenfamilydrug.com,no email published on site
alpharxpharmacy.com,site unreachable/unreadable
amapharmacy.com,site unreachable/unreadable
amber-pharmacy.com,US signal is only a generic mention (no US address/phone/shipping origin)
ameripharma.com,no peptides/GLP-1/NAD+/glutathione listed
amexpharmacy.com,site unreachable/unreadable
anazaohealth.com,already known (dedupe)
andersoncompounding.com,site unreachable/unreadable
anniesrx.com,no peptide/GLP-1/NAD+ product named (only hormones/IV/ketamine)
annovex.com,no peptide product named (ketamine only)
apertuspharmacy.com,site unreachable/unreadable
apexcompounding.com,site unreachable/unreadable
apocus.com,no email published on site
apollocare.com,not a compounding pharmacy (no compounding signals)
apothecarypharma.com,no email published on site
apothecaryshoppe.com,no email published on site
apothecopharmacy.com,no peptides/GLP-1/NAD+/glutathione listed
arccompounding.com,no email published on site
archwayapothecary.com,no email published on site
asclemed.com,no email published on site
ashevillerx.com,no email published on site
assureinfusions.com,site unreachable/unreadable
atipharmed.com,site unreachable/unreadable
atlanticcompounding.com,site unreachable/unreadable
auroracompounding.com,site unreachable/unreadable
austincompoundingpharmacy.com,no peptide/GLP-1/NAD+ product named (only hormones/IV/ketamine)
azcompounding.com,site unreachable/unreadable
bayareacompounding.com,site unreachable/unreadable
beaconcompounding.com,no email published on site
beakerpharmacy.com,no peptide/GLP-1/NAD+ product named (only hormones/IV/ketamine)
belewdrugs.com,no peptides/GLP-1/NAD+/glutathione listed
bellavistapharmacy.com,site unreachable/unreadable
bellepharmacy.com,site unreachable/unreadable
belmarpharmacy.com,already known (dedupe)
belmarpharmasolutions.com,no email published on site
bennett-pharma.com,no peptides/GLP-1/NAD+/glutathione listed
bergencompounding.com,no email published on site
bespokepharmaceutical.com,no US address/phone on site
bestrx.com,no peptides/GLP-1/NAD+/glutathione listed
biocompounding.com,no email published on site
bioscriptspharmacy.com,site unreachable/unreadable
blessedpharmacy.com,no email published on site
bmldrugs.com,no US signal on site
bonitapharmacy.com,site unreachable/unreadable
boothwyn.com,no peptides/GLP-1/NAD+/glutathione listed
boothwynpharmacy.com,no email published on site
bpi-labs.com,no peptide product named (methylene blue only)
bravadopharma.com,site unreachable/unreadable
brookfieldmedical.com,no peptides/GLP-1/NAD+/glutathione listed
burtsrx.com,no peptide/GLP-1/NAD+ product named (only hormones/IV/ketamine)
capspharmacy.com,already known (dedupe)
carepointpharmacy.com,no email published on site
carieboyds.com,site unreachable/unreadable
carlsbadcompounding.com,site unreachable/unreadable
carmelvalleypharmacy.com,no peptides/GLP-1/NAD+/glutathione listed
carrollwoodpharmacy.com,no email published on site
ccc-rx.com,site unreachable/unreadable
ccpharmacy.com,no email published on site
ccpsrx.com,no peptide/GLP-1/NAD+ product named (only hormones/IV/ketamine)
centralcompounding.com,no email published on site
centresquarepharmacy.com,no peptides/GLP-1/NAD+/glutathione listed
chapelhillcompounding.com,no peptide/GLP-1/NAD+ product named (only hormones/IV/ketamine)
clarkscompounding.com,site unreachable/unreadable
clearspringrx.com,no email published on site
coastalcompounding.com,site unreachable/unreadable
coastalcompoundingpharmacy.com,no email published on site
cocprx.com,no peptide/GLP-1/NAD+ product named (only hormones/IV/ketamine)
collegepharmacy.com,no peptide/GLP-1/NAD+ product named (only hormones/IV/ketamine)
communityclinicalrx.com,no peptide/GLP-1/NAD+ product named (only hormones/IV/ketamine)
communitycompounding.com,site unreachable/unreadable
completepharmacy.com,no email published on site
compoundingdocs.com,site unreachable/unreadable
compoundingpharmacyirvine.com,no email published on site
compoundingpharmacyofamerica.com,site unreachable/unreadable
compoundingpro.com,site unreachable/unreadable
costplusdrugs.com,site unreachable/unreadable
creativecompounding.com,no email published on site
customcarerx.com,no email published on site
customizerx.com,no email published on site
custommedpharmacy.com,no email published on site
customrxcompounding.com,site unreachable/unreadable
customscripts.us,no peptide/GLP-1/NAD+ product named (only hormones/IV/ketamine)
dailyhealthpharmacy.com,no email published on site
dakotarx.com,no email published on site
dallascompounding.com,site unreachable/unreadable
defymedical.com,already known (dedupe)
deltapharmainc.com,not a compounding pharmacy (no compounding signals)
denvercompounding.com,site unreachable/unreadable
diamondpharmacy.com,no peptides/GLP-1/NAD+/glutathione listed
doctorscompoundingpharmacy.com,site unreachable/unreadable
drcompound.com,no email published on site
drpspharmacy.com,no email published on site
eaglepharmacy.org,no peptide/GLP-1/NAD+ product named (only hormones/IV/ketamine)
ecompoundingpharmacy.com,no email published on site
edspharmacy.com,no peptide/GLP-1/NAD+ product named (only hormones/IV/ketamine)
emeraldrx.com,site unreachable/unreadable
empowerpharmacy.com,already known (dedupe)
empowerrx.com,no email published on site
empowerrxpharmacy.com,site unreachable/unreadable
enovachem.us.com,no peptide/GLP-1/NAD+ product named (only hormones/IV/ketamine)
epicurpharma.com,no email published on site
epiqscripts.com,no peptides/GLP-1/NAD+/glutathione listed
everwellrx.com,no peptides/GLP-1/NAD+/glutathione listed
fagronsterile.com,already known (dedupe)
fairviewcompounding.com,site unreachable/unreadable
farmakeio.com,site unreachable/unreadable
fccrx.com,no email published on site
folsompharmacy.com,no email published on site
formularx.com,site unreachable/unreadable
fusionivpharmacy.com,site unreachable/unreadable
fusionpharmacy.com,site unreachable/unreadable
fusionspecialtypharmacy.com,no email published on site
galaxypharmaceuticals.com,site unreachable/unreadable
gfcpharmacy.com,no peptide/GLP-1/NAD+ product named (only hormones/IV/ketamine)
giddpharmacy.com,no email published on site
goldstarrx.com,no email published on site
goodliferx.com,no email published on site
greatearthpharmacy.com,no email published on site
greencompounding.com,no email published on site
greenparkrx.com,no email published on site
hallandalepharmacy.com,no email published on site
hawthornpharmacy.com,no email published on site
hazlecompounding.com,no peptide/GLP-1/NAD+ product named (only hormones/IV/ketamine)
hcompound.com,no email published on site
healpharmacy.com,"international online pharmacy (USA/Canada/AUS phone lines), no US address"
healthwayrx.com,no email published on site
healthychoicecompounding.com,site unreachable/unreadable
highstreetpharma.com,site unreachable/unreadable
hikma503b.com,no email published on site
hillcountrycompounding.com,site unreachable/unreadable
hillcrestpharmacy.com,site unreachable/unreadable
hillscompounding.com,no peptide/GLP-1/NAD+ product named (only hormones/IV/ketamine)
hopewellrx.com,site unreachable/unreadable
hopkintondrug.com,site unreachable/unreadable
houstoncompounding.com,site unreachable/unreadable
hoyespharmacy.com,site unreachable/unreadable
hyalotechnologies.com,not a compounding pharmacy (no compounding signals)
hybridpharm.com,no email published on site
hybridpharma.com,no peptides/GLP-1/NAD+/glutathione listed
icompound.com,site unreachable/unreadable
imprimisrx.com,no email published on site
innovationcompounding.com,no peptides/GLP-1/NAD+/glutathione listed
innovativecompounding.com,site unreachable/unreadable
integradose.com,no email published on site
itcpharmacy.com,no email published on site
jolleyscompoundingpharmacy.com,site unreachable/unreadable
kaypharmacy.com,no email published on site
keycompounding.com,no peptide/GLP-1/NAD+ product named (only hormones/IV/ketamine)
keystonepharmacy.com,site unreachable/unreadable
kkspharmacytx.com,no peptides/GLP-1/NAD+/glutathione listed
kraftpharmacy.com,site unreachable/unreadable
lakecompounding.com,site unreachable/unreadable
lascolinaspharmacy.com,no email published on site
lawrencedrug.com,no email published on site
lcrx.com,no email published on site
lecarepharmacy.com,no peptides/GLP-1/NAD+/glutathione listed
leesar.com,no email published on site
leesilsby.com,no peptides/GLP-1/NAD+/glutathione listed
leitershealth.com,no email published on site
lexingtoncompoundingpharmacy.com,no email published on site
lifelinepharmacy.com,site unreachable/unreadable
lorrainespharmacy.com,site unreachable/unreadable
makerscompounding.com,no peptide/GLP-1/NAD+ product named (only hormones/IV/ketamine)
marinerpharmacy.com,no email published on site
markdrugs.com,no peptides/GLP-1/NAD+/glutathione listed
marketmallpharmacy.com,site unreachable/unreadable
masterpharm.com,no email published on site
mcguff.com,already known (dedupe)
mcguffcompounding.com,site unreachable/unreadable
mcguffpharmacy.com,no email published on site
mdcustomrx.com,no email published on site
mdpharmacy1.com,no email published on site
medaus.com,site unreachable/unreadable
medicalcenterpharmacy.com,site unreachable/unreadable
medifaredrug.com,no peptides/GLP-1/NAD+/glutathione listed
medisourcerx.com,site unreachable/unreadable
medsaverspharmacy.com,site unreachable/unreadable
miamicompounding.com,no email published on site
milehighcompounding.com,site unreachable/unreadable
mixlabrx.com,no email published on site
molecularpg.com,no peptides/GLP-1/NAD+/glutathione listed
monumentpharmacy.com,no peptide/GLP-1/NAD+ product named (only hormones/IV/ketamine)
mooneyspharmacy.com,no email published on site
mountainviewpharmacy.com,no email published on site
mqrx.com,already known (dedupe)
nashvillecompounding.com,site unreachable/unreadable
navinta.com,not a compounding pharmacy (no compounding signals)
nephronpharm.com,no peptide product named (ketamine only)
newdrugloft.com,no email published on site
newportcompounding.com,site unreachable/unreadable
nexgenformulations.com,no US signal on site
nexuspharmacy.com,site unreachable/unreadable
nlrx.com,no email published on site
noraapothecary.com,no email published on site
northwestcompounders.com,no peptide/GLP-1/NAD+ product named (only hormones/IV/ketamine)
novapharmacy.com,site unreachable/unreadable
nubratorirx.com,no peptide product named (ketamine only)
nutrichem.com,no peptide/GLP-1/NAD+ product named (only hormones/IV/ketamine)
nwcompounding.com,no peptide/GLP-1/NAD+ product named (only hormones/IV/ketamine)
oakdellpharmacy.com,no email published on site
occpharmacy.com,no peptide/GLP-1/NAD+ product named (only hormones/IV/ketamine)
okuleypharmacy.com,no peptide/GLP-1/NAD+ product named (only hormones/IV/ketamine)
olympiacompounding.com,site unreachable/unreadable
olympiacompoundingpharmacy.com,site unreachable/unreadable
olympiapharmacy.com,already known (dedupe)
olympiccompounding.com,site unreachable/unreadable
olympuspharmacy.com,site unreachable/unreadable
olyxpharma.com,no email published on site
onequva.com,no peptides/GLP-1/NAD+/glutathione listed
optimumcompounding.com,site unreachable/unreadable
optiorx.com,site unreachable/unreadable
orlandocompounding.com,site unreachable/unreadable
orrongpharmacy.com,no email published on site
osrxpharmaceuticals.com,no peptides/GLP-1/NAD+/glutathione listed
ourpharma.net,no peptides/GLP-1/NAD+/glutathione listed
pacificcompounds.com,no email published on site
palmbeachcompounding.com,no peptide/GLP-1/NAD+ product named (only hormones/IV/ketamine)
parkavenuecompounding.com,site unreachable/unreadable
parkcompounding.com,no peptide/GLP-1/NAD+ product named (only hormones/IV/ketamine)
partellpharmacy.com,no peptide/GLP-1/NAD+ product named (only hormones/IV/ketamine)
pavilioncompounding.com,no email published on site
perfectformulas.com,no US signal on site
pgrrx.com,no email published on site
pharmaca.com,site unreachable/unreadable
pharmacarerx.com,no peptide/GLP-1/NAD+ product named (only hormones/IV/ketamine)
pharmacyinnovations.net,no peptide/GLP-1/NAD+ product named (only hormones/IV/ketamine)
pharmacypluscompounding.com,site unreachable/unreadable
pharmacyproud.com,no email published on site
pharmacyrxsolutions.com,site unreachable/unreadable
pharmacysolutions.com,site unreachable/unreadable
pharmacyspecialists.com,site unreachable/unreadable
pharmacyspecialties.com,site unreachable/unreadable
pharmdsolutions.com,no email published on site
pharmedica.com,no email published on site
phillycompounding.com,site unreachable/unreadable
phoenixcompounding.com,site unreachable/unreadable
physicianscompoundingpharmacy.com,no email published on site
pinepharmaceuticals.com,no peptides/GLP-1/NAD+/glutathione listed
pittstreetpharmacy.com,no peptide/GLP-1/NAD+ product named (only hormones/IV/ketamine)
pnsprx.com,no email published on site
ppprx.com,site unreachable/unreadable
pqpharmacy.com,no email published on site
precisioncompoundingpharmacy.com,no email published on site
premierpharmacy.com,no email published on site
premierpharmacylabs.com,no email published on site
prescriptionspecialties.com,no email published on site
procarerx.com,no email published on site
progressivecare.com,not a compounding pharmacy (no compounding signals)
purecompounding.com,site unreachable/unreadable
purerx.com,site unreachable/unreadable
qualgen.com,no email published on site
quantumpharmaceuticals.com,no email published on site
quvapharma.com,no email published on site
ranchoparkrx.com,no peptide/GLP-1/NAD+ product named (only hormones/IV/ketamine)
raphapharmaceuticals.com,site unreachable/unreadable
rcoutsourcing.com,not a compounding pharmacy (no compounding signals)
redlinepharmacy.com,no email published on site
redrockpharmacy.com,no email published on site
reedsrx.com,no peptide/GLP-1/NAD+ product named (only hormones/IV/ketamine)
regelpharmalab.com,no peptides/GLP-1/NAD+/glutathione listed
rejuvenationpharmacy.com,site unreachable/unreadable
rightvaluepharmacy.com,site unreachable/unreadable
riteawaypharmacyrx.com,no email published on site
roberdspharmacy.com,no peptide/GLP-1/NAD+ product named (only hormones/IV/ketamine)
rx3pharmacy.com,no email published on site
rxaustintx.com,site unreachable/unreadable
rxcompound.com,no email published on site
rxhca.com,site unreachable/unreadable
rxprohealth.com,site unreachable/unreadable
rxqcompounding.com,no email published on site
rxshowcase.com,no email published on site
rxtestosterone.com,no email published on site
rxunlimited.com,no email published on site
ryerx.com,site unreachable/unreadable
sandiegocompounding.com,site unreachable/unreadable
sandiegocompoundingpharmacy.com,no email published on site
sankavpharma.com,no peptides/GLP-1/NAD+/glutathione listed
savewaypharmacy.com,no peptide/GLP-1/NAD+ product named (only hormones/IV/ketamine)
scottsdalecompounding.com,site unreachable/unreadable
signaturerx.com,site unreachable/unreadable
sincerus.com,no email published on site
sknv.com,no peptides/GLP-1/NAD+/glutathione listed
smartscriptsrx.com,site unreachable/unreadable
smithdrugcompounding.com,site unreachable/unreadable
southeastcompounding.com,site unreachable/unreadable
southendpharmacy.com,no email published on site
southlakepharmacy.com,no email published on site
specialtycompounding.com,site unreachable/unreadable
stanleyrx.com,no peptide/GLP-1/NAD+ product named (only hormones/IV/ketamine)
staqpharma.com,no peptides/GLP-1/NAD+/glutathione listed
starkpharmacy.com,no peptide/GLP-1/NAD+ product named (only hormones/IV/ketamine)
staskapharma.com,no email published on site
stonegatepharmacy.com,site unreachable/unreadable
strivepharmacy.com,already known (dedupe)
stroudcompounding.com,no peptide/GLP-1/NAD+ product named (only hormones/IV/ketamine)
sumnerdietrx.com,no email published on site
sunshinepharmacy.com,no email published on site
tachepharmacy.com,no peptide/GLP-1/NAD+ product named (only hormones/IV/ketamine)
tailormadecompounding.com,no email published on site
tailstormhealth.com,no email published on site
tampacompounding.com,site unreachable/unreadable
tarrytownpharmacy.com,no peptides/GLP-1/NAD+/glutathione listed
taylorpharmacy.com,site unreachable/unreadable
taylorspharmacy.com,no peptide/GLP-1/NAD+ product named (only hormones/IV/ketamine)
tccompound.com,no email published on site
thehealthmartpharmacy.com,no email published on site
tiptoncompoundingpharmacy.com,no email published on site
tmnrx.com,site unreachable/unreadable
townandcountrycompounding.com,site unreachable/unreadable
triadcompounding.com,no email published on site
triadrx.com,no peptide/GLP-1/NAD+ product named (only hormones/IV/ketamine)
tricarerx.com,site unreachable/unreadable
turbare.com,site unreachable/unreadable
uaprx.com,site unreachable/unreadable
ucprx.com,no email published on site
ultimatepharmacy.com,site unreachable/unreadable
unionsquarepharmacy.com,no peptide/GLP-1/NAD+ product named (only hormones/IV/ketamine)
universitypharmacy.com,no email published on site
univrx.com,redirects to already-known mediverarx.com
usspecialtyformulations.com,site unreachable/unreadable
utahcompounding.com,site unreachable/unreadable
valorcompounding.com,no email published on site
vegascompounding.com,no email published on site
villagecompoundingpharmacy.com,no email published on site
villagefertility.com,site unreachable/unreadable
vitalitycompounding.com,site unreachable/unreadable
vitalrxpharmacy.com,no email published on site
walkercompounding.com,site unreachable/unreadable
wedgewood.com,veterinary pharmacy; no peptide product named
wedgewoodpharmacy.com,veterinary pharmacy; no peptide product named
wedgewoodrx.com,no email published on site
wellnesspharmacy.com,no email published on site
wellspharma.com,no email published on site
wellspringrx.com,no email published on site
wesleypharmaceuticals.com,no peptides/GLP-1/NAD+/glutathione listed
westcliffcompounding.com,no email published on site
westdrug.com,no email published on site
wheelercompounding.com,site unreachable/unreadable
wickliffepharmacy.com,site unreachable/unreadable
wilcrestpharma.com,no peptides/GLP-1/NAD+/glutathione listed
wileyspharmacy.com,no peptides/GLP-1/NAD+/glutathione listed
willowbendpharma.com,no peptide/GLP-1/NAD+ product named (only hormones/IV/ketamine)
womensinternational.com,no email published on site
wvpharmacy.com,site unreachable/unreadable
