vendor,domain,email,all_emails,us_signal,status,evidence_url,audience,peptides,peptide_hits
"Allure Aesthetics, Great Falls",406medspa.com,allure@406medspa.com,allure@406medspa.com,yes,ok,https://406medspa.com,medspa,GLP-1 weight loss peptides,2
"Radiance Aesthetics &#038; IV Infusion Bar, Terre Haute",812radiance.com,info@812radiance.com,info@812radiance.com,yes,ok,https://812radiance.com,medspa,"semaglutide, tirzepatide",7
Abundant Wellness &amp; Beauty Weight Loss,abundantwellnessandbeauty.com,abundantwellnessandbeauty@gmail.com,abundantwellnessandbeauty@gmail.com,yes,ok,https://abundantwellnessandbeauty.com,medspa,,4
"Admire Aesthetics, Medford",admireaesthetics.com,info@admireaesthetics.com,info@admireaesthetics.com; hello@admireaesthetics.com,yes,ok,https://admireaesthetics.com,medspa,GLP-1 weight loss peptides,5
"Advanced Aesthetics, Medford",advancedaestheticsboston.com,advancedaestheticsboston@gmail.com,advancedaestheticsboston@gmail.com,yes,ok,https://advancedaestheticsboston.com,medspa,GLP-1 weight loss peptides,4
"Advanced Functional Health and Wellness, LLC",advancedfunctionalhealth.com,afhwellness20@gmail.com,afhwellness20@gmail.com,yes,ok,https://advancedfunctionalhealth.com,medspa,"nad+, glutathione",6
"Advanced Healthcare Associates, Panama City",advancedhealthcareassociates.org,advancedhcassociates@gmail.com,advancedhcassociates@gmail.com,yes,ok,https://advancedhealthcareassociates.org,medspa,semaglutide,8
Advanced Medical &amp; Wellness Center Inc,advmwc.com,frontdesk@advmwc.com,frontdesk@advmwc.com,yes,ok,https://advmwc.com,medspa,,2
"Aesthetic Artistry Laser Center, Rockville",aestheticartistrymd.com,plcappointments@gmail.com,plcappointments@gmail.com,yes,ok,https://aestheticartistrymd.com,medspa,,1
Aesthetix Plus Medical Spa,aesthetixplus.com,info@aesthetixplus.com,info@aesthetixplus.com,yes,ok,https://aesthetixplus.com,medspa,"semaglutide, tirzepatide",3
Aesura Health,aesura.janeapp.com,aesurahealth@gmail.com,aesurahealth@gmail.com,yes,ok,https://aesura.janeapp.com,medspa,,3
"Ageless by Andrea, Haverhill",agelessaesthetics.co,afinny@agelessaesthetics.co,afinny@agelessaesthetics.co,yes,ok,https://agelessaesthetics.co,medspa,GLP-1 weight loss peptides,3
AgeMD,agemd.com,support@agemd.com,support@agemd.com,yes,ok,https://agemd.com,medspa,GLP-1 weight loss peptides,3
Agence,agencespa.com,ashley@agencespa.com,ashley@agencespa.com,yes,ok,https://agencespa.com,medspa,glutathione,4
"Allure Aesthetics, Sugar Land",allureaestheticsmd.com,info@allureaestheticsmd.com,info@allureaestheticsmd.com,yes,ok,https://allureaestheticsmd.com,medspa,GLP-1 weight loss peptides,4
Allure Aesthetics,allureaestheticsok.com,bethcannon@allureaestheticsok.com,bethcannon@allureaestheticsok.com,yes,ok,https://allureaestheticsok.com,medspa,glutathione,1
"Allure Aesthetic Center, Alpharetta",alluremedspa.com,info@allure-medspa.com,info@allure-medspa.com,yes,ok,https://alluremedspa.com,medspa,"nad+, semaglutide",11
"Alpha Health &#038; Wellness, Wellington",alphahealthwellness.com,info@alphahealthwellness.com,info@alphahealthwellness.com,yes,ok,https://alphahealthwellness.com,medspa,GLP-1 weight loss peptides,5
Androgenix Advanced Health &amp; Wellness Center,androgenixsolutions.com,info@androgenixsolutions.com,info@androgenixsolutions.com,yes,ok,https://androgenixsolutions.com,medspa,"semaglutide, nad+",11
"Apprize Medical LLC, Miami Beach",apprizemed.com,info@apprizemed.com,info@apprizemed.com; ma@apprizemed.com,yes,ok,https://apprizemed.com,medspa,"semaglutide, tirzepatide, bpc-157, sermorelin, tesamorelin, cjc-1295",12
Apricity Renew You Med Spa,apricityrenewyoumed.com,apricityrenewyoumedspa@gmail.com,apricityrenewyoumedspa@gmail.com,yes,ok,https://apricityrenewyoumed.com,medspa,"semaglutide, tirzepatide",4
Ascend Wellness,ascend-wellness.net,info@ascend-wellness.net,info@ascend-wellness.net,yes,ok,https://ascend-wellness.net,medspa,"semaglutide, tirzepatide",10
"Astre Wellness, Macon",astrewellness.com,info@astrewellness.com,info@astrewellness.com,yes,ok,https://astrewellness.com,medspa,GLP-1 weight loss peptides,6
Ballantyne Medical Associates,ballantynemedical.com,info@ballantynemedical.com,info@ballantynemedical.com,yes,ok,https://ballantynemedical.com,medspa,semaglutide,7
"Bawa Medical, Boca Raton",bawamedical.com,info@bawamedical.com,info@bawamedical.com,yes,ok,https://bawamedical.com,medspa,,2
"Beauty By Shei, Haverhill",beautybyshei.com,info@beautybyshei.com,info@beautybyshei.com,yes,ok,https://beautybyshei.com,medspa,semaglutide,2
"Beauty Lush Medspa, Plantation",beautylushmedspa.com,admin@beautylushmedspa.com,beautylushaesthetics@gmail.com; admin@beautylushmedspa.com,yes,ok,https://beautylushmedspa.com,medspa,"semaglutide, tirzepatide",4
"Belladerm Med Spa, Maple Grove",belladermmedspa.com,info@belladermmedspa.com,info@belladermmedspa.com,yes,ok,https://belladermmedspa.com,medspa,"semaglutide, tirzepatide",9
BeMediq,bemediq.com,support@bemediq.com,support@bemediq.com,yes,ok,https://bemediq.com,medspa,"semaglutide, tirzepatide, nad+, glutathione",14
Body By Barefoot,bodybybarefootmd.com,bodybybarefootky@gmail.com,bodybybarefootky@gmail.com,yes,ok,https://bodybybarefootmd.com,vendor,"tirzepatide, semaglutide",8
Brenda Marshall MD,brendamarshallmd.com,brendamarshallmd@gmail.com,brendamarshallmd@gmail.com,yes,ok,https://brendamarshallmd.com,medspa,"semaglutide, tirzepatide, bpc-157",12
Calorie Counter,caloriecounterowasso.com,frontdesk@caloriecounterowasso.com,caloriecounterlabs@gmail.com; frontdesk@caloriecounterowasso.com; manager@caloriecounterowasso.com,yes,ok,https://caloriecounterowasso.com,medspa,"semaglutide, tirzepatide, nad+, glutathione",10
CELLDEEP,celldeep.com,info@celldeep.com,info@celldeep.com,yes,ok,https://celldeep.com,medspa,"nad+, glutathione",6
"Medical Day Spa of Chapel Hill, Chapel Hill",chapelhilldayspa.com,spacoordinator@chapelhilldayspa.com,spacoordinator@chapelhilldayspa.com,yes,ok,https://chapelhilldayspa.com,medspa,GLP-1 weight loss peptides,3
Charleston Testosterone,charlestontestosterone.com,charlestontestosterone@gmail.com,charlestontestosterone@gmail.com,yes,ok,https://charlestontestosterone.com,medspa,glutathione,5
Charm Medical Aesthetics and Weight Loss,charmmedicalaesthetics.com,info@charmmedicalaesthetics.com,info@charmmedicalaesthetics.com,yes,ok,https://charmmedicalaesthetics.com,medspa,GLP-1 weight loss peptides,2
Coastal Wellness of Naples,coastalwellnessnaples.com,lisa@coastalwellnessnaples.com,lisa@coastalwellnessnaples.com,yes,ok,https://coastalwellnessnaples.com,vendor,"semaglutide, tirzepatide, nad+, glutathione",11
Come Thru Medical Weight Loss,comethru.net,info@comethru.net,info@comethru.net,yes,ok,https://comethru.net,medspa,"semaglutide, tirzepatide, retatrutide",7
"Copper Rock Clinic, St. George",copperrockclinic.com,info@copperrockclinic.com,info@copperrockclinic.com,yes,ok,https://copperrockclinic.com,medspa,"semaglutide, tirzepatide, retatrutide, bpc-157",11
"Core Rejuvenation Wellness and MedSpa, Mansfield",corerejuvenationmedspa.com,info@corerejuvenationmedspa.com,info@corerejuvenationmedspa.com,yes,ok,https://corerejuvenationmedspa.com,medspa,,2
"CQ Med Gym, Laguna Niguel",cqmedgym.com,info@cqmedgym.com,info@cqmedgym.com,yes,ok,https://cqmedgym.com,medspa,"semaglutide, tirzepatide, retatrutide, cagrilintide, bpc-157, tb-500",25
"Total Anti-Aging and Wellness, Daytona Beach",daytonasantiaging.com,leah.totalantiaging@gmail.com,leah.totalantiaging@gmail.com,yes,ok,https://daytonasantiaging.com,medspa,"semaglutide, tirzepatide, nad+, glutathione",10
Destination Regen: Regenerative Health &amp; Wellness Center —,destinationregen.com,support@destinationregen.com,support@destinationregen.com,yes,ok,https://destinationregen.com,medspa,,1
Dr. Neil Paulvin,doctorpaulvin.com,admin@doctorpaulvin.com,drpaulvin@doctorpaulvin.com; drpaulvin@gmail.com; admin@doctorpaulvin.com,yes,ok,https://doctorpaulvin.com,medspa,"liraglutide, nad+, tesamorelin, mots-c, semax, ghk-cu",10
Doses of Wellness-Orlando Med Aesthetics + Wellness,dosesofwellness.com,dosesofwellness@gmail.com,dosesofwellness@gmail.com,yes,ok,https://dosesofwellness.com,medspa,,1
Dr. Alobeid Weight Loss Institute Chicago,dralobeid.com,info@dralobeid.com,info@dralobeid.com,yes,ok,https://dralobeid.com,medspa,"semaglutide, tirzepatide",5
Dr. Gullo Stephen,drgullo.com,info@drgullo.com,info@drgullo.com,yes,ok,https://drgullo.com,medspa,semaglutide,2
Dr.Harris M.D. Weight Loss Clinic,drharrisweightloss.com,jdharrismedical@gmail.com,jdharrismedical@gmail.com; harrisweightloss@gmail.com,yes,ok,https://drharrisweightloss.com,medspa,"semaglutide, tirzepatide",10
"Dr. Hong Med Spa, Newton",drhongmedspa.com,info@drhongmedspa.com,info@drhongmedspa.com,yes,ok,https://drhongmedspa.com,medspa,,1
Edgewater Medical Clinic,drjacobsclinic.com,drbobbyjacobsokc@gmail.com,drbobbyjacobsokc@gmail.com,yes,ok,https://drjacobsclinic.com,medspa,"semaglutide, tirzepatide",3
"Dr. K&#8217;s Med Spa, Largo",drksmedspa.com,elemencemedspa@gmail.com,elemencemedspa@gmail.com,yes,ok,https://drksmedspa.com,medspa,GLP-1 weight loss peptides,3
"Duluth Med Spa by Aging Young Aesthetics, Duluth",duluthmedspa.com,info@duluthmedspa.com,info@duluthmedspa.com,yes,ok,https://duluthmedspa.com,medspa,"semaglutide, tirzepatide",9
Dr Goldberg,easyweightloss123.com,totalmedicaleg@gmail.com,totalmedicaleg@gmail.com,yes,ok,https://easyweightloss123.com,medspa,GLP-1 weight loss peptides,5
"Jeffrey C. Edman, MD, Santa Barbara",edmanclinic.net,drjeff@edmanclinic.net,drjeff@edmanclinic.net; jcedman@icloud.com,yes,ok,https://edmanclinic.net,medspa,"semaglutide, tirzepatide",9
Elevated Lifestyle,elevatedlifestylellc.com,cnichols@elevatedlifestylellc.com,cnichols@elevatedlifestylellc.com,yes,ok,https://elevatedlifestylellc.com,medspa,GLP-1 weight loss peptides,7
"Eternal Beauty Medical Aesthetics, Texarkana",eternalbeautytexarkana.com,ejjacobsen85@gmail.com,ejjacobsen85@gmail.com,yes,ok,https://eternalbeautytexarkana.com,medspa,"semaglutide, tirzepatide, retatrutide, bpc-157, tb-500, thymosin alpha-1",27
EvoHealth Functional Medicine,evohealthkansas.com,info@evohealthkansas.com,info@evohealthkansas.com,yes,ok,https://evohealthkansas.com,medspa,GLP-1 weight loss peptides,6
Fit and Trim Weight Loss Clinic,fat-rx.com,info@fat-rx.com,info@fat-rx.com,yes,ok,https://fat-rx.com,medspa,"semaglutide, tirzepatide, sermorelin",12
Feel Good Weight Loss Clinic,feelgoodweightloss.com,info@feelgoodweightloss.com,info@feelgoodweightloss.com,yes,ok,https://feelgoodweightloss.com,medspa,GLP-1 weight loss peptides,2
FILD Studio,fildstudio.com,hello@fildstudio.com,hello@fildstudio.com,yes,ok,https://fildstudio.com,medspa,"semaglutide, tirzepatide",3
"The Center for Fully Functional Health, Carmel",fullyfunctional.com,office@fullyfunctional.com,office@fullyfunctional.com,yes,ok,https://fullyfunctional.com,medspa,semaglutide,5
"Good IV, Lake Oswego",goodivpdx.com,info@goodivpdx.com,goodivpdx@gmail.com; info@goodivpdx.com,yes,ok,https://goodivpdx.com,medspa,"semaglutide, tirzepatide, nad+, glutathione",10
Green Beauty Aesthetics and Wellness,greenbeautywellness.com,melinda@greenbeautywellness.com,melinda@greenbeautywellness.com,yes,ok,https://greenbeautywellness.com,medspa,,1
Harbor Regenerative,harborregenerative.com,drlisa@harborregenerative.com,drlisa@harborregenerative.com,yes,ok,https://harborregenerative.com,medspa,semaglutide,5
Hazel and Honey Med Spa,hazelandhoneymedspa.com,shelby@hazelandhoneymedspa.com,shelby@hazelandhoneymedspa.com,yes,ok,https://hazelandhoneymedspa.com,medspa,GLP-1 weight loss peptides,6
Heal Clinic,healclinictx.com,office@healclinictx.com,office@healclinictx.com,yes,ok,https://healclinictx.com,medspa,,1
Health N Wellness Rx,healthnwellnessrx.com,info@healthnwellnessrx.com,info@healthnwellnessrx.com; nfo@healthnwellnessrx.com,yes,ok,https://healthnwellnessrx.com,medspa,nad+,6
National HRT,hgha.com,info@hgha.com,info@hgha.com,yes,ok,https://hgha.com,medspa,"sermorelin, ghrp-6",4
HGH Therapy Doctor,hghtherapydoctor.us,hghtherapydoctorus@gmail.com,hghtherapydoctorus@gmail.com; dallashghtherapydoctor@gmail.com; bostonhghtherapydoctor@gmail.com; chicagohghtherapydoctor@gmail.com; houstonhghtherapydoctor@gmail.com; losangeleshghtherapydoctor@gmail.com; phoenixhghdoctor@gmail.com; sanantoniohghdoctor@gmail.com,yes,ok,https://hghtherapydoctor.us,medspa,sermorelin,2
"Hillside Health, St. George",hillsidehealth.com,info@hillsidehealth.com,info@hillsidehealth.com,yes,ok,https://hillsidehealth.com,medspa,semaglutide,8
Holos Medical Spa LLC,holosmedicalspa.com,info@holosmedicalspa.com,info@holosmedicalspa.com,yes,ok,https://holosmedicalspa.com,medspa,"semaglutide, tirzepatide",10
Hormone Wellness Center,hwcoftexas.com,mary.greenwalt@hwcoftexas.com,mary.greenwalt@hwcoftexas.com; jenny.vardeman@hwcoftexas.com,yes,ok,https://hwcoftexas.com,medspa,GLP-1 weight loss peptides,5
"Hybrid Medical Solution, Boca Raton",hybridmedicalsolution.com,dr.moraes@hybridmedicalsolution.com,dr.moraes@hybridmedicalsolution.com,yes,ok,https://hybridmedicalsolution.com,medspa,"semaglutide, tirzepatide, bpc-157, tb-500, thymosin beta-4, thymosin alpha-1",25
ICT Wellness and Aesthetics,ictwellness.com,some@gmail.com,some@gmail.com; ictwellness@icloud.com,yes,ok,https://ictwellness.com,medspa,glutathione,1
Identity Hormones and Healthcare,identityhormones.com,info@identityhormones.com,phoenix@identityhormones.com; denver@identityhormones.com; henderson@identityhormones.com; sugarhouse@identityhormones.com; info@identityhormones.com,yes,ok,https://identityhormones.com,medspa,,1
"Impact Family Wellness, Cedar Park",impactfamilywellness.com,admin@impactfamilywellness.com,admin@impactfamilywellness.com,yes,ok,https://impactfamilywellness.com,medspa,"semaglutide, tirzepatide",5
Increase My T,increasemyt.com,info@increasemyt.com,info@increasemyt.com,yes,ok,https://increasemyt.com,medspa,"semaglutide, tirzepatide, nad+, sermorelin, hexarelin",15
"InfusaLounge Wellness Spa, Allen",infusalounge.com,scheduling@infusalounge.com,scheduling@infusalounge.com,yes,ok,https://infusalounge.com,medspa,"semaglutide, tirzepatide, bpc-157, tb-500, thymosin alpha-1, nad+",21
Lume Wellness and Weight Loss,injectorbetsy.com,betsy@injectorbetsy.com,betsy@injectorbetsy.com,yes,ok,https://injectorbetsy.com,medspa,GLP-1 weight loss peptides,2
"Integrative Wellness &amp; Research Center, Inc",integrativewellness.org,clinic@integrativewellness.org,clinic@integrativewellness.org,yes,ok,https://integrativewellness.org,medspa,,1
"Intentional Wellness Medspa, LLC, Malden",intentionalwellnessmedspa.com,intentionalwellnessmedspa@gmail.com,intentionalwellnessmedspa@gmail.com,yes,ok,https://intentionalwellnessmedspa.com,medspa,"semaglutide, glutathione",3
Invictus Wellness Clinic,invictuswellnessclinic.com,patients@invictuswellnessclinic.com,patients@invictuswellnessclinic.com,yes,ok,https://invictuswellnessclinic.com,medspa,"semaglutide, tirzepatide",7
"Iowa Weight Loss Specialists, Ames",iowaweightloss.com,info@iowaweightloss.com,info@iowaweightloss.com,yes,ok,https://iowaweightloss.com,medspa,"semaglutide, tirzepatide, liraglutide",9
"Juvenate Health and Wellness, Panama City",juvenate-wellness.com,admin@juvenate-wellness.com,admin@juvenate-wellness.com,yes,ok,https://juvenate-wellness.com,medspa,"semaglutide, tirzepatide, retatrutide, bpc-157, nad+, ipamorelin",18
"Raphael Kellman, M.D.",kellmanmd.com,info@kellmanmd.com,info@kellmanmd.com,yes,ok,https://kellmanmd.com,medspa,,1
"Lafferty Family Care: Scott Lafferty, MD, Rogers",laffertyfamilycare.com,contact@laffertyfamilycare.com,cseals@laffertyfamilycare.com; contact@laffertyfamilycare.com; web.clevernwa@gmail.com,yes,ok,https://laffertyfamilycare.com,medspa,,2
"Life Goals Wellness &#038; Weight Loss, Casper",lifegoalswellness.com,lifegoalswy@gmail.com,lifegoalswy@gmail.com,yes,ok,https://lifegoalswellness.com,vendor,retatrutide,8
LIFE*MOD,lifemod.com,info@lifemod.com,info@lifemod.com; chaunce@lifemod.com; ro@lifemod.com,yes,ok,https://lifemod.com,medspa,,2
Lifestyle Solutions,lifestylesol.com,lssolutions@icloud.com,lssolutions@icloud.com,yes,ok,https://lifestylesol.com,medspa,semaglutide,5
"Living well wellness, Daytona Beach",livingwellwellness.com,info@livingwellwellness.com,info@livingwellwellness.com,yes,ok,https://livingwellwellness.com,medspa,,3
"Low T Nation, Marietta",lowtnation.com,info@lowtnation.com,info@lowtnation.com,yes,ok,https://lowtnation.com,medspa,"semaglutide, tirzepatide, nad+, sermorelin, pt-141, ghk-cu",10
"Low Testosterone &#038; Wellness Center, Allen",lowtwellness.com,info@lowtwellness.com,info@lowtwellness.com,yes,ok,https://lowtwellness.com,medspa,"nad+, glutathione",3
Luana Lifestyle Weight Loss Clinic,luanalifestylemd.com,luanalifestyle.md@gmail.com,luanalifestyle.md@gmail.com,yes,ok,https://luanalifestylemd.com,medspa,"semaglutide, tirzepatide",7
"Barbara A. Lubin, MD: Hormone Therapy/Holistic Medicine/Family Practic",lubinmd.com,practice@lubinmd.com,practice@lubinmd.com,yes,ok,https://lubinmd.com,medspa,semaglutide,2
LXRY Aesthetics &amp; Wellness,lxryaesthetics.com,infolxryaesthetics@gmail.com,infolxryaesthetics@gmail.com,yes,ok,https://lxryaesthetics.com,medspa,"semaglutide, tirzepatide, glutathione",6
M Aesthetics,maestheticsbeauty.com,maesthetics414@gmail.com,maesthetics414@gmail.com,yes,ok,https://maestheticsbeauty.com,medspa,"semaglutide, tirzepatide",3
Marcus Clinic: Testosterone and Mental Health,marcusclinic.com,info@marcusclinic.com,info@marcusclinic.com; hello@marcusclinic.com,yes,ok,https://marcusclinic.com,medspa,,2
Mariposa Family Medicine,mariposafamilymedicine.com,mariposafamilymedicine@gmail.com,mariposafamilymedicine@gmail.com,yes,ok,https://mariposafamilymedicine.com,medspa,"semaglutide, liraglutide",4
"Advanced Body Sculpting, Fall River",massachusettscosmetic.com,mxlowney@gmail.com,mxlowney@gmail.com,yes,ok,https://massachusettscosmetic.com,medspa,,2
"Maverick Male Medical, Fayetteville",maverickmalemedical.com,info@maverickmalemedical.com,info@maverickmalemedical.com,yes,ok,https://maverickmalemedical.com,medspa,GLP-1 weight loss peptides,6
MD Ageless Solutions,mdagelesssolutions.com,mdagelesssolutions@gmail.com,mdagelesssolutions@gmail.com,yes,ok,https://mdagelesssolutions.com,medspa,GLP-1 weight loss peptides,3
Medi-Slim Wellness,medislimwellness.com,alizone2@gmail.com,alizone2@gmail.com,yes,ok,https://medislimwellness.com,medspa,"semaglutide, tirzepatide, glutathione",11
Medical Weight Loss Solutions,medweightlosssolutions.com,kym@medweightlosssolutions.com,kym@medweightlosssolutions.com,yes,ok,https://medweightlosssolutions.com,medspa,"semaglutide, tirzepatide, nad+, sermorelin",9
"Megan L. Miller APRN CNP Direct Primary Care, Springfield",meganlmillerdpc.com,info@meganlmillerdpc.com,mmiller@meganlmillerdpc.com; info@meganlmillerdpc.com,yes,ok,https://meganlmillerdpc.com,medspa,,1
"Mesa Medical Health &#038; Weight Loss, St. George",mesamedclinic.com,sales@mesamedclinic.com,%20sales@mesamedclinic.com; sales@mesamedclinic.com,yes,ok,https://mesamedclinic.com,medspa,"semaglutide, tirzepatide",6
"Millstone Aesthetics, Greenville",millstonemedicalonline.com,info@millstonemedicalonline.com,millstoneaesthetics@gmail.com; info@millstonemedicalonline.com,yes,ok,https://millstonemedicalonline.com,medspa,"semaglutide, tirzepatide",15
"MiraMed and Day Spa, Santa Barbara",miramedanddayspa.com,contact@miramedanddayspa.com,contact@miramedanddayspa.com,yes,ok,https://miramedanddayspa.com,medspa,"semaglutide, tirzepatide",12
MK Wellness Clinic,mkwellnessclinic.com,info@mkwellnessclinic.com,info@mkwellnessclinic.com,yes,ok,https://mkwellnessclinic.com,medspa,"semaglutide, tirzepatide, bpc-157, tb-500, nad+, sermorelin",14
"Mosaic in Western Colorado, Grand Junction",mosaicbiohealth.com,contact@mosaicbiohealth.com,contact@mosaicbiohealth.com,yes,ok,https://mosaicbiohealth.com,medspa,semaglutide,7
"Mullica Hill Weight Loss, Vineland",mullicahillmedical.com,info@mullicahillmedical.com,info@mullicahillmedical.com,yes,ok,https://mullicahillmedical.com,medspa,"semaglutide, tirzepatide",9
Medical Weight Loss Solutions,mwlstl.com,info@mwlstl.com,info@mwlstl.com,yes,ok,https://mwlstl.com,medspa,"semaglutide, tirzepatide, bpc-157, nad+, 5-amino-1mq",11
"Medical WeightLoss &#038; Wellness Clinic, Inc, Racine",mwlw-inc.com,racineinfo@mwlw-inc.com,racineinfo@mwlw-inc.com; greenfieldinfo@mwlw-inc.com,yes,ok,https://mwlw-inc.com,medspa,"semaglutide, tirzepatide",5
"Chic Derm &#038; Aesthetics, Allen",mydermpa.com,contact@mydermpa.com,contact@mydermpa.com,yes,ok,https://mydermpa.com,medspa,glutathione,2
"HealthWorx, Westerville",myhealthworx.com,contact@myhealthworx.com,contact@myhealthworx.com,yes,ok,https://myhealthworx.com,medspa,"semaglutide, tirzepatide",7
"medprevent, Boca Raton",mymedprevent.com,manager@mymedprevent.com,manager@mymedprevent.com; premier@mymedprevent.com,yes,ok,https://mymedprevent.com,medspa,"semaglutide, tirzepatide, liraglutide, ipamorelin, sermorelin, glutathione",16
"Nancy Davis Med Spa, St. George",nancydavismedspa.com,nancyrdaviscfnp@gmail.com,nancyrdaviscfnp@gmail.com,yes,ok,https://nancydavismedspa.com,medspa,semaglutide,5
"New Found Health and Wellness, Dover",newfoundhealthandwellness.com,russnewfoundhealth@gmail.com,russnewfoundhealth@gmail.com,yes,ok,https://newfoundhealthandwellness.com,medspa,"semaglutide, ipamorelin, sermorelin",7
"Newman &#038; Company, New Braunfels",newmancmpy.com,info@newmancmpy.com,info@newmancmpy.com,yes,ok,https://newmancmpy.com,medspa,GLP-1 weight loss peptides,4
Integrative Medicine and Wellness Center,ngoldfarb.com,info@ngoldfarb.com,info@ngoldfarb.com,yes,ok,https://ngoldfarb.com,medspa,semaglutide,3
"Newport Health &#038; Vitality, Newport Beach",nhvitality.com,info@nhvitality.com,info@nhvitality.com,yes,ok,https://nhvitality.com,medspa,"semaglutide, tirzepatide",10
NuSerenity Weight Loss and IV Therapy,nuserenitywellness.com,contact@nuserenitywellness.com,nuserenitywellness@gmail.com; contact@nuserenitywellness.com; contact.nuserenitywellness@gmail.com,yes,ok,https://nuserenitywellness.com,medspa,"semaglutide, sermorelin, glutathione",14
OH Wellness Center,ohwellnesscenter.com,info@ohwellnesscenter.com,info@ohwellnesscenter.com; megan@ohwellnesscenter.com,yes,ok,https://ohwellnesscenter.com,medspa,"nad+, glutathione",7
Olivera Weight Loss,olivera.com,office@olivera.com,office@olivera.com,yes,ok,https://olivera.com,medspa,"semaglutide, tirzepatide",6
"OnePeak Medical, Lake Oswego",onepeakmedical.com,info@onepeakmedical.com,albany@onepeakmedical.com; ashland@onepeakmedical.com; bend@onepeakmedical.com; centralpoint@onepeakmedical.com; eugene-cc@onepeakmedical.com; eugene-coburg@onepeakmedical.com; grantspass@onepeakmedical.com; grantspassest@onepeakmedical.com,yes,ok,https://onepeakmedical.com,medspa,,2
"ONYX Aesthetics and Wellness, Fort Smith",onyxfortsmith.com,onyxfortsmith@gmail.com,onyxfortsmith@gmail.com,yes,ok,https://onyxfortsmith.com,medspa,glutathione,4
"Open Door Medical Clinic, Great Falls",opendoormed406.com,office@opendoormed406.com,office@opendoormed406.com,yes,ok,https://opendoormed406.com,medspa,GLP-1 weight loss peptides,3
"Ortega Wellness, Rio Rancho",ortegawellness.com,info@ortegawellness.com,info@ortegawellness.com,yes,ok,https://ortegawellness.com,medspa,,2
"Orthomolecular Nutrition and Wellness Center, Largo",ortholiving.com,info@ortholiving.com,info@ortholiving.com,yes,ok,https://ortholiving.com,medspa,"nad+, glutathione",8
Padgett Medical Center Ocala,padgettmedicalocala.com,padgettmedicalocala@live.com,padgettmedicalocala@live.com,yes,ok,https://padgettmedicalocala.com,medspa,"semaglutide, tirzepatide, nad+, aod-9604",14
Peak Health and Wellness,peakhealthar.com,peakhealthar@gmail.com,peakhealthar@gmail.com,yes,ok,https://peakhealthar.com,medspa,"bpc-157, tb-500, nad+, cjc-1295, pt-141, ghk-cu",11
"Pecan Health, Sandy",pecanhealth.com,info@pecanhealth.com,info@pecanhealth.com,yes,ok,https://pecanhealth.com,medspa,"semaglutide, tirzepatide",6
Perspective Health,perspectivehealthllc.com,info@perspectivehealthllc.com,info@perspectivehealthllc.com; %20perspectivehealth.patientassist@gmail.com,yes,ok,https://perspectivehealthllc.com,medspa,GLP-1 weight loss peptides,8
Platinum Medical Wellness &amp; Aesthetics,platinummedicaltx.com,info@platinummedicaltx.com,info@platinummedicaltx.com,yes,ok,https://platinummedicaltx.com,medspa,semaglutide,8
"Pound Melters, San Rafael",poundmelters.com,poundmelters@gmail.com,poundmelters@gmail.com,yes,ok,https://poundmelters.com,medspa,"semaglutide, tirzepatide",6
Pristine Hormones and Weight,pristinehormonesandweight.com,admin@pristinehormonesandweight.com,admin@pristinehormonesandweight.com,yes,ok,https://pristinehormonesandweight.com,medspa,GLP-1 weight loss peptides,4
"Privvy Modern Health, Chico",privvyhealth.com,info@privvyhealth.com,bharat@privvyhealth.com; info@privvyhealth.com,yes,ok,https://privvyhealth.com,medspa,"semaglutide, tirzepatide, nad+",8
"Prosperity Health and Wellness Group, Royal Oak",prosperityhealthmi.com,contact@prosperityhealthmi.com,contact@prosperityhealthmi.com,yes,ok,https://prosperityhealthmi.com,medspa,"tirzepatide, semaglutide",8
"PureLife Medi-Spa, Largo",purelifemedispa.com,info@purelifemedispa.com,info@purelifemedispa.com,yes,ok,https://purelifemedispa.com,medspa,semaglutide,5
"PURE Medical Aesthetics, Norwalk",puremedicalaesthetics.com,info@puremedicalaesthetics.com,info@puremedicalaesthetics.com,yes,ok,https://puremedicalaesthetics.com,medspa,,1
Purity Medical Spa,puritymedicalspa.com,office@puritymedicalspa.com,office@puritymedicalspa.com; seattlespa@puritymedicalspa.com,yes,ok,https://puritymedicalspa.com,medspa,glutathione,4
"PUSH IV &#038; Wellness Lounge, Cheyenne",pushwellness307.com,info@pushwellness307.com,info@pushwellness307.com,yes,ok,https://pushwellness307.com,medspa,"semaglutide, nad+, glutathione",6
"Regener8 Wellness + Performance, Yuma",regener8lifeyuma.com,info@regener8lifeyuma.com,info@regener8lifeyuma.com,yes,ok,https://regener8lifeyuma.com,medspa,GLP-1 weight loss peptides,5
"Regner Health Solutions, Eden Prairie",regnerhealthsolutions.com,newclient@regnerhealthsolutions.com,newclient@regnerhealthsolutions.com,yes,ok,https://regnerhealthsolutions.com,medspa,"semaglutide, tirzepatide, tb-500, nad+, sermorelin, semax",14
"Reimagine Beauty Med Spa, Lancaster",reimaginebeautypa.com,info@reimaginebeautypa.com,reimaginebeautypa@gmail.com; info@reimaginebeautypa.com,yes,ok,https://reimaginebeautypa.com,medspa,GLP-1 weight loss peptides,4
Rejuvenate Health and Wellness,rejuvenatehealthak.com,info@rejuvenatehealthak.com,info@rejuvenatehealthak.com,yes,ok,https://rejuvenatehealthak.com,vendor,"semaglutide, tirzepatide",7
"Renew Aesthetics at Pinnacle Point, Rogers",renewaesthetics.com,renewaestheticsar@gmail.com,renewaestheticsar@gmail.com,yes,ok,https://renewaesthetics.com,medspa,GLP-1 weight loss peptides,2
"Renewed Health and Wellness LLC, Meriden",renewedhwllc.com,alugo@renewedhwllc.com,alugo@renewedhwllc.com,yes,ok,https://renewedhwllc.com,medspa,"nad+, glutathione",5
Renew You Palm Beach,renewyoupalmbeach.com,renewyoupalmbeach@gmail.com,renewyoupalmbeach@gmail.com,yes,ok,https://renewyoupalmbeach.com,medspa,GLP-1 weight loss peptides,7
"Renew Youth, Skokie",renewyouth.com,info@renewyouth.com,info@renewyouth.com,yes,ok,https://renewyouth.com,medspa,"sermorelin, ghrp-2, ghrp-6",5
"Resonant Clinic, Newport Beach",resonantclinic.com,info@resonantclinic.com,info@resonantclinic.com,yes,ok,https://resonantclinic.com,medspa,semaglutide,1
"Revity Medical, Salt Lake City",revitymedical.com,info@revitymedical.com,info@revitymedical.com,yes,ok,https://revitymedical.com,medspa,nad+,8
Revive Functional Nutrition,revivefn.com,bgee@revivefn.com,bgee@revivefn.com,yes,ok,https://revivefn.com,medspa,nad+,6
Revive Hormone Health,revivehormonehealth.com,info@revivehormonehealth.com,info@revivehormonehealth.com,yes,ok,https://revivehormonehealth.com,medspa,"semaglutide, tirzepatide, ipamorelin, sermorelin, tesamorelin, cjc-1295",21
Revolution Wellness,revolutionwellnessla.com,info@revolutionwellnessla.com,info@revolutionwellnessla.com,yes,ok,https://revolutionwellnessla.com,medspa,GLP-1 weight loss peptides,5
RegenHealth Physicians,rhpny.com,admin@rhpny.com,admin@rhpny.com,yes,ok,https://rhpny.com,medspa,GLP-1 weight loss peptides,7
"Rocklin Weight Loss, Rocklin",rocklinweightloss.com,debramccurtain@gmail.com,debramccurtain@gmail.com,yes,ok,https://rocklinweightloss.com,vendor,"semaglutide, tirzepatide",3
"Rois Medical Group, Rockledge",roismedicalgroup.com,info@roismedicalgroup.net,info@roismedicalgroup.net,yes,ok,https://roismedicalgroup.com,medspa,GLP-1 weight loss peptides,4
Roots Wellness and Medspa,rootstampa.com,info@rootstampa.com,info@rootstampa.com,yes,ok,https://rootstampa.com,medspa,"semaglutide, tirzepatide, bpc-157, tb-500, nad+, ipamorelin",19
Rose Injectables,roseinjectables.com,staff@roseinjectables.com,staff@roseinjectables.com,yes,ok,https://roseinjectables.com,medspa,semaglutide,7
Royal Oak Salon &amp; Spa,royaloakmassage.com,info@royaloakmassage.com,info@royaloakmassage.com,yes,ok,https://royaloakmassage.com,medspa,"semaglutide, tirzepatide",8
"Rume Health, Redding",rumehealth.com,support@rumehealth.com,support@rumehealth.com,yes,ok,https://rumehealth.com,medspa,GLP-1 weight loss peptides,2
Rx Weight Loss &amp; Wellness,rxweightloss.com,info@rxweightloss.com,info@rxweightloss.com,yes,ok,https://rxweightloss.com,medspa,"semaglutide, tirzepatide, ghk-cu",7
"Sage Wellness and Medspa, Plantation",sagewellnessfl.com,info@sagewellnessfl.com,info@sagewellnessfl.com,yes,ok,https://sagewellnessfl.com,medspa,"semaglutide, tirzepatide, retatrutide, bpc-157, ipamorelin, sermorelin",17
"SAS Med Spa, Springfield",sasmedspa.com,info@sasmedspa.com,info@sasmedspa.com,yes,ok,https://sasmedspa.com,medspa,GLP-1 weight loss peptides,4
Seattle Wellness Programs,seattlewellnessprograms.com,info@seattlewellnessprograms.com,info@seattlewellnessprograms.com,yes,ok,https://seattlewellnessprograms.com,medspa,"semaglutide, ipamorelin, sermorelin, oxytocin",5
"Select Health of Bowling Green, Bowling Green",select-health-bg.pages.dev,info@selecthealthbg.com,info@selecthealthbg.com,yes,ok,https://select-health-bg.pages.dev,medspa,GLP-1 weight loss peptides,6
"Select Spine &#038; Sports Medicine, Friendswood",selectspineandsports.com,info@selectspineandsports.com,info@selectspineandsports.com,yes,ok,https://selectspineandsports.com,medspa,"semaglutide, tirzepatide, nad+",10
Serendipity,serendipitymedispa.com,clientcare@serendipitymedispa.com,clientcare@serendipitymedispa.com,yes,ok,https://serendipitymedispa.com,medspa,,1
"Sienna Med Spa, Montebello",siennamedspa.com,hello@siennamedspa.com,hello@siennamedspa.com,yes,ok,https://siennamedspa.com,medspa,semaglutide,2
"Signature Image, Marietta",signatureimageatlanta.com,info@signatureimageatlanta.com,info@signatureimageatlanta.com,yes,ok,https://signatureimageatlanta.com,medspa,GLP-1 weight loss peptides,2
Simone Medical,simonemedical.com,info@simonemedical.com,info@simonemedical.com; %20info@simonemedical.com,yes,ok,https://simonemedical.com,medspa,GLP-1 weight loss peptides,5
"Skin Deep NB, New Braunfels",skindeepnb.com,info@skindeepnb.com,info@skindeepnb.com; skindeepnb@yahoo.com,yes,ok,https://skindeepnb.com,medspa,GLP-1 weight loss peptides,5
"Skin Perfection Aesthetics, Northglenn",skinperfectionmedspa.com,info@skinperfectionmedspa.com,info@skinperfectionmedspa.com,yes,ok,https://skinperfectionmedspa.com,medspa,semaglutide,4
"SlimNow MD, LLC",slimnowmd.net,doctor@slimnowmd.com,doctor@slimnowmd.com,yes,ok,https://slimnowmd.net,medspa,"semaglutide, tirzepatide",15
"SmartMED, Roswell",smartmeddrivethru.com,info@smartmeddrivethru.com,info@smartmeddrivethru.com; roswell@smartmeddrivethru.com,yes,ok,https://smartmeddrivethru.com,medspa,"semaglutide, tirzepatide",4
SOAR Wellness,soarwellness.net,info@soarwellness.net,info@soarwellness.net,yes,ok,https://soarwellness.net,medspa,,2
Soboba Medical Weight Loss,sobobaweightloss.com,main@sobobaweightloss.com,main@sobobaweightloss.com,yes,ok,https://sobobaweightloss.com,medspa,"semaglutide, tirzepatide, retatrutide",12
SoCal Men&#x27;s Clinic,socalmensclinic.com,info@socalmensclinic.com,info@socalmensclinic.com,yes,ok,https://socalmensclinic.com,medspa,"semaglutide, tirzepatide",7
Solas Health and Wellness,solasclinic.com,support@solasclinic.com,support@solasclinic.com,yes,ok,https://solasclinic.com,medspa,"semaglutide, tirzepatide, bpc-157, nad+, ipamorelin, sermorelin",16
South Beach Wellness Center,southbeachwellness.com,info@southbeachwellness.com,info@southbeachwellness.com,yes,ok,https://southbeachwellness.com,medspa,"semaglutide, tirzepatide, nad+, oxytocin",14
"Southern Primary Care, Macon",southernprimarycare.com,appointment@southernprimarycare.com,appointment@southernprimarycare.com,yes,ok,https://southernprimarycare.com,medspa,"semaglutide, tirzepatide",5
Stacy Wellness Center,stacywellness.com,info@stacywellness.com,info@stacywellness.com,yes,ok,https://stacywellness.com,medspa,GLP-1 weight loss peptides,5
"St. Charles Wellness Center, Homestead",stcharleswellnesscenter.com,info@stcharleswellnesscenter.com,info@stcharleswellnesscenter.com,yes,ok,https://stcharleswellnesscenter.com,medspa,GLP-1 weight loss peptides,2
"St. George Weight Loss &#038; Wellness, St. George",stgweightloss.com,stgweightloss@gmail.com,stgweightloss@gmail.com,yes,ok,https://stgweightloss.com,medspa,GLP-1 weight loss peptides,4
Stilnova Aesthetics + Wellness,stilnovaco.com,kathyspeigel@stilnovaco.com,kathyspeigel@stilnovaco.com,yes,ok,https://stilnovaco.com,medspa,GLP-1 weight loss peptides,3
"Strive IV and Wellness, New Braunfels",striveivandwellness.com,jmoney@striveivandwellness.com,jmoney@striveivandwellness.com,yes,ok,https://striveivandwellness.com,medspa,"semaglutide, tirzepatide, nad+",9
Success Weightloss Systems Inc.,successweightlosssystems.com,swsweightloss@gmail.com,swsweightloss@gmail.com,yes,ok,https://successweightlosssystems.com,vendor,"semaglutide, sermorelin",7
"Sugar Land Medical Spa, Sugar Land",sugarlandmedspa.com,kimberlyevansmd@hotmail.com,kimberlyevansmd@hotmail.com,yes,ok,https://sugarlandmedspa.com,medspa,nad+,5
"The Medical Skin Clinic, Nashua",themedicalskinclinic.com,info@themedicalskinclinic.com,info@themedicalskinclinic.com; salem@themedicalskinclinic.com,yes,ok,https://themedicalskinclinic.com,medspa,"semaglutide, tirzepatide",6
ThriveX,thrivex.com,healthy@thrivex.com,healthy@thrivex.com,yes,ok,https://thrivex.com,medspa,"semaglutide, tirzepatide, nad+",10
"Trident Healthcare-Mind, Body &#038; Wellness, Melbourne",tridenthcbrevard.com,tridenthc22@gmail.com,tridenthc22@gmail.com,yes,ok,https://tridenthcbrevard.com,medspa,semaglutide,9
Trim &amp; Wellness Clinic of The Carolinas,trimcliniccarolinas.com,info@trimcliniccarolinas.com,info@trimcliniccarolinas.com,yes,ok,https://trimcliniccarolinas.com,medspa,"semaglutide, tirzepatide",6
Tri-State Men&#x27;s Health,tristatemenshealth.com,contactwestchester@tristatemenshealth.com,contactwestchester@tristatemenshealth.com; contactlouisville@tristatemenshealth.com; contactdayton@tristatemenshealth.com; contacthilliard@tristatemenshealth.com; contactwesterville@tristatemenshealth.com; contactcrestview@tristatemenshealth.com,yes,ok,https://tristatemenshealth.com,medspa,GLP-1 weight loss peptides,2
"TrueBio Innovative Health + Wellness, PLLC",truebiohealth.com,info@truebiohealth.com,amcneil@truebiohealth.com; info@truebiohealth.com,yes,ok,https://truebiohealth.com,medspa,,2
Unleashed Medical,unleashedmedical.com,admin@unleashedmedical.com,admin@unleashedmedical.com,yes,ok,https://unleashedmedical.com,medspa,,2
"USA Trim, Clifton",usatrim.com,contact@usatrim.com,contact@usatrim.com,yes,ok,https://usatrim.com,medspa,"semaglutide, tirzepatide",3
"Vain Aesthetics &#038; Wellness, League City",vainivmedspa.com,info@vainivmedspa.com,info@vainivmedspa.com,yes,ok,https://vainivmedspa.com,medspa,nad+,6
"VIP Medical Weight Loss, LLC, Wellington",vipmedicalweightloss.com,contact@vipmedicalweightloss.com,mielucristian@gmail.com; contact@vipmedicalweightloss.com,yes,ok,https://vipmedicalweightloss.com,medspa,semaglutide,7
"Vitalis Wellness Center, Kissimmee",vitaliswellnesscenter.com,info@vitaliswellnesscenter.com,info@vitaliswellnesscenter.com,yes,ok,https://vitaliswellnesscenter.com/contact,medspa,GLP-1 weight loss peptides,3
"Vitality Health and Wellness, Fort Smith",vitalitymedpro.com,hello@vitalitymedpro.com,hello@vitalitymedpro.com,yes,ok,https://vitalitymedpro.com,vendor,,4
Vitality Rejuvenation Clinic,vitalityrejuvenation.com,info@vitalityrejuvenation.com,info@vitalityrejuvenation.com,yes,ok,https://vitalityrejuvenation.com,medspa,"semaglutide, tirzepatide, sermorelin, tesamorelin, hexarelin",11
Vis Vitalis Regenerative Medicine,vvrm.clinic,info@vvrm.clinic,info@vvrm.clinic,yes,ok,https://vvrm.clinic,medspa,"semaglutide, tirzepatide, nad+, glutathione",6
"Wasatch Medical Clinic &#038; Wellness Center, Sandy",wasatchclinics.com,info@wasatchclinics.com,info@wasatchclinics.com,yes,ok,https://wasatchclinics.com,medspa,"semaglutide, tirzepatide",2
Wellesley Medical Group,wellesleymedicalgroup.com,dr.m@wellesleymedicalgroup.com,dr.m@wellesleymedicalgroup.com,yes,ok,https://wellesleymedicalgroup.com,medspa,GLP-1 weight loss peptides,3
"Wellness.Balance.You, Victoria",wellnessbalanceyou.net,hello@wellnessbalanceyou.net,hello@wellnessbalanceyou.net,yes,ok,https://wellnessbalanceyou.net,medspa,"semaglutide, tirzepatide",6
Rewind Time Anti-Aging &amp; Aesthetics,werewindtime.com,info@werewindtime.com,info@werewindtime.com,yes,ok,https://werewindtime.com,medspa,"semaglutide, tirzepatide",9
West Palm Wellness Clinic,westpalmwellnessclinic.com,westpalmwellnessclinic@gmail.com,westpalmwellnessclinic@gmail.com,yes,ok,https://westpalmwellnessclinic.com,medspa,GLP-1 weight loss peptides,2
Niagara Wheatfield Medical Weight Loss Services,wheatfieldweightloss.com,wheatfieldweightloss@outlook.com,wheatfieldweightloss@outlook.com,yes,ok,https://wheatfieldweightloss.com,medspa,"semaglutide, tirzepatide",5
Windy City Weight Loss and T,windycitywl.com,info@windycitywl.com,info@windycitywl.com,yes,ok,https://windycitywl.com/about,medspa,GLP-1 weight loss peptides,6
"Youth Enhancement Systems, Marietta",yesmdatlanta.com,info@yesmdatlanta.com,info@yesmdatlanta.com,yes,ok,https://yesmdatlanta.com,medspa,"semaglutide, nad+",9
4Ever Young Anti-Aging Solutions,4everyoungantiaging.com,,,yes,no_email,https://4everyoungantiaging.com,medspa,"semaglutide, tirzepatide",7
"501 Pharmacy, Chapel Hill",501rx.com,han@501rx.com,han@501rx.com,yes,no_peptides,https://501rx.com,medspa,,0
888 Wellness Group,888wellnessgroup.com,,,,unreachable,,,,
"A1 Health and Wellness, Melbourne",a1healthwellness.com,,,,no_email,https://a1healthwellness.com,medspa,,2
aBella Medical Spa,abellamedicalspa.com,,,yes,no_email,https://abellamedicalspa.com,medspa,"semaglutide, tirzepatide",4
"Achira Endocrinology &#038; Weight Loss Clinic, Taylor",achiraendocrinology.com,,,yes,no_email,https://achiraendocrinology.com,medspa,,0
Advanced Aesthetics,advancedaesthetics.com,,,yes,no_email,https://advancedaesthetics.com,medspa,"semaglutide, tirzepatide, nad+",4
"Advancedmd Aesthetics of Atlanta, Marietta",advancedmdaesthetics.com,,,yes,no_email,https://advancedmdaesthetics.com,medspa,"semaglutide, nad+",7
"Advanced Medical and Weight Loss Center, Alpharetta",advancedmedicalwlc.com,,,yes,no_email,https://advancedmedicalwlc.com,medspa,GLP-1 weight loss peptides,4
AMP Clinic,advancedmensperformance.com,,,yes,no_email,https://advancedmensperformance.com,medspa,"semaglutide, tirzepatide",5
Advanced Wellness &amp; Semaglutide Weight Loss Portland —,advancedwellnessandrejuvenation.com,,,,no_email,,vendor,,0
"Grover Health and Aesthetics, Pontiac",aestheticami.com,,,,unreachable,,,,
Aesthetica Montgomery,aestheticamontgomery.com,,,yes,no_email,https://aestheticamontgomery.com,medspa,semaglutide,5
"A Fresh New Me, Dayton",afreshnewme.com,,,yes,no_email,https://afreshnewme.com,medspa,,2
"Age Better Miami, North Miami",agebettermiami.com,,,,no_email,,vendor,,0
"Ageless MD, Tustin",ageless-md.com,,,,no_email,,vendor,,0
"Ageless By Ezzo, Friendswood",agelessezzo.com,,,yes,no_email,https://agelessezzo.com,medspa,"semaglutide, tirzepatide",3
Ageless Men&#x27;s Health,agelessmenshealth.com,,,,unreachable,,,,
Age Management of West Michigan,agemanagementmi.com,,,yes,no_email,https://agemanagementmi.com,medspa,"semaglutide, nad+, sermorelin, dsip, ghk-cu, kpv",13
"AM Beauty &#038; Wellness, Miami Beach",alonsomartinmd.com,,,yes,no_email,https://alonsomartinmd.com,medspa,"semaglutide, bpc-157, nad+, tesamorelin, cjc-1295",16
Alpha Male Clinic West Palm Beach,alphamaleclinic.com,,,yes,no_email,https://alphamaleclinic.com,vendor,"semaglutide, tirzepatide, bpc-157, nad+, pt-141, ghk-cu",11
AlphaMan Men&#x27;s Health TRT &amp; Weight Loss Clinic Los Angeles —,alphamanclinic.com,,,,no_email,,vendor,,0
Alpha Men&#x27;s Clinic,alphamensclinic.com,,,yes,no_email,https://alphamensclinic.com,medspa,sermorelin,4
Alterna Health Med Spa,alternahealthmedspa.myaestheticrecord.com,,,,no_email,https://alternahealthmedspa.myaestheticrecord.com,medspa,,0
In Good Health,alwaysingoodhealth.com,,,yes,no_email,https://alwaysingoodhealth.com,medspa,GLP-1 weight loss peptides,4
"AmaChi MedSpa, Marietta",amachimedspa.com,,,,no_email,,vendor,,0
"Eternity Health Partners, Santa Barbara",amisantabarbara.com,,,yes,no_email,https://amisantabarbara.com,medspa,"semaglutide, tirzepatide, bpc-157, nad+, ipamorelin, sermorelin",27
"Institute for Healthy Aging, Boca Raton",amtcare.com,,,yes,no_email,https://amtcare.com,medspa,glutathione,6
"Achieve Medical Weight Loss, Panama City",amwl.net,achievedothan@gmail.com,achievedothan@gmail.com; achieve.fayettevillenc@gmail.com; achieve.clarksville@gmail.com; achieve.garner@gmail.com; achieve.wilmington@gmail.com; achieve.jville@gmail.com; achievedyersburgpharmacy@gmail.com; achievemacon@gmail.com,yes,already known,https://amwl.net,vendor,GLP-1 weight loss peptides,3
"Anodyne Pain &#038; Wellness Solutions, Orem",anodynepain.com,,,,unreachable,,,,
"Anodyne Pain &#038; Health Group of North Atlanta, Marietta",anodynepaingroup.com,,,yes,no_email,https://anodynepaingroup.com,vendor,,0
"Anti-Aging Northwest, Spokane",antiagingnorthwest.com,,,yes,no_email,https://antiagingnorthwest.com,medspa,"semaglutide, tirzepatide, liraglutide, nad+, sermorelin, oxytocin",14
The Holistic and Wellness Institute of Tampa Bay,antiagingtampabay.com,,,,no_email,,vendor,,0
"APEX Performance &#038; Aesthetics, Sandy",apexperformancemedspa.com,,,,unreachable,,,,
"Aesthetically Pleasing, Encinitas",apmedspa.com,,,yes,no_email,https://apmedspa.com,medspa,"semaglutide, tirzepatide",9
Weight Loss MD San Diego,app.acuityscheduling.com,,,,unreachable,,,,
"Aqua Vitae I Vitality Spa, Spartanburg",aquavitality.com,,,yes,no_email,https://aquavitality.com,medspa,"semaglutide, nad+, sermorelin, aod-9604, tirzepatide",17
"Arijai Aesthetic and Wellness Center, Burnsville",arijai.com,,,yes,no_email,https://arijai.com,medspa,"semaglutide, tirzepatide",6
"Arkansas Medical Weight Loss, Rogers",arkansasmedicalweightloss.com,,,,unreachable,,,,
Miller Medical Clinic,artmillermedical.com,,,yes,no_email,https://artmillermedical.com,medspa,"semaglutide, tirzepatide, liraglutide",9
"AsandraMD, Newport Beach",asandramd.com,,,yes,no_email,https://asandramd.com,medspa,sermorelin,6
"A &#038; S Divine Healthcare, Calumet City",asdivinehealthcare.com,contactus@asdivinehealthcare.com,contactus@asdivinehealthcare.com,,no_peptides,https://asdivinehealthcare.com,vendor,,0
Aspire for Wellness Together,aspire4wt.com,,,,no_email,,vendor,,0
Aspiring Aesthetics For Tomorrow,aspiringaesthetics.com,tracy@aspiringaesthetics.com,impallari@gmail.com; tracy@aspiringaesthetics.com,yes,no_peptides,https://aspiringaesthetics.com/contact-us,medspa,,0
"Astria Aesthetics, Grove City",astriaaesthetics.com,info@astriaaesthetics.com,info@astriaaesthetics.com,,no_peptides,https://astriaaesthetics.com,medspa,,0
Atelier Wellness Clinic,atelierwellnessclinic.com,,,yes,no_email,https://atelierwellnessclinic.com,medspa,,0
"Aura Laser Skin Care, Kirkland",auralaser.com,,,,unreachable,,,,
"Awesome Chiropractic Center, North Miami",awesomechiropractic.com,,,yes,no_email,https://awesomechiropractic.com/contact,medspa,,0
"ABSolute Weight Loss and Nutrition Center, Orem",awloss.com,,,,unreachable,,,,
AZ Laser Studio &amp; Medspa,azlaserstudiomedspa.com,,,yes,no_email,https://azlaserstudiomedspa.com,medspa,"bpc-157, tb-500, thymosin beta-4",10
AZ Medical Weight Control,azmedweightcontrol.com,,,,no_email,,vendor,,0
Balance Hormone Center,balancehormonecenter.com,,,,no_email,,vendor,,0
"Bambhania Dermatology &#038; Aesthetics, Tustin",bambca.com,,,,unreachable,,,,
BAM HEALTH,bamhealth.org,,,,no_email,,vendor,,0
"Beaute Par Co, Greenville",beauteparco.com,admin@beauteparco.com,admin@beauteparco.com,,no_peptides,https://beauteparco.com,medspa,,0
"Beauty Lounge Medical Spa San Marcos, San Marcos",beautyloungesanmarcos.com,,,yes,no_email,https://beautyloungesanmarcos.com,medspa,"semaglutide, tirzepatide",14
"Before-N-After, San Marcos",beforenafter.com,,,yes,no_email,https://beforenafter.com,medspa,,0
BeLite Medical Center,belite.com,,,,no_email,,vendor,,0
Benefit Medical Group,benefit-medicalgroup.com,,,,no_email,https://benefit-medicalgroup.com,medspa,,0
Bentley Skincare &amp; Wellness,bentleyskincare.com,,,yes,no_email,https://bentleyskincare.com,medspa,GLP-1 weight loss peptides,4
"Be Thin Medical Weight Control, Pico Rivera",bethin.us,,,yes,no_email,https://bethin.us,medspa,"semaglutide, tirzepatide",6
"Better Body Medical Weight Loss &#038; Wellness Clinic, Des Moines",betterbodywellnessclinic.com,todwork@betterbodywellnessclinic.com,todwork@betterbodywellnessclinic.com,,no_us_signal,https://betterbodywellnessclinic.com,medspa,"sermorelin, glutathione, oxytocin, semaglutide, tirzepatide",14
Beverly Hills Wellness Center &amp; Med Spa,beverlyhillsmedispa.com,,,,no_email,https://beverlyhillsmedispa.com,medspa,,0
Beyond The Surface,beyondthesurfaceaesthetics.myaestheticrecord.com,,,,no_email,https://beyondthesurfaceaesthetics.myaestheticrecord.com,vendor,,0
BioAge Health,bioagehealth.com,,,yes,no_email,https://bioagehealth.com,medspa,,3
BioDesign Clinic + MedSpa,biodesignwellness.com,,,yes,no_email,https://biodesignwellness.com,medspa,ipamorelin,4
Biohackr Health,biohackr.health,,,yes,no_email,https://biohackr.health,medspa,"semaglutide, nad+, sermorelin, glutathione",17
Castro Valley Peptide Therapy Center,biopeptideclinic.com,,,,no_email,https://biopeptideclinic.com,vendor,,0
"BioRestore NH, Nashua",biorestorenh.com,,,,no_email,,vendor,,0
"Bledsoe Chiropractic, Conway",bledsoechiropractic.com,,,yes,no_email,https://bledsoechiropractic.com,medspa,,0
"Blissfusion Wellness Lounge, Encinitas",blissfusion.com,info@blissfusion.com,info@blissfusion.com,yes,no_peptides,https://blissfusion.com/contact,medspa,,0
Bliss Medical Spa (Edmond),blissmedicalspaokc.com,,,yes,no_email,https://blissmedicalspaokc.com,medspa,,1
"Bliss Wellness and IV Therapy, Mansfield",blisswellnessandivtherapy.com,,,yes,no_email,https://blisswellnessandivtherapy.com,medspa,"semaglutide, tirzepatide, nad+",7
"Blooming Wellness &#038; Weightloss, Northglenn",bloomingweightloss.com,,,yes,no_email,https://bloomingweightloss.com,medspa,"semaglutide, tirzepatide",7
Blue Tree Health,bluetreehealthtx.com,,,yes,no_email,https://bluetreehealthtx.com,medspa,"semaglutide, tirzepatide, nad+",8
"Brindisi, Murad &#038; Brindisi Pearlman, Utica",bmbplawyers.com,,,yes,no_email,https://bmbplawyers.com,medspa,"semaglutide, liraglutide, tirzepatide",9
Body4Ever,body4ever.com,,,,no_email,https://body4ever.com,vendor,,0
BodyLogicMD of San Diego,bodylogicmd.com,,,,no_email,https://bodylogicmd.com,vendor,,0
Elite HRT Wellness TRT P-shots -Low T- Erectile,book.squareup.com,,,,no_email,https://book.squareup.com,vendor,,0
Restore Hyper Wellness,booking.restore.com,,,,no_email,https://booking.restore.com,vendor,,0
The Crafted Clinic LLC,booking.thecraftedclinic.com,,,,no_email,https://booking.thecraftedclinic.com,vendor,,0
"Boston Testosterone Partners, LLC",bostontestosterone.com,,,,no_email,,vendor,,0
"BotoxRN, Sugar Land",botoxrn.com,,,yes,no_email,https://botoxrn.com,medspa,,2
The Covery,brandedweb-assets.mindbodyonline.com,sales@mindbodyonline.com,sales@mindbodyonline.com; u003esales@mindbodyonline.com,,no_peptides,https://brandedweb-assets.mindbodyonline.com,medspa,,0
"Bryan Family Practice. Family Medicine &#038; Primary Care, Bryan",bryanfamilypractice.com,info@bryanfamilypractice.com,info@bryanfamilypractice.com,yes,no_peptides,https://bryanfamilypractice.com,medspa,,0
Rochester TRT,buffalo.rochestertrt.com,,,,no_email,,vendor,,0
"California Contour Clinic, Newport Beach",californiacontourclinic.com,,,,no_email,https://californiacontourclinic.com,medspa,"semaglutide, tirzepatide, retatrutide, tesamorelin, kpv",10
California Medical Weight Loss,californiamedicalweightlossandspa.com,,,yes,no_email,https://californiamedicalweightlossandspa.com,medspa,GLP-1 weight loss peptides,3
"Cali Quick Urgent Care, Laguna Niguel",caliquickurgentcare.com,,,yes,no_email,https://caliquickurgentcare.com,medspa,,0
"Calla Genics Wellness Center, Wellington",callagenics.com,,,yes,no_email,https://callagenics.com,medspa,semaglutide,4
CaloSpa® Rejuvenation Center,calospa.com,,,yes,no_email,https://calospa.com,medspa,,0
"Carolina Health &#038; Wellness, Asheville",carolinahnw.com,,,yes,no_email,https://carolinahnw.com,medspa,"semaglutide, tirzepatide, bpc-157, tb-500, thymosin beta-4, nad+",17
Carolina Weight Loss Center,carolinaweightlosscenter.com,info.carolinaweightloss@gmail.com,info.carolinaweightloss@gmail.com,yes,already known,https://carolinaweightlosscenter.com,medspa,"semaglutide, tirzepatide",2
Center for Men,centerformen.com,,,yes,no_email,https://centerformen.com,medspa,,3
"Central Drug Inc-Compounding, Victoria",centraldrug.net,centraldrug@centraldrug.net,centraldrug@centraldrug.net,yes,no_peptides,https://centraldrug.net,medspa,,0
"Chapel Hill Wellness Collective, Chapel Hill",chapelhillwellness.com,,,,unreachable,,,,
Clarebella Aesthetics,clarebellaokc.com,,,yes,no_email,https://clarebellaokc.com,medspa,nad+,3
"Palm Coast Coastal Integrative Healthcare, Palm Coast",coastalintegrativehealthcare.com,,,yes,no_email,https://coastalintegrativehealthcare.com,vendor,semaglutide,4
"Complete Medical Weight Loss and Anti-Aging, Spokane Valley",completemedicalweightlossandantiaging.com,,,yes,no_email,https://completemedicalweightlossandantiaging.com,medspa,"semaglutide, tirzepatide, bpc-157, nad+, ipamorelin, sermorelin",11
Connecticut Medical Weight Loss Doctors,connecticutmedicalweightlossdoctors.com,,,yes,no_email,https://connecticutmedicalweightlossdoctors.com,medspa,"semaglutide, tirzepatide, ipamorelin, cjc-1295, aod-9604",9
"Conway Medical &#038; Wellness Clinic, Conway",conwaymedicalandwellness.com,,,yes,no_email,https://conwaymedicalandwellness.com,medspa,,0
Cratos Health Calculated,cratoshealth.com,,,yes,no_email,https://cratoshealth.com,medspa,"semaglutide, tirzepatide",11
Cosmetic Surgery Affiliates (Oklahoma City),csaok.com,,,yes,no_email,https://csaok.com,medspa,"semaglutide, tirzepatide",8
"Cupertino Medical Laser Center, Cupertino",cupertinomedicallaser.com,,,,no_email,,vendor,,0
"Conroe Willis Family Medicine, Conroe",cwfamilymed.com,,,yes,no_email,https://cwfamilymed.com,medspa,,0
CWHBC,cwhbc.com,,,yes,no_email,https://cwhbc.com,medspa,,2
Dallas Hormone Replacement Therapy Center,dallas.thriveendocare.com,,,,no_email,https://dallas.thriveendocare.com,vendor,,0
Dallas Peptide,dallas.vitalhormonesolutions.com,,,,no_email,https://dallas.vitalhormonesolutions.com,vendor,,0
"Dr. David R. Borenstein, MD",davidborensteinmd.com,,,yes,no_email,https://davidborensteinmd.com,medspa,"semaglutide, tirzepatide",6
Dawson Medical Weight Loss Orlando,dawsonmedicalcenter.com,impallari@gmail.com,impallari@gmail.com,yes,already known,https://dawsonmedicalcenter.com,medspa,"semaglutide, tirzepatide, oxytocin",16
"DermFx, Newport Beach",dermfx.com,,,yes,no_email,https://dermfx.com,medspa,GLP-1 weight loss peptides,4
Diamond Beauty Aesthetics,diamondbeautyaesthetics.com,,,,no_email,https://diamondbeautyaesthetics.com,medspa,,0
Physician’s Center for Weight Management,dietokc.com,,,yes,no_email,https://dietokc.com,medspa,"semaglutide, tirzepatide",5
"Dr. Kenneth Bresky, Delray Beach",drbresky.com,,,yes,no_email,https://drbresky.com/contact,medspa,semaglutide,2
"Dreambody Medical Centers, Yuma",dreambodycenters.com,,,,unreachable,,,,
"Dr. G&#8217;s Weight Loss &#038; Wellness, Aventura",drgsweightlossaventura.com,,,,unreachable,,,,
"Dr. G&#8217;s Weightloss, Plantation",drgsweightlossplantation.com,,,,unreachable,,,,
DRIP HAWAII (Waikiki) IV Wellness &amp; Lifestyle Medspa —,driphawaii.com,,,,no_email,,vendor,,0
"Drip Hydration, North Miami",driphydration.com,,,,unreachable,,,,
"Lentz Plastic Surgery, Daytona Beach",drlentz.com,,,yes,no_email,https://drlentz.com,medspa,GLP-1 weight loss peptides,2
"Texas Medical Wellness Clinic, Victoria",drnhi.com,drnhile@yahoo.com,drnhile@yahoo.com,,no_peptides,https://drnhi.com,medspa,,0
"Doctor&#8217;s Diet Program, Bowling Green",drsdietofky.com,,,,no_email,,vendor,,0
"Dr. Shel Wellness &#038; Aesthetic Center, Sugar Land",drshel.com,,,yes,no_email,https://drshel.com,medspa,"semaglutide, tirzepatide, bpc-157, ipamorelin, sermorelin, cjc-1295",19
"Coachlight DSM, West Des Moines",dsmcoachlight.com,,,yes,no_email,https://dsmcoachlight.com,medspa,nad+,8
"Des Moines Plastic Surgery, IA: David Robbins, M.D., West Des Moines",dsmplasticsurgery.com,,,yes,no_email,https://dsmplasticsurgery.com,medspa,,0
Duo Wellness Rejuvenation,duowellnessrejuvenation.com,,,,unreachable,,,,
"Doctors Weightloss and Medical Spa, Largo",dwlcflorida.com,,,yes,no_email,https://dwlcflorida.com,medspa,GLP-1 weight loss peptides,4
"Dynamic Weight Loss, Spokane Valley",dynamicweightloss101.com,,,,unreachable,,,,
"Elevate Wellness Clinic, Atlanta",elevateatl.com,,,,no_email,,vendor,,0
Elevation Medical Weight Loss Shadyside,elevationweightloss.com,,,yes,no_email,https://elevationweightloss.com,medspa,"semaglutide, tirzepatide, nad+, sermorelin",10
"eleven19 Med Spa + Weight Loss, Tustin",eleven19medical.com,,,yes,no_email,https://eleven19medical.com,medspa,"semaglutide, tirzepatide, nad+, glutathione",7
"Elite Doc Health and Beauty, Sugar Land",elitedochealthandbeauty.com,,,yes,no_email,https://elitedochealthandbeauty.com,medspa,"semaglutide, tirzepatide",6
"Elite Health Center NJ, Bayonne",eliterapidfatloss.com,,,,no_email,,vendor,,0
"Elizabeth Face and Body Med Spa, Royal Oak",elizabethmedspa.com,,,,no_email,,vendor,,0
"El Paso Men&#x27;s Clinic: Leo Altenberg, MD",elpasomensandwomensclinic.com,,,yes,no_email,https://elpasomensandwomensclinic.com,medspa,,1
Elysian Wellness,elysianwellness.org,,,,no_email,https://elysianwellness.org,medspa,,0
"Emerald Waters Hormone &amp; Weight Loss Clinic, LLC",emeraldwatersnp.com,,,yes,no_email,https://emeraldwatersnp.com,medspa,GLP-1 weight loss peptides,4
"Endure Aesthetics, Grove City",endureaesthetics.com,,,yes,no_email,https://endureaesthetics.com,medspa,,0
"Enhance Aesthetics &#038; Wellness, Yuma",enhanceaw.com,,,yes,no_email,https://enhanceaw.com,medspa,"semaglutide, tirzepatide, nad+",14
Eastern Oklahoma Wellness Center,eowc.net,,,yes,no_email,https://eowc.net,medspa,"semaglutide, bpc-157, tb-500, thymosin beta-4, thymosin alpha-1, ipamorelin",11
"Esthetics Center, Loomis",estheticscenter.com,info@estheticscenter.com,info@estheticscenter.com,yes,no_peptides,https://estheticscenter.com,medspa,,0
Eterna BioTech,eternabiotech.com,,,,no_email,https://eternabiotech.com,medspa,,0
"Every Body Health &#038; Wellness, Northglenn",everybodyhealthandwellness.com,,,yes,no_email,https://everybodyhealthandwellness.com,medspa,GLP-1 weight loss peptides,9
"Sunflower Spa Injectables and Medical Aesthetics, Longmont",everyoneblooms.com,,,,no_email,,vendor,,0
Eviva Weight Loss Center,evivamd.com,,,,unreachable,,,,
Evolution Weight Loss and Hormones,evolution4health.com,,,,no_email,,vendor,,0
Faith Hope &amp; Wellness LLC,faithhopewellness.net,,,,no_email,,vendor,,0
"Family Care &#038; Wellness, Allen",familycareandwellness.com,,,yes,no_email,https://familycareandwellness.com,medspa,GLP-1 weight loss peptides,4
"Affinity Whole Health, Carmel",feelgreatindy.com,,,yes,no_email,https://feelgreatindy.com,medspa,GLP-1 weight loss peptides,5
"Freedom Healthcare, Sandy",fhcutah.com,,,yes,no_email,https://fhcutah.com,medspa,"semaglutide, tirzepatide, bpc-157, tb-500, thymosin beta-4, thymosin alpha-1",23
FIKA Infusion + Wellness,fikainfusion.com,,,yes,no_email,https://fikainfusion.com,medspa,"semaglutide, tirzepatide, bpc-157, tb-500, thymosin alpha-1, nad+",27
FINA MedSpa,finamedspa.com,finamedspahi@gmail.com,finamedspahi@gmail.com,yes,no_peptides,https://finamedspa.com,medspa,,0
"First Choice Anderson FNP, Suffolk",firstchoiceandersonfnp.com,,,yes,no_email,https://firstchoiceandersonfnp.com,medspa,"semaglutide, tirzepatide",6
"FIT Medical Weight Loss Clinics, Rio Rancho",fitmedicalweightloss.com,,,yes,no_email,https://fitmedicalweightloss.com,medspa,"semaglutide, tirzepatide",5
"Flawless Aesthetics, Springfield",flawlessaestheticsllc.com,,,yes,no_email,https://flawlessaestheticsllc.com,medspa,"semaglutide, tirzepatide",7
"Florida IV Elite Wellness Center, Palm Coast",floridaivelite.com,,,yes,no_email,https://floridaivelite.com,vendor,"semaglutide, tirzepatide, nad+",3
Flourish Wellness &amp; Birth Co.,flourishbirthco.com,,,,no_email,,vendor,,0
Florida Weight Loss Center,flweightlosscenter.com,,,yes,no_email,https://flweightlosscenter.com,medspa,"semaglutide, tirzepatide, nad+",4
"Florida Weight Loss Clinic, Plantation",flweightlossclinic.com,,,,no_email,,vendor,,0
Fort Lauderdale Hormone Doctor,fortlauderdalehormonedoctor.com,,,yes,no_email,https://fortlauderdalehormonedoctor.com,vendor,,1
"Forum Health, Greenville, Greenville",forumhealthgreenville.com,,,yes,no_email,https://forumhealthgreenville.com,medspa,GLP-1 weight loss peptides,6
"Fountain of Youth Medical Spa, Victoria",fountainmedicalspa.com,drnhile@yahoo.com,drnhile@yahoo.com,,no_peptides,https://fountainmedicalspa.com,medspa,,0
"Gallery of Aesthetics Medical Spa, South Jordan",gallerymedicalspa.com,,,,no_email,,vendor,,0
"Georgia Medical Weight Loss, LLC, Alpharetta",gamwl.com,,,,no_email,https://gamwl.com,vendor,,0
Cherry Creek Medical Weight Loss,genesislifestylemedicine.com,,,,unreachable,,,,
"Georgia Plastic, Marietta",georgiaplastic.com,,,,no_email,,vendor,,0
Dr. Tashko,gertitashkomd.com,,,,no_email,,vendor,,0
Fit 4 Life Weight Loss Medical Center,getfit4lifenow.com,,,,no_email,,vendor,,0
GIV Wellness,givwellness.co,,,,no_email,,vendor,,0
"Goldfinger&#8217;s Aesthetics &#038; Plastic Surgery, Daytona Beach",goldfingersaesthetics.com,,,yes,no_email,https://goldfingersaesthetics.com,medspa,semaglutide,3
"Great Heights Family Medicine, Calumet City",great-heights.com,,,yes,no_email,https://great-heights.com,medspa,"semaglutide, tirzepatide",5
The Bariatric Clinic,greensboro.bariatricclinic.net,,,yes,no_email,https://greensboro.bariatricclinic.net,medspa,"semaglutide, tirzepatide",7
Halo Med Spa,halomedspaabq.com,,,,unreachable,,,,
"Haven Med Spa, Yuba City",havenmedspa.com,,,yes,no_email,https://havenmedspa.com,medspa,semaglutide,7
HCG DIET NJ,hcgdietnj.com,,,yes,no_email,https://hcgdietnj.com,medspa,"semaglutide, tirzepatide",5
Health Solutions The Weight Loss Clinic,healthsolutionsweightloss.com,,,yes,no_email,https://healthsolutionsweightloss.com,medspa,semaglutide,9
Helton Physical Medicine and Wellness,helton.clinic,,,yes,no_email,https://helton.clinic,medspa,semaglutide,5
Hightower Men&#x27;s Clinic,hightowermens.com,,,yes,no_email,https://hightowermens.com,medspa,,0
"Highwater Aesthetics &#038; Confidence Co., Edmond",highwateraesthetics.com,,,yes,no_email,https://highwateraesthetics.com,medspa,"semaglutide, tirzepatide",7
Sarah Hitchcox Aesthetics,hitchcoxaesthetics.janeapp.com,,,,no_email,https://hitchcoxaesthetics.janeapp.com,vendor,,0
Holistic Weight and Wellness Center LLC,holisticweightandwellness.com,,,,unreachable,,,,
"Hope &#038; Faith Wellness Clinic, Panama City",hopefaithwellnessclinic.com,,,,no_email,,vendor,,0
Hormone and Weight Loss Doctors of NJ,hormoneweightlossdoctorsnj.com,,,yes,no_email,https://hormoneweightlossdoctorsnj.com,medspa,"semaglutide, tirzepatide, ipamorelin, cjc-1295, aod-9604",12
"Michael Horn Plastic Surgery &#038; Med Spa, Boca Raton",hornplasticsurgery.com,,,yes,no_email,https://hornplasticsurgery.com,medspa,semaglutide,3
Hotze Health &amp; Wellness Center,hotzehwc.com,,,yes,no_email,https://hotzehwc.com/about-us,medspa,,2
Los Angeles Peptide Testosterone Replacement Therapy Group —,hrtbalance.net,,,,no_email,https://hrtbalance.net,vendor,,0
Peptide and TRT Therapy Group,hrtcareclinic.com,,,,no_email,https://hrtcareclinic.com,vendor,,0
"HydraMed In-home &#038; Mobile IV Therapy, Vitamin Drips &#038; Medici",hydramed.com,,,,no_email,,vendor,,0
"Hydration Happens, Chico",hydrationhappens.com,,,,no_email,https://hydrationhappens.com,vendor,,0
HyperCharge Health &amp; Aesthetics,hyperchargehealth.com,,,yes,no_email,https://hyperchargehealth.com,medspa,"semaglutide, tirzepatide, bpc-157, nad+, ipamorelin, cjc-1295",20
ICONIC wellness,iconicwellness.org,,,yes,no_email,https://iconicwellness.org,medspa,nad+,6
"Icon MD Medical Spa + Laser Center, Boca Raton",iconmd.com,,,yes,no_email,https://iconmd.com,medspa,sermorelin,5
iCRYO,icryo-southpark-nc.com,,,yes,no_email,https://icryo-southpark-nc.com,medspa,nad+,5
Ideal Health Lincoln,idealhealthnebraska.com,,,,no_email,https://idealhealthnebraska.com,vendor,,0
"NY Medical Midtown, Igor Kletsman MD",igorkletsmanmd.com,,,,no_email,,vendor,,0
"IHM Aesthetics, Petaluma",ihmaesthetics.com,,,yes,no_email,https://ihmaesthetics.com,medspa,"semaglutide, tirzepatide, liraglutide, exenatide",11
iLIFE ANTI-AGING CENTER,ilifeantiaging.com,,,yes,no_email,https://ilifeantiaging.com,medspa,GLP-1 weight loss peptides,7
Illume Fertility,illumefertility.com,,,yes,no_email,https://illumefertility.com,medspa,,0
"Impact Health &#038; Wellness, Westerville",impacthealthoh.com,,,yes,no_email,https://impacthealthoh.com,medspa,"bpc-157, nad+, ipamorelin, sermorelin, cjc-1295, glutathione",13
Indigovia,indigovia.com,,,,no_email,https://indigovia.com,medspa,,1
Indy Elite Men&#x27;s T Clinic,indyelitemenst.com,indyelitemenst@yahoo.com,indyelitemenst@yahoo.com,yes,no_peptides,https://indyelitemenst.com,medspa,,0
"Belle Medical, St. George",info.bellemedical.com,,,,unreachable,,,,
"InjectRX Wellness, Boca Raton",injectrxwellness.com,,,yes,no_email,https://injectrxwellness.com,medspa,,2
"Inner Peace Wellness Co., Asheville",innerpeacewellnessco.com,rootrestorewellnessco@gmail.com,rootrestorewellnessco@gmail.com,,no_us_signal,https://innerpeacewellnessco.com,vendor,nad+,2
"Inspire Health Clinics, South Jordan",inspirehealthclinics.com,,,,no_email,https://inspirehealthclinics.com,vendor,,0
"Instant Rejuvenate, Newport Beach",instantrejuvenate.com,,,,unreachable,,,,
"Integra Health and Wellness, Spokane Valley",integrahealthandwellness.com,,,,unreachable,,,,
"Gretchen Reis, MD",integritywellnessmd.com,cpozo@integritywellnessmd.com,cpozo@integritywellnessmd.com,yes,no_peptides,https://integritywellnessmd.com,vendor,,0
Intervene MD,intervenemd.com,,,yes,no_email,https://intervenemd.com,medspa,GLP-1 weight loss peptides,9
iThrive Infusion and Wellness -IV vitamin infusion,ithriveinfusion.com,,,yes,no_email,https://ithriveinfusion.com,medspa,"nad+, sermorelin, glutathione",13
"iThriveMD, Encinitas",ithrivemd.com,,,yes,no_email,https://ithrivemd.com,medspa,"semaglutide, tirzepatide, nad+, sermorelin, pt-141, ghk-cu",22
"IVFusionMD, Kirkland",ivfusionmd.com,,,yes,no_email,https://ivfusionmd.com,medspa,"nad+, glutathione",3
IV League,ivleaguehydrate.com,,,yes,no_email,https://ivleaguehydrate.com,medspa,"semaglutide, tirzepatide, nad+, glutathione",12
IVRS Wellness Center,ivrstx.com,,,yes,no_email,https://ivrstx.com/contact,medspa,"semaglutide, bpc-157, thymosin beta-4, thymosin alpha-1, nad+, ipamorelin",16
"Jiva Med Spa, Boca Raton",jivamedspaboca.com,,,,unreachable,,,,
Health Optimization PLLC,jordynolivernp.com,,,yes,no_email,https://jordynolivernp.com,medspa,GLP-1 weight loss peptides,5
JourneyLite Physicians,journeylite.com,,,yes,no_email,https://journeylite.com,medspa,GLP-1 weight loss peptides,3
Jumpstart MD,jumpstartmd.com,,,yes,no_email,https://jumpstartmd.com,medspa,"semaglutide, tirzepatide, liraglutide, exenatide, sermorelin, tesamorelin",25
K3 Neuroscience Optimized Wellness,k3nowwellness.com,,,yes,no_email,https://k3nowwellness.com,medspa,"sermorelin, ghrp-2, ghrp-6",7
"Karishma Med Spa &#038; Training, Sugar Land",karishmawellness.com,,,,unreachable,,,,
"KDR Medspa + Wellness, Newton",kathrynrussoaesthetics.com,kathrynrussoma@gmail.com,kathrynrussoma@gmail.com,,no_us_signal,https://kathrynrussoaesthetics.com,medspa,,4
"Laser Light Skin Clinic, Edmond",laserlightsc.com,,,,no_email,,vendor,,0
Lavish Me Spa,lavishmespaclinic.janeapp.com,,,,no_email,https://lavishmespaclinic.janeapp.com,medspa,,0
"Lavish Rejuvenations, Alpharetta",lavishrejuvenations.com,,,yes,no_email,https://lavishrejuvenations.com,medspa,semaglutide,8
Lubbock Integrative Medical &amp; Aesthetics,limalubbock.com,,,yes,no_email,https://limalubbock.com,medspa,semaglutide,5
Lindora,lindora.com,,,,no_email,https://lindora.com/contact,medspa,nad+,4
Well Infused,link.wellinfused.com,,,,no_email,,vendor,,0
Manage,livemanaged.com,,,yes,no_email,https://livemanaged.com/contact,medspa,GLP-1 weight loss peptides,4
"Lolachi Institute for Medical Weight Loss and Aesthetics, Lawndale",lolachi.com,,,yes,no_email,https://lolachi.com,medspa,"semaglutide, tirzepatide",12
Lotus Aesthetics &amp; Wellness,lotusaestheticswellness.com,,,,no_email,,vendor,,0
"Lotus Med Spa, Victoria",lotusmedspa.net,,,,unreachable,,,,
"Lowcountry Male Clinic, Greenville",lowcountrymale.com,,,yes,no_email,https://lowcountrymale.com,medspa,"semaglutide, tirzepatide, nad+, sermorelin",15
Low T Center Greenwood,lowtcenter.com,,,yes,no_email,https://lowtcenter.com,medspa,"semaglutide, tirzepatide, nad+, sermorelin, pt-141",15
"Lush Medical Aesthetics, Cheyenne",lushcheyenne.com,,,yes,no_email,https://lushcheyenne.com,medspa,"semaglutide, nad+",7
"M-Esthetics, Springfield",m-esthetics.org,,,yes,no_email,https://m-esthetics.org/contact-us,medspa,"nad+, tesamorelin",7
Mac&#8217;s Pharmacy,macspharmacy.com,,,yes,no_email,https://macspharmacy.com,vendor,,0
Madison Integrative Medicine,madisonintegrativemedicine.com,,,yes,no_email,https://madisonintegrativemedicine.com,medspa,semaglutide,9
Magnolia Weight Loss Clinic,magnoliaweightloss.com,support@magnoliaweightloss.com,support@magnoliaweightloss.com,,no_us_signal,https://magnoliaweightloss.com,vendor,GLP-1 weight loss peptides,3
Maintenance Bar Seattle Med Spa + Aesthetics,maintenancebar.net,,,,unreachable,,,,
MD Longevity,mdlongevity.com,,,yes,no_email,https://mdlongevity.com,vendor,,2
The New Jersey Institute for Weight Management,mdslim.com,,,yes,no_email,https://mdslim.com,medspa,"semaglutide, tirzepatide, liraglutide",12
"Medical Weight Loss by Healthogenics, Alpharetta",mdwls.com,,,yes,no_email,https://mdwls.com,medspa,"semaglutide, tirzepatide",5
Medical Weight Loss and Beauty,medicalweightlossbeauty.com,,,yes,no_email,https://medicalweightlossbeauty.com,medspa,"semaglutide, tirzepatide",6
"Pinnacle Integrated Health, Youngstown",medicalweightlossboardman.com,,,,unreachable,,,,
"MediQuick, Marietta",mediquickweightloss.com,,,yes,no_email,https://mediquickweightloss.com,medspa,GLP-1 weight loss peptides,2
MediSLIM Medical Weight Loss,medislim.com,,,,unreachable,,,,
"MedPure Weight-Loss, Alpharetta",medpure.com,,,,unreachable,,,,
"Med shape Clinic Maple Grove, Maple Grove",medshapeweightloss.com,,,yes,no_email,https://medshapeweightloss.com,medspa,"semaglutide, tirzepatide, nad+, ipamorelin, sermorelin, tesamorelin",27
Medworx Weight Management,medworxweightloss.com,,,yes,no_email,https://medworxweightloss.com,vendor,semaglutide,4
"Melt Med spa and Wax Boutique, Cheyenne",meltcheyenne.com,,,,no_email,,vendor,,0
Men&#x27;s Health Chicago,menshealthchicago.com,,,yes,no_email,https://menshealthchicago.com,medspa,,2
Meta-Health Weight Management,meta-health.com,,,yes,no_email,https://meta-health.com,medspa,"semaglutide, aod-9604, liraglutide",8
"Metabolic Center of Oklahoma, Edmond",metaboliccenterok.com,,,,unreachable,,,,
MetaMora Health,metamorahealth.com,,,,no_email,,vendor,,0
"Miami Primary, North Miami Beach",miamiprimary.com,,,,no_email,https://miamiprimary.com,vendor,,0
Mid-Florida Age Management,mid-florida-medical.com,,,yes,no_email,https://mid-florida-medical.com,medspa,GLP-1 weight loss peptides,3
"Midwest Hormone Centers, LLC, Lawrence",midwesthormone.com,,,yes,no_email,https://midwesthormone.com,medspa,semaglutide,6
Aspire Rejuvenation Clinic,mindbodyonline.com,sales@mindbodyonline.com,sales@mindbodyonline.com; u003esales@mindbodyonline.com; legal@mindbodyonline.com,yes,no_peptides,https://mindbodyonline.com,medspa,,0
"Mind Body Wellness Solutions, Victoria",mindbodyws.com,,,yes,no_email,https://mindbodyws.com,medspa,"semaglutide, nad+, glutathione",8
"MindWell, Greenville",mindwellsc.com,,,yes,no_email,https://mindwellsc.com,medspa,,0
M.L. Med Spas,mlmedspas.com,appointments@mlmedspas.com,mlmedspas@gmail.com; appointments@mlmedspas.com,yes,no_peptides,https://mlmedspas.com,medspa,,0
"The Minnesota Ketamine &#038; Wellness Institute, Maple Grove",mnketamineinstitute.com,,,yes,no_email,https://mnketamineinstitute.com,medspa,,0
"Modern Medspa Utah, South Jordan",modernmedspautah.com,,,yes,no_email,https://modernmedspautah.com,medspa,,0
Monarch Medical Weight Loss Center,monarchmedical.net,,,yes,no_email,https://monarchmedical.net,medspa,GLP-1 weight loss peptides,4
More Than Medical Wellness,morethanmedicalwellness.com,,,yes,no_email,https://morethanmedicalwellness.com,medspa,"bpc-157, tb-500, thymosin beta-4, ipamorelin, cjc-1295, mots-c",17
MORPH Health Optimization Center,morphmidland.com,,,,unreachable,,,,
"Mountain West Medical Clinic, South Jordan",mountainwestmedicalclinic.com,info@mountainwestmedicalclinic.com,info@mountainwestmedicalclinic.com,yes,no_peptides,https://mountainwestmedicalclinic.com,medspa,,0
"Medical Weight Loss Clinic, Royal Oak",mwlc.com,info@mwlc.com,info@mwlc.com,yes,already known,https://mwlc.com,medspa,GLP-1 weight loss peptides,3
bioworX Lubbock,mybioworx.com,,,,no_email,https://mybioworx.com,medspa,"bpc-157, tb-500, nad+, selank, semax, ghk-cu",11
"My Bodyworx Wellness, Delray Beach",mybodyworxwellness.com,,,,no_email,,vendor,,0
"Obstetrical Associates Inc., Fall River",myobassociates.com,,,,no_email,,vendor,,0
RESCUEMD,myrescuemd.com,office@myrescuemd.com,office@myrescuemd.com,,no_peptides,https://myrescuemd.com,vendor,,0
NAD IV Therapy Clinic,nad-iv.org,,,,no_email,https://nad-iv.org,vendor,,0
The DRIPBaR Naples,naples.thedripbar.com,,,,no_email,,vendor,,0
North Carolina Weight &amp; Wellness,ncweight.com,,,yes,no_email,https://ncweight.com,medspa,GLP-1 weight loss peptides,4
"New England Weight Loss, Nashua",neweightloss.com,,,,no_email,,vendor,,0
"New Leaf Wellness, West Des Moines",newleafcenters.com,,,yes,no_email,https://newleafcenters.com,medspa,GLP-1 weight loss peptides,8
"Renaissance Plastic Surgery: Richard H. Lee, MD, Newport Beach",newportbody.com,,,yes,no_email,https://newportbody.com,medspa,,0
NexGenEsis Healthcare,nexgenesishealthcare.com,,,yes,no_email,https://nexgenesishealthcare.com,medspa,,1
NeXtGen Medical LLC,nextgenmedicalllc.com,,,yes,no_email,https://nextgenmedicalllc.com,medspa,"semaglutide, tirzepatide, nad+, sermorelin, pt-141",9
New Jersey Bariatric Center Springfield Office,njbariatriccenter.com,,,yes,no_email,https://njbariatriccenter.com,medspa,"semaglutide, tirzepatide, liraglutide",8
"Nore Women&#8217;s Health, Marietta",norehealth.com,,,yes,no_email,https://norehealth.com,medspa,,1
"Nova Vita, Cedar Park",novavitacare.com,,,,no_email,https://novavitacare.com,vendor,,0
NuLife Health and Wellness,nulife-health.com,,,yes,no_email,https://nulife-health.com,medspa,"semaglutide, sermorelin",9
"NuLife Institute, Miami",nulifeinstitute.com,,,yes,no_email,https://nulifeinstitute.com,medspa,GLP-1 weight loss peptides,6
"NuSelf Bariatrics and Aesthetics, Cedar Park",nuself.com,,,,no_email,https://nuself.com,medspa,GLP-1 weight loss peptides,2
"Nuviva Medical Weight Loss Clinic of Melbourne, Melbourne",nuvivaweightloss.com,,,yes,no_email,https://nuvivaweightloss.com,medspa,"nad+, glutathione",6
"OccMed Connect, Taylor",occmedconnect.com,,,,no_email,https://occmedconnect.com,medspa,,0
Off Weight Loss Solutions by Life Science RX,offweightloss.com,,,yes,no_email,https://offweightloss.com,medspa,nad+,2
OhZone Clinics (Formerly Equilyst Modern Medicine),ohzoneclinics.janeapp.com,,,,no_email,https://ohzoneclinics.janeapp.com,medspa,,1
Optimal Medical Group,omgwellnessmd.com,,,yes,no_email,https://omgwellnessmd.com,medspa,GLP-1 weight loss peptides,8
One Health Direct Primary Care,onehealthdpc.com,,,yes,no_email,https://onehealthdpc.com,medspa,"semaglutide, tirzepatide, liraglutide",12
One Natural Health,onenaturalhealth.com,onenaturalhealth@icloud.com,onenaturalhealth@icloud.com,,no_us_signal,https://onenaturalhealth.com,medspa,"semaglutide, tirzepatide, bpc-157, tb-500, glutathione",10
Optim8 Health and Wellness,optim8healthandwellness.com,,,,unreachable,,,,
Optimal Health VIP,optimalhealth.vip,,,yes,no_email,https://optimalhealth.vip,medspa,"semaglutide, tirzepatide",7
"Optimal T CB, Council Bluffs",optimaltcb.com,,,yes,no_email,https://optimaltcb.com,medspa,"semaglutide, nad+, ipamorelin, sermorelin, tesamorelin, glutathione",12
Optimal Weight Loss Institute,optimalweightloss4u.com,,,,unreachable,,,,
Optimal Wellness Medical Group,optimalwellnessmedical.com,,,yes,no_email,https://optimalwellnessmedical.com,medspa,,0
Optimal Wellness St. Pete,optimalwellnessstpete.com,,,,no_email,,vendor,,0
"ReGen Medical, Marietta",ozempicatlanta.com,,,yes,no_email,https://ozempicatlanta.com,medspa,semaglutide,5
"Dr. Jonathan Kaplan, San Francisco",pacificheightsplasticsurgery.com,ericjonesmyemail@gmail.com,ericjonesmyemail@gmail.com,yes,already known,https://pacificheightsplasticsurgery.com,medspa,"semaglutide, tirzepatide, glutathione",7
"Palmetto Aesthetics Medical Spa, Spartanburg",palmettoaestheticsmedicalspa.com,palmetto.aesthetics@gmail.com,palmetto.aesthetics@gmail.com,yes,already known,https://palmettoaestheticsmedicalspa.com,medspa,"semaglutide, tirzepatide, glutathione",13
"Pele Aesthetics, Marietta",peleaesthetics.com,,,yes,no_email,https://peleaesthetics.com,medspa,tirzepatide,6
Pensacola Better Bodies &amp; Weight Loss Powered by Genesis —,pensacolabetterbodies.com,,,yes,no_email,https://pensacolabetterbodies.com,medspa,"bpc-157, tb-500, nad+",6
Anchorage Peptide Therapy Group,peptidesvitality.com,,,,no_email,https://peptidesvitality.com,vendor,,0
Peptilogics,peptilogics.com,,,yes,no_email,https://peptilogics.com,medspa,,0
"Performance Pain and Sports Medicine, League City",performancepain.com,,,yes,no_email,https://performancepain.com,medspa,GLP-1 weight loss peptides,4
"Personal Concierge MD, Alpharetta",personalconciergemd.com,,,yes,no_email,https://personalconciergemd.com,medspa,GLP-1 weight loss peptides,2
Philadelphia Peptide Testosterone Replacement Therapy Group —,philadelphia.hormoneglow.net,,,,no_email,https://philadelphia.hormoneglow.net,vendor,,0
"Physicians Weight Loss Center, Boca Raton",physiciansweightloss-bocaraton.com,,,yes,no_email,https://physiciansweightloss-bocaraton.com,vendor,"semaglutide, tirzepatide, retatrutide, nad+, glutathione",10
Pittsburgh Peptide,pittsburg.trthealthline.com,,,,no_email,https://pittsburg.trthealthline.com,vendor,,0
"Positive Image Weight Management, Sandy",positiveimageutah.com,,,,unreachable,,,,
Pound of Cure Weight Loss,poundofcureweightloss.com,,,,unreachable,,,,
Prema Med Spa,premamedspa.com,info@premamedspa.com,info@premamedspa.com,,no_peptides,https://premamedspa.com,medspa,,0
Premier Hormone Health &amp; Wellness,premierhormonehealth.com,,,,no_email,,vendor,,0
"Prestige Regenerative Medicine, Redding",prestigerm.com,,,yes,no_email,https://prestigerm.com,medspa,"nad+, sermorelin",4
Prestige Wellness,prestigewellnessar.com,,,yes,no_email,https://prestigewellnessar.com,medspa,"semaglutide, tirzepatide, glutathione",15
Prime MediSpa,primemedispa.com,,,yes,no_email,https://primemedispa.com/contact,medspa,GLP-1 weight loss peptides,2
Pro 1 Health,pro1health.com,,,,unreachable,,,,
Progress Medical,progressmedical.com,,,yes,no_email,https://progressmedical.com,medspa,"semaglutide, tirzepatide, nad+, glutathione",9
Pulse Health &amp; Wellness,pulsehealthok.com,,,yes,no_email,https://pulsehealthok.com,vendor,GLP-1 weight loss peptides,2
"Pure Beauty Medical Spa, Newport Beach",purebeautymedicalspa.com,,,yes,no_email,https://purebeautymedicalspa.com,medspa,nad+,6
Rare Aesthetics Medical Spa,rareaestheticstampa.com,,,,no_email,https://rareaestheticstampa.com,vendor,,0
R&amp;A Wellness and Regenerative Medicine,rawellness.janeapp.com,,,yes,no_email,https://rawellness.janeapp.com,medspa,,1
Refine Medical,refinemedicalclinic.com,,,,unreachable,,,,
RefineU Med Spa,refineuokc.com,,,yes,no_email,https://refineuokc.com,medspa,,0
"RegenCen: Dr. Gustav Lo, MD",regencen.com,,,yes,no_email,https://regencen.com,medspa,"semaglutide, tirzepatide, nad+",13
"Rejeune MD Wellness &amp; Aesthetics: Donald Strong, MD",rejeunemd.com,,,yes,no_email,https://rejeunemd.com,medspa,"semaglutide, tirzepatide",10
"REJUV Aesthetics &#038; Wellness, Encinitas",rejuvcryo.com,rejuvcryo@gmail.com,rejuvcryo@gmail.com,yes,already known,https://rejuvcryo.com/contact,medspa,"bpc-157, thymosin alpha-1, ipamorelin, sermorelin, cjc-1295, mots-c",13
"Optimum Rejuvenation, San Clemente",rejuvenatechu.com,,,,no_email,https://rejuvenatechu.com,medspa,,0
Rejuvime Medical,rejuvimemedical.com,,,yes,no_email,https://rejuvimemedical.com,medspa,"semaglutide, tirzepatide, sermorelin",10
"Renewal Aesthetics &#038; Sexual Wellness, Sandy",renewalaestheticsutah.com,,,,no_email,https://renewalaestheticsutah.com,medspa,,0
Renew Health &amp; Hormones,renewhealthandhormones.com,,,,no_email,,vendor,,0
"Renew Wellness Center, Sugar Land",renewwellnesscenter.com,,,yes,no_email,https://renewwellnesscenter.com,medspa,"nad+, glutathione",7
"Renova Aesthetics, Carmel",renovaaesthetics.com,,,yes,no_email,https://renovaaesthetics.com,medspa,GLP-1 weight loss peptides,3
"RenuYou Aesthetics &#038; MedSpa, Ames",renuyouaestheticsandbotox.com,renuyouamesia@gmail.com,renuyouamesia@gmail.com,,no_peptides,https://renuyouaestheticsandbotox.com,medspa,,0
"Resolve Medical Weight Loss, Atlanta",resolveweightloss.com,,,yes,no_email,https://resolveweightloss.com,medspa,"semaglutide, tirzepatide, liraglutide",9
Restorative Health of North Georgia,restorative-healthga.com,,,,no_email,,vendor,,0
"Restore Hyper Wellness, Cedar Park",restore.com,,,yes,no_email,https://restore.com,medspa,"semaglutide, tirzepatide, nad+, glutathione",7
REVAMP Wellness Center,revampmen.com,,,,no_email,https://revampmen.com,medspa,,0
Revitalize Health &amp; Wellness,revitalize-hw.com,revitalizenow2022@gmail.com,revitalizenow2022@gmail.com,yes,already known,https://revitalize-hw.com,medspa,"nad+, glutathione",8
Revive Low T Clinic,revivelowtclinic.pharmacy,,,yes,no_email,https://revivelowtclinic.pharmacy,medspa,"semaglutide, tirzepatide, pt-141",11
"RevIVe, Friendswood",revivemedspawellness.com,,,yes,no_email,https://revivemedspawellness.com,medspa,nad+,4
"Brandon Richland MD, Newport Beach",richlandmd.com,,,yes,no_email,https://richlandmd.com,medspa,"semaglutide, tirzepatide",8
The DRIPBaR Richmond Reynolds Crossing,richmond-reynolds-crossing.thedripbar.com,,,,no_email,,vendor,,0
Richmond Aesthetic Surgery,richmondplasticsurgery.com,,,,no_email,https://richmondplasticsurgery.com,medspa,,0
"Rivas Medical Weight Loss, Rockville",rivasweightloss.com,,,yes,no_email,https://rivasweightloss.com,medspa,"semaglutide, tirzepatide",13
"Rojas Regenerative Institute, Royal Oak",rojasinstitute.com,,,yes,no_email,https://rojasinstitute.com,medspa,,2
"Roller Weight Loss and Advanced Surgery, Fort Smith",rollerweightloss.com,,,,no_email,,medspa,,0
"Ross Bridge Medical Center, Hoover",rossbridgemedicalcenter.com,,,yes,no_email,https://rossbridgemedicalcenter.com,medspa,GLP-1 weight loss peptides,4
Rouge Medical,rougemedbr.com,,,yes,no_email,https://rougemedbr.com,medspa,"semaglutide, tirzepatide",7
"Royal Oak Salon &#038; Spa, Edmond",royaloakmassage.net,info@royaloakmassage.com,info@royaloakmassage.com,yes,no_peptides,https://royaloakmassage.net,medspa,,0
"R&amp;R IV Wellness and Weight Loss, LLC",rrivwellnessandweight.com,,,yes,no_email,https://rrivwellnessandweight.com,medspa,"semaglutide, tirzepatide, bpc-157, tb-500, nad+, sermorelin",16
"RxBODYFx, Friendswood",rxbodyfx.com,,,,unreachable,,,,
"CHERYL FELT, MSN, APN-C",sa1s3optim.patientpop.com,,,,unreachable,,,,
"Saguaro Medical Weight Control, Semaglutide, Phentermine —",saguaroweightcontrol.com,,,yes,no_email,https://saguaroweightcontrol.com,medspa,semaglutide,4
Salt &amp; Light Holistic Wellness &amp; IV Therapy,saltandlightholistic.com,,,yes,no_email,https://saltandlightholistic.com,medspa,,4
"Sands Weight Loss &#038; Wellness, Alpharetta",sandsweightlossandwellness.com,,,,no_email,,vendor,,0
"Executive Medical Spa, San Marcos",sanmarcosmedspa.com,,,,unreachable,,,,
Scale Down,scaledownflorida.com,,,,unreachable,,,,
"Sculpted MD, Broomfield",sculptedmd.com,,,,no_email,,vendor,,0
SDBotox,sdbotoxaustin.com,,,yes,no_email,https://sdbotoxaustin.com,medspa,"semaglutide, nad+",5
Sea Mist Medical Weight loss,seamistweightloss.com,,,,no_email,https://seamistweightloss.com,vendor,,0
It&#039;s A Secret Med Spa (Alliance,secretmedspa.com,,,,unreachable,,,,
Colorado Weight Loss Clinic,semaglutidecolorado.com,,,yes,no_email,https://semaglutidecolorado.com,medspa,semaglutide,3
Sense Wellness Clinic,senseclinics.com,mysensewellness@gmail.com,mysensewellness@gmail.com,yes,no_peptides,https://senseclinics.com/contact-us,medspa,,0
Seymour Weight &amp; Wellness Medical Practice,seymourweightandwellness.com,,,yes,no_email,https://seymourweightandwellness.com/about,vendor,nad+,1
"SHINE Medical Aesthetics, Alpharetta",shinemedstudios.com,,,yes,no_email,https://shinemedstudios.com,medspa,"semaglutide, tirzepatide",9
"Visions Medical Health Care, Spartanburg",shop.vmhmed.com,,,yes,no_email,https://shop.vmhmed.com,vendor,semaglutide,3
"Signature Skin Care, Edmond",signatureskincare.com,ginaressler@yahoo.com,ginaressler@yahoo.com,yes,already known,https://signatureskincare.com,medspa,"semaglutide, tirzepatide, nad+",4
Sinch Weight Loss,sinchweightloss.com,,,,no_email,https://sinchweightloss.com,vendor,,0
PRP RecRidge,sioux-falls.agelesshorizon.com,,,,unreachable,,,,
"SkinFitOKC, Edmond",skinfitokc.com,,,,no_email,,vendor,,0
"Skin Tight MedSpa Newton, Newton",skintightmedicalspa.com,,,,no_email,,vendor,,0
"TRYM platform, Fall River",slimbytrym.com,,,,no_email,,vendor,,0
Slim City Weight Loss LLC,slimcityweightlossllc.com,,,yes,no_email,https://slimcityweightlossllc.com,medspa,semaglutide,4
Slimmetry Medical Center,slimmetrymedical.com,,,,unreachable,,,,
Slim Weight Loss Clinic,slimweightlossclinic.com,,,,no_email,,vendor,,0
SoHo Men&#x27;s Health,sohomenshealth.com,,,yes,no_email,https://sohomenshealth.com,medspa,"nad+, ipamorelin, sermorelin, semaglutide",9
"Sonata Aesthetics, Broomfield",sonataskinandbody.com,,,yes,no_email,https://sonataskinandbody.com,medspa,GLP-1 weight loss peptides,5
"Southern Skin &#038; Electrology, Panama City",southernskinandelectrology.com,anapbm@gmail.com,anapbm@gmail.com,yes,no_peptides,https://southernskinandelectrology.com,medspa,,0
"Southwick Integrative Healing, Taylorsville",southwickintegrativehealing.com,,,yes,no_email,https://southwickintegrativehealing.com,medspa,GLP-1 weight loss peptides,3
"Spa Trouvé, Orem",spatrouve.com,,,yes,no_email,https://spatrouve.com,medspa,nad+,4
"Stryker Optimal Health &#038; Wellness, Spokane",strykerwellness.com,,,yes,no_email,https://strykerwellness.com,medspa,"bpc-157, nad+, ipamorelin, sermorelin, cjc-1295, pt-141",14
"Sundrop Aesthetics, Winter Garden",sundropfl.com,,,yes,no_email,https://sundropfl.com,medspa,"semaglutide, glutathione",3
"The Swan Center for Plastic Surgery, Alpharetta",swancenteratlanta.com,,,yes,no_email,https://swancenteratlanta.com,medspa,semaglutide,3
Synergy Wellness Center,synergywellnesscenter.com,,,yes,no_email,https://synergywellnesscenter.com,medspa,"semaglutide, tirzepatide, nad+",8
"Twin Cities Integrative Medicine, Maple Grove",tcintmed.com,,,,unreachable,,,,
Transformations Center for Weight Loss,tcwlmd.com,tweightlossinfo@gmail.com,tweightlossinfo@gmail.com,yes,already known,https://tcwlmd.com,medspa,"liraglutide, semaglutide, tirzepatide",10
The Danita Clinic,tdcgreenville.com,,,yes,no_email,https://tdcgreenville.com,medspa,,3
"The Beauty &#038; Wellness Center, Texarkana",texasbodysculpting.com,,,,no_email,,vendor,,0
DeluxeBar Medical Aesthetics,thedeluxebar.com,,,,no_email,,vendor,,0
The Drip Lounge,thedriplounge.com,,,yes,no_email,https://thedriplounge.com,medspa,nad+,5
Hormone Upgrade &amp; Wellness Center,thehormoneupgrade.com,,,yes,no_email,https://thehormoneupgrade.com,medspa,"ipamorelin, kpv",8
"Lux Beautique by Lynn &#038; Laine, Bryan",theluxbeautique.com,,,,unreachable,,,,
"The Luxe Medspa, Powder Springs",theluxemedspa.com,,,,unreachable,,,,
LUXMODE MEDSPA,theluxmode.com,,,,no_email,https://theluxmode.com,medspa,,0
"NP2GO, Edmond",thenp2go.com,,,yes,no_email,https://thenp2go.com,medspa,"semaglutide, tirzepatide, nad+",9
The Peptide Nation,thepeptidenation.com,,,,unreachable,,,,
"The Plastics Clinic &#038; Spa, South Jordan",theplasticsclinic.com,,,yes,no_email,https://theplasticsclinic.com,medspa,semaglutide,5
"The Plunge, Deerfield Beach",theplungedeerfield.com,,,,unreachable,,,,
"Push Med, Greenville",thepushmed.com,,,,unreachable,,,,
"Quantum Wellness Center, Orem",thequantumwellnesscenter.com,info@thequantumwellnesscenter.com,info@thequantumwellnesscenter.com,yes,no_peptides,https://thequantumwellnesscenter.com,medspa,,0
"The Rose Clinic, Orem",theroseclinic.com,,,yes,no_email,https://theroseclinic.com,medspa,,1
"The Vitamin Drip Bar, Marysville",thevitamindripbarwa.com,,,,unreachable,,,,
Thrive4Life Charlotte Weight Loss Clinic,thrive4lives.com,,,yes,no_email,https://thrive4lives.com,medspa,semaglutide,2
Titan Medical Center,titanmedicalcenter.com,,,,no_email,,vendor,,0
"Total Rejuvenation Med Spa, Alpharetta",totalrejuvenationmedspa.com,,,yes,no_email,https://totalrejuvenationmedspa.com,medspa,semaglutide,2
"Tribeca Medaesthetics, Miami Beach",tribecamed.com,,,,no_email,https://tribecamed.com,vendor,,0
TrueForm Health and Wellness,trueformhw.com,,,,unreachable,,,,
"TruSolace, Sandy",trusolacehealing.com,,,,no_email,https://trusolacehealing.com,medspa,GLP-1 weight loss peptides,3
"Trust Wellness Center, Newport Beach",trustwellnessoc.com,,,,unreachable,,,,
Peptide TRT Therapy Clinic,tucson.harmonyhgh.com,,,,no_email,https://tucson.harmonyhgh.com,vendor,,0
Tucson Arizona Bioidentical Hormone Replacement Specialists —,tucsonbioidenticaldoctor.com,,,,no_email,https://tucsonbioidenticaldoctor.com,vendor,,0
"Turner Medical Arts, Santa Barbara",turnermedicalarts.com,,,yes,no_email,https://turnermedicalarts.com,medspa,nad+,5
The Wellness Institute,twilajolla.com,,,yes,no_email,https://twilajolla.com,medspa,nad+,5
UAB Weight Loss Medicine,uabmedicine.org,,,yes,no_email,https://uabmedicine.org,medspa,,0
"Ultimate Medical Weight Loss, Orem",ultimatemedicalweightloss.com,,,yes,no_email,https://ultimatemedicalweightloss.com/contact,medspa,"semaglutide, tirzepatide",4
Ultratrim Clinic of NC,ultratrimclinicofnc.com,,,,no_email,https://ultratrimclinicofnc.com,medspa,"semaglutide, tirzepatide",4
"Unique Weight Loss &#038; Family Practice, Cedar Park",uniqueweightlosssolutions.com,,,yes,no_email,https://uniqueweightlosssolutions.com,medspa,"semaglutide, tirzepatide",7
"Uplifting Medi Spa, New Braunfels",upliftingmedispa.com,,,yes,no_email,https://upliftingmedispa.com,medspa,ipamorelin,4
Upscale Med Spa,upscalemedspa.com,,,yes,no_email,https://upscalemedspa.com,medspa,"semaglutide, tirzepatide",7
&quot;Utah Trim &amp; Wellness Clinic&quot;,utahtrimclinic.com,,,,no_email,https://utahtrimclinic.com,medspa,GLP-1 weight loss peptides,2
Valley Wellness &amp; Aesthetics,valleywellnessaesthetics.com,,,yes,no_email,https://valleywellnessaesthetics.com,medspa,"semaglutide, sermorelin, hexarelin",5
"Vessel Longevity &#038; IV Bar, Leander",vesseltx.com,,,,unreachable,,,,
Vibrant Med Spa,vibrantmedspa.com,,,yes,no_email,https://vibrantmedspa.com,medspa,,0
Vita Infusion and Wellness,vitainfusiontn.com,,,yes,no_email,https://vitainfusiontn.com,medspa,"semaglutide, nad+, ipamorelin, semax, kisspeptin, pt-141",17
"Renew Vitality, Boca Raton",vitalityhrt.com,,,,no_email,,vendor,,0
Vitality Weight Management,vitalitywm.com,,,,no_email,https://vitalitywm.com,medspa,"semaglutide, liraglutide, tirzepatide",11
Vital Wellness Frisco,vitalwellnesstexas.com,,,yes,no_email,https://vitalwellnesstexas.com,medspa,"semaglutide, tirzepatide, liraglutide, bpc-157, sermorelin, tesamorelin",23
"Voss Family Clinic, Sugar Land",vossfamilyclinic.com,,,,no_email,,vendor,,0
WaltCare Clinic,waltcareclinic.com,,,,no_email,https://waltcareclinic.com,medspa,,0
"Watts Wellness &#038; Medical Aesthetics, St. George",wattswellness.net,,,,no_email,,vendor,,0
"Western Colorado Weight Care, Grand Junction",wcweightcare.com,,,,unreachable,,,,
"Weight Loss Done Right, LLC",weightloss-doneright.com,,,,no_email,https://weightloss-doneright.com,vendor,,0
"Bloomington Weight Loss, Bloomington",weightlossbloomington.com,,,yes,no_email,https://weightlossbloomington.com,medspa,semaglutide,4
Dr Jon Fisher,weightlossdocs.com,,,yes,no_email,https://weightlossdocs.com,medspa,semaglutide,4
"Weight Loss Now-Conroe, Conroe",weightlossnowusa.com,info@weightlossnowusa.com,info@weightlossnowusa.com,,no_us_signal,https://weightlossnowusa.com,vendor,GLP-1 weight loss peptides,2
My Health &amp; Wellness Longevity Center,wellness.mhw-medicalgroup.com,,,,unreachable,,,,
Westchester Medical Weight Loss Doctor,westchestermedicalweightlossdoctor.com,,,yes,no_email,https://westchestermedicalweightlossdoctor.com,medspa,"semaglutide, tirzepatide, ipamorelin, cjc-1295, aod-9604",10
Palm Beach Wellness Center,westpalmbeachdiet.com,,,yes,no_email,https://westpalmbeachdiet.com,medspa,"semaglutide, tirzepatide",8
"WholeBody Complete Wellness, Spokane",wholebodycompletewellness.com,,,yes,no_email,https://wholebodycompletewellness.com,medspa,,0
Surgical Specialists of Louisiana at WhyWeight,whyweight.com,,,yes,no_email,https://whyweight.com,medspa,,0
"Whittier Medical Weight Control, Whittier",wm-weightcontrol.com,,,yes,no_email,https://wm-weightcontrol.com,medspa,"tirzepatide, bpc-157, tb-500, nad+, ghk-cu, glutathione",11
"Blossom Women&#8217;s Health Center, Alpharetta",womenblossom.com,,,,unreachable,,,,
Worth The Weight Loss,worththeweightloss.com,,,,no_email,https://worththeweightloss.com,medspa,"semaglutide, tirzepatide",10
"Wyndhurst Aesthetics, Lynchburg",wyndhurstaesthetics.com,,,yes,no_email,https://wyndhurstaesthetics.com,medspa,"semaglutide, glutathione",9
"Liebertz Plastic Surgery, Kirkland",yarrowbayplasticsurgery.com,,,yes,no_email,https://yarrowbayplasticsurgery.com,medspa,semaglutide,3
"You Only Younger, Sugar Land",youonlyyounger.com,,,yes,no_email,https://youonlyyounger.com,vendor,,0
"Ageless Solutions, Duluth",youragelesshealth.com,,,yes,no_email,https://youragelesshealth.com,medspa,GLP-1 weight loss peptides,4
"Youthful Infusion Med Spa, Allen",youthfulinfusionmedspa.com,,,yes,no_email,https://youthfulinfusionmedspa.com,medspa,"semaglutide, bpc-157, tb-500, thymosin beta-4, ipamorelin, sermorelin",14
"Youthful Solutions MediSpa and Wellness, Cedar Park",ysmedispa.com,,,yes,no_email,https://ysmedispa.com,medspa,GLP-1 weight loss peptides,3
Yunique Medical,yuniquemedical.com,,,yes,no_email,https://yuniquemedical.com,medspa,"semaglutide, tirzepatide, bpc-157, thymosin alpha-1, ipamorelin, sermorelin",18
