vendor,domain,email,all_emails,us_signal,status,evidence_url,audience,peptides,peptide_hits,offers,source
1st Optimal - Health. Hormones. Weight Loss.,1stoptimal.com,support@1stoptimal.com,support@1stoptimal.com; membersupport@1stoptimal.com; marketing@1stoptimal.com,yes,ok,https://1stoptimal.com/terms-of-service/,telehealth,"semaglutide, tirzepatide, testosterone, estradiol, progesterone, estrogen",6,GLP-1 weight loss; peptide therapy; TRT; hormone therapy; menopause care; NAD+/longevity; men's health,web_search:online hormone replacement therapy women telehealth
Agile Telehealth - Virtual Wellness Programs,agiletelehealth.com,support@agiletelehealth.com,support@agiletelehealth.com; patientsupport@agiletelehealth.com,yes,ok,https://agiletelehealth.com/terms-of-use/,telehealth,"testosterone, enclomiphene, estradiol, progesterone",4,GLP-1 weight loss; TRT; hormone therapy; NAD+/longevity,web_search:best telehealth weight loss and hormone providers (listicle mined)
Online TRT Clinic - Affordable Testosterone Therapy | Alpha MD,alphamd.org,contact@alphamd.net,contact@alphamd.net,yes,ok,https://www.alphamd.net/terms,telehealth,"bpc-157, tb-500, sermorelin, nad+, mots-c, semax, gonadorelin, kpv, testosterone, enclomiphene, hcg, estradiol, progesterone, estrogen",14,GLP-1 weight loss; peptide therapy; TRT; hormone therapy; menopause care; NAD+/longevity; men's health,web_search:best telehealth weight loss and hormone providers (listicle mined)
Online Medical Weight Loss Doctor,bmidoctors.com,info@bmidoctors.com,info@bmidoctors.com; support@bmidoctors.com; media@bmidoctors.com,yes,ok,https://bmidoctors.com/contact-us/,telehealth,"semaglutide, tirzepatide",2,GLP-1 weight loss; hormone therapy,web_search:best telehealth weight loss and hormone providers (listicle mined)
Body Logic MD Bioidentical Hormone Doctors,bodylogicmd.com,supplements@bodylogicmd.com,supplements@bodylogicmd.com,yes,ok,https://www.bodylogicmd.com/shop/contact-us/,telehealth,"semaglutide, testosterone, progesterone, estrogen",4,GLP-1 weight loss; TRT; hormone therapy; menopause care; NAD+/longevity; men's health,web_search:best telehealth weight loss and hormone providers (listicle mined)
BPC-157 — Peptide Therapy Online | Bowery Clinic,boweryclinic.com,members@boweryclinic.com,members@boweryclinic.com,yes,ok,https://boweryclinic.com/bpc-157,telehealth,"bpc-157, ipamorelin, cjc-1295, tesamorelin, ghk-cu, aod-9604, mots-c, selank, semax, kpv",10,peptide therapy; NAD+/longevity,web_search:telehealth BPC-157 prescription
Winona,bywinona.com,hello@bywinona.com,hello@bywinona.com; help@bywinona.com; pr@bywinona.com,yes,ok,https://bywinona.com,telehealth,"semaglutide, tirzepatide, liraglutide, testosterone, estradiol, progesterone, dhea, estrogen",8,GLP-1 weight loss; TRT; hormone therapy; menopause care,jonathan_instagram_list
Online primary care clinic | Circle Medical,circlemedical.com,support@circlemedical.com,support@circlemedical.com; tou@circlemedical.com; compliance@circlemedical.com,yes,ok,https://www.circlemedical.com/legal/terms-of-use,telehealth,"progesterone, estrogen",2,GLP-1 weight loss; hormone therapy; menopause care,web_search:best telehealth weight loss and hormone providers (listicle mined)
"CLYR Health · Weight Loss, Wellness, Sexual Health, and Protocol Rx",clyr.health,contact@clyr.health,contact@clyr.health,yes,ok,https://www.clyr.health/,telehealth,"semaglutide, tirzepatide, sermorelin, nad+, glutathione, pt-141, oxytocin",7,GLP-1 weight loss; peptide therapy; NAD+/longevity,web_search:telehealth weight loss Georgia semaglutide tirzepatide
"Semaglutide Injections in Chicago, IL | Coby Health",cobyhealth.com,hello@cobyhealth.com,hello@cobyhealth.com,yes,ok,https://www.cobyhealth.com/semaglutide/chicago-il,telehealth,"semaglutide, tirzepatide, sermorelin, nad+",4,GLP-1 weight loss; peptide therapy; hormone therapy; NAD+/longevity,web_search:telehealth weight loss Illinois compounded semaglutide online
Curology,curology.com,hello@curology.com,hello@curology.com; support@curology.com; hellosupport@curology.com; press@curology.com,yes,ok,https://curology.com/terms/,telehealth,tirzepatide,1,GLP-1 weight loss; NAD+/longevity,jonathan_instagram_list
Menopause Specialist &amp; Bioidentical HRT | Anat Sapan MD,doctoranat.com,info@doctoranat.com,info@doctoranat.com,yes,ok,https://doctoranat.com/,telehealth,"tirzepatide, testosterone, estradiol, progesterone, dhea, estrogen",6,GLP-1 weight loss; TRT; hormone therapy; menopause care; men's health,web_search:Florida telemedicine hormone replacement therapy men women online
Doctor On Demand,doctorondemand.com,support@doctorondemand.com,support@doctorondemand.com; atsupport@doctorondemand.com; feedback@doctorondemand.com; press@doctorondemand.com,yes,ok,https://doctorondemand.com/,telehealth,semaglutide,1,GLP-1 weight loss,jonathan_instagram_list
"NAD+ Therapy in Orlando, FL — Physician-Directed Telehealth | ElevateMD",elevatemdclinic.com,care@elevatemdclinic.com,care@elevatemdclinic.com,yes,ok,https://elevatemdclinic.com/,telehealth,"sermorelin, nad+, glutathione",3,peptide therapy; hormone therapy; NAD+/longevity,web_search:telehealth longevity clinic peptides NAD+ online (virtualcarefinder listing)
Elite Peptide Protocols - Elite HRT,elitehrt.com,info@elitehrt.com,info@elitehrt.com; michael@elitehrt.com,yes,ok,https://elitehrt.com/pages/contact,telehealth,"bpc-157, ipamorelin, nad+, ghk-cu",4,peptide therapy; hormone therapy; NAD+/longevity,web_search:best telehealth weight loss and hormone providers (listicle mined)
Evolve Telemed,evolvetelemed.com,patient.services@evolvetelemed.com,patient.services@evolvetelemed.com,yes,ok,https://evolvetelemed.com/frequently-asked-questions-faqs/,telehealth,"semaglutide, testosterone, progesterone, estrogen",4,GLP-1 weight loss; peptide therapy; TRT; hormone therapy; menopause care; NAD+/longevity,jonathan_instagram_list
Online Telehealth Platform | Fifty 410,fifty410.com,help@fifty410.com,help@fifty410.com,yes,ok,https://fifty410.com/,telehealth,"semaglutide, tirzepatide, sermorelin, nad+, glutathione",5,GLP-1 weight loss; peptide therapy; hormone therapy; NAD+/longevity,web_search:online weight loss clinic semaglutide $199 month telehealth
Form Health,formhealth.co,info@formhealth.co,info@formhealth.co; support@formhealth.co; help@formhealth.co; billing@formhealth.co,yes,ok,https://www.formhealth.co/legal/terms-of-use,telehealth,"semaglutide, tirzepatide, liraglutide",3,GLP-1 weight loss,jonathan_instagram_list
Fountain TRT,fountain.net,support@fountain.net,support@fountain.net; upport@fountain.net; info@gmail.com,yes,ok,https://fountain.net/terms,telehealth,"testosterone, enclomiphene, progesterone, estrogen",4,TRT; hormone therapy; menopause care; men's health,jonathan_instagram_list
Fountain,fountaintrt.com,support@fountaintrt.com,support@fountaintrt.com,yes,ok,https://fountaintrt.com/,telehealth,testosterone,1,TRT; men's health,web_search:best telehealth weight loss and hormone providers (listicle mined)
Function Health,functionhealth.com,hello@functionhealth.com,hello@functionhealth.com; membership@functionhealth.com; referals@functionhealth.com; referrals@functionhealth.com; billing@functionhealth.com,yes,ok,https://www.functionhealth.com/,telehealth,"testosterone, estradiol, dhea",3,hormone therapy; NAD+/longevity; men's health,jonathan_instagram_list
Generation Next Fertility,generationnextfertility.com,connect@generationnextfertility.com,connect@generationnextfertility.com,yes,ok,https://www.generationnextfertility.com/endometriosisfaq/,telehealth,progesterone,1,hormone therapy,jonathan_instagram_list
Opt Health | Your Health Optimization Partner,getopt.com,info@getopt.com,info@getopt.com; hello@getopt.com,yes,ok,https://getopt.com/privacy-policy,telehealth,"semaglutide, tirzepatide, thymosin alpha-1, sermorelin, ipamorelin, cjc-1295, tesamorelin, nad+, pt-141, ghk-cu, epithalon, 5-amino-1mq, oxytocin, hexarelin, testosterone, enclomiphene, estradiol, dhea, estrogen",19,GLP-1 weight loss; peptide therapy; TRT; hormone therapy; menopause care; NAD+/longevity; men's health,web_search:telehealth longevity clinic peptides NAD+ online (virtualcarefinder listing)
Plume Clinic,getplume.co,partnerships@getplume.co,partnerships@getplume.co; help@getplume.co; members@getplume.co; members@getplume.com,yes,ok,https://getplume.co/contact/,telehealth,"testosterone, progesterone, estrogen",3,TRT; hormone therapy; men's health,jonathan_instagram_list
GobyMeds - Personalized Weight Loss &amp; Wellness,gobymeds.com,customersupport@gobymeds.com,customersupport@gobymeds.com,yes,ok,https://www.gobymeds.com/,telehealth,"semaglutide, tirzepatide, liraglutide, sermorelin, nad+, testosterone",6,GLP-1 weight loss; peptide therapy; TRT; NAD+/longevity,web_search:telehealth weight loss Illinois compounded semaglutide online
Healify Medics: Online GLP-1 Weight Management Prescription,healifymedics.org,contact@healifymedics.org,contact@healifymedics.org; contact@healifymedics.com,yes,ok,https://healifymedics.org/,telehealth,"semaglutide, tirzepatide, liraglutide, enclomiphene",4,GLP-1 weight loss; TRT,web_search:telehealth weight loss South Carolina tirzepatide online
He and She MD: Online Weight Loss and Hormone Care,heandshemd.com,support@heandshemd.com,support@heandshemd.com,yes,ok,https://heandshemd.com/contact-us/,telehealth,"semaglutide, tirzepatide, sermorelin, nad+, glutathione, testosterone, enclomiphene, estradiol, progesterone",9,GLP-1 weight loss; peptide therapy; TRT; hormone therapy; menopause care; NAD+/longevity; men's health,web_search:best telehealth weight loss and hormone providers (listicle mined)
Wisp,hellowisp.com,partnerships@hellowisp.com,partnerships@hellowisp.com; support@hellowisp.com; press@hellowisp.com,yes,ok,https://hellowisp.com/about,telehealth,"semaglutide, nad+, glutathione, pt-141, ghk-cu, progesterone, estrogen",7,GLP-1 weight loss; peptide therapy; hormone therapy; menopause care; NAD+/longevity; men's health,jonathan_instagram_list
Hey Jane,heyjane.co,info@heyjane.co,info@heyjane.co; jane@gmail.com; press@heyjane.co; hiring@heyjane.co; compliance@heyjane.co,yes,ok,https://www.heyjane.com/,telehealth,progesterone,1,hormone therapy,jonathan_instagram_list
Hone Health,honehealth.com,support@honehealth.com,support@honehealth.com; admin@honehealth.com,yes,ok,https://honehealth.com,telehealth,"testosterone, enclomiphene, estrogen",3,TRT; hormone therapy; menopause care; NAD+/longevity,jonathan_instagram_list
Hormone Replacement Therapy – HRT Doctors Group,hrtdoctorsgroup.com,info@hrtdoctorsgroup.com,info@hrtdoctorsgroup.com,yes,ok,https://hrtdoctorsgroup.com/,telehealth,"testosterone, enclomiphene, hcg, estradiol, progesterone, estrogen",6,TRT; hormone therapy; menopause care; men's health,web_search:virtual TRT clinic Texas testosterone telemedicine
GLP-1 Weight Loss Plan Online | Semaglutide &amp; Tirzepatide,independent-wellness.com,info@independent-wellness.com,info@independent-wellness.com,yes,ok,https://independent-wellness.com/,telehealth,"semaglutide, tirzepatide, sermorelin, glutathione",4,GLP-1 weight loss; peptide therapy; NAD+/longevity,web_search:telehealth weight loss Michigan GLP-1 online program
Ivim Health,ivimhealth.com,support@ivimhealth.com,support@ivimhealth.com; media@ivimhealth.com,yes,ok,https://www.ivimhealth.com/privacy-policy/,telehealth,"semaglutide, tirzepatide, liraglutide, sermorelin, nad+, pt-141, testosterone, progesterone, dhea, estrogen",10,GLP-1 weight loss; peptide therapy; hormone therapy; menopause care; NAD+/longevity,jonathan_instagram_list
"Sermorelin Prescription Online: Cost, Safety &amp; Legal Options",ivyrx.com,info@ivyrx.com,info@ivyrx.com; hello@ivyrx.com; support@ivyrx.com,yes,ok,https://www.ivyrx.com/terms-of-service,telehealth,"semaglutide, tirzepatide, liraglutide, bpc-157, sermorelin, ipamorelin, tesamorelin, nad+, glutathione, ghk-cu, kpv, testosterone",12,GLP-1 weight loss; peptide therapy; hormone therapy; NAD+/longevity; men's health,web_search:telehealth sermorelin prescription online
HerMD,joiandblokes.com,info@joiandblokes.com,info@joiandblokes.com,yes,ok,https://joiandblokes.com/,telehealth,"semaglutide, tirzepatide, liraglutide, sermorelin, nad+, glutathione, ghk-cu, oxytocin, testosterone, enclomiphene, progesterone, estrogen",12,GLP-1 weight loss; peptide therapy; TRT; hormone therapy; menopause care; NAD+/longevity; men's health,jonathan_instagram_list
Amble Health,joinamble.com,hello@joinamble.com,hello@joinamble.com,yes,ok,https://joinamble.com,telehealth,"semaglutide, tirzepatide, sermorelin, tesamorelin, nad+, glutathione",6,GLP-1 weight loss; peptide therapy; NAD+/longevity,jonathan_instagram_list
Home - Big Easy Weight Loss,joinbigeasy.com,krewe@joinbigeasy.com,krewe@joinbigeasy.com,yes,ok,https://joinbigeasy.com/,telehealth,"semaglutide, tirzepatide, sermorelin, nad+",4,GLP-1 weight loss; peptide therapy; hormone therapy; NAD+/longevity,web_search:telehealth semaglutide tirzepatide sermorelin clinic all 50 states
Home - Sprout Health,joinsprouthealth.com,help@joinsprouthealth.com,help@joinsprouthealth.com,yes,ok,https://joinsprouthealth.com/,telehealth,"semaglutide, tirzepatide, nad+",3,GLP-1 weight loss; NAD+/longevity,web_search:best telehealth weight loss and hormone providers (listicle mined)
Kindbody,kindbody.com,daniela.jovanovic@kindbody.com,daniela.jovanovic@kindbody.com; navigator@kindbody.com; press@kindbody.com,yes,ok,https://kindbody.com/,telehealth,estradiol,1,hormone therapy; menopause care; men's health,jonathan_instagram_list
Medical Weight Loss &amp; GLP-1 Programs | LA Health Solutions,lahealthsolutions.com,info@lahealthsolutions.com,info@lahealthsolutions.com,yes,ok,https://lahealthsolutions.com/medical-weight-loss-glp1/,telehealth,"semaglutide, tirzepatide",2,GLP-1 weight loss,web_search:telehealth weight loss Louisiana GLP-1 online
LetsGetChecked,letsgetchecked.com,support@letsgetchecked.com,support@letsgetchecked.com; affiliates@letsgetchecked.com; insidesales@letsgetchecked.com; pharmacist@letsgetchecked.com; arbitrationoptout@letsgetchecked.com; press@letsgetchecked.com; dpo@letsgetchecked.com,yes,ok,https://www.letsgetchecked.com/privacy-policy/,telehealth,"testosterone, estradiol, progesterone, estrogen",4,TRT; hormone therapy; men's health,jonathan_instagram_list
Peptide Therapy | Regenerative &amp; Anti-Aging Peptides,livbetter.us,info@livbetter.us,info@livbetter.us,yes,ok,https://livbetter.us/peptide-therapy-telemedicine/,telehealth,"semaglutide, tirzepatide, retatrutide, bpc-157, tb-500, sermorelin, ipamorelin, cjc-1295, tesamorelin, nad+, glutathione, pt-141, ghk-cu, aod-9604, mots-c, selank, dsip, testosterone, progesterone, estrogen",20,GLP-1 weight loss; peptide therapy; TRT; hormone therapy; menopause care; NAD+/longevity; men's health,web_search:anti-aging telemedicine clinic online prescriptions peptides hormones
LouisianaDoc - Louisiana's Premier Telehealth Platform | Discreet Online Healthcare,louisianadoc.com,partners@louisianadoc.com,partners@louisianadoc.com; business@louisianadoc.com; support@louisianadoc.com,yes,ok,https://www.louisianadoc.com/terms,telehealth,"semaglutide, tirzepatide, bpc-157, tb-500, nad+, testosterone, progesterone, dhea, estrogen",9,GLP-1 weight loss; peptide therapy; TRT; hormone therapy; menopause care; NAD+/longevity; men's health,web_search:telehealth weight loss Louisiana GLP-1 online
Low T Center,lowtcenter.com,crystal.nowell@lowtcenter.com,crystal.nowell@lowtcenter.com,yes,ok,https://lowtcenter.com/privacy/,telehealth,"sermorelin, nad+, testosterone",3,GLP-1 weight loss; peptide therapy; TRT; hormone therapy; menopause care; NAD+/longevity; men's health,jonathan_instagram_list
Personalized Wellness Programs &amp; Online Care | Luvo Health,luvohealth.com,support@luvohealth.com,support@luvohealth.com; eland@luvohealth.com,yes,ok,https://www.luvohealth.com/,telehealth,"semaglutide, tirzepatide, bpc-157, sermorelin, nad+, gonadorelin, testosterone, enclomiphene, estradiol",9,GLP-1 weight loss; peptide therapy; TRT; hormone therapy; menopause care; NAD+/longevity,web_search:best telehealth weight loss and hormone providers (listicle mined)
Mademed.com,mademed.com,support@mademed.com,support@mademed.com,yes,ok,https://mademed.com/contact,telehealth,"semaglutide, tirzepatide, sermorelin, nad+",4,GLP-1 weight loss; peptide therapy; NAD+/longevity,web_search:best telehealth weight loss and hormone providers (listicle mined)
Marek Health,marekhealth.com,info@marekhealth.com,info@marekhealth.com; trackingmailbox@marekhealth.com; coaching@marekhealth.com; careers@marekhealth.com,yes,ok,https://marekhealth.com,telehealth,"testosterone, estrogen",2,TRT; hormone therapy; NAD+/longevity,jonathan_instagram_list
Maximus,maximustribe.com,hello@maximustribe.com,hello@maximustribe.com; support@maximustribe.com,yes,ok,https://www.maximustribe.com/contact,telehealth,"semaglutide, tirzepatide, sermorelin, oxytocin, testosterone, enclomiphene, estrogen",7,GLP-1 weight loss; peptide therapy; TRT; hormone therapy; NAD+/longevity; men's health,jonathan_instagram_list
MDLIVE (Evernorth),mdlive.com,engage@mdlive.com,engage@mdlive.com; prodsupport@mdlive.com,yes,ok,https://www.mdlive.com/contact-us,telehealth,"semaglutide, tirzepatide, liraglutide",3,GLP-1 weight loss; men's health,jonathan_instagram_list
PT-141 - Medispress,medispress.com,info@medispress.com,info@medispress.com,yes,ok,https://medispress.com/medication/pt-141/,telehealth,pt-141,1,GLP-1 weight loss; peptide therapy; NAD+/longevity; men's health,web_search:PT-141 prescription online telehealth
MetroMed Health | Hormone Specialists TRT BHRT Peptides Weight Loss Memphis,metromedhealth.com,customer@metromedhealth.com,customer@metromedhealth.com; gbird@metromedhealth.com,yes,ok,https://www.metromedhealth.com/,telehealth,"semaglutide, tirzepatide, bpc-157, tb-500, ipamorelin, tesamorelin, nad+, pt-141, ghk-cu, aod-9604, mots-c, selank, semax, dsip, kpv, testosterone",16,GLP-1 weight loss; peptide therapy; TRT; hormone therapy; menopause care; NAD+/longevity; men's health,web_search:online peptide clinic BPC-157 sermorelin NAD+ telemedicine
MinuteMD,minutemd.com,care@minutemd.com,care@minutemd.com,yes,ok,https://minutemd.com/contact/,telehealth,"semaglutide, sermorelin, testosterone, estrogen",4,GLP-1 weight loss; peptide therapy; TRT; hormone therapy; menopause care; men's health,jonathan_instagram_list
Your All-In-One Solution For Longevity Medicine | Lifeforce,mylifeforce.com,hello@mylifeforce.com,hello@mylifeforce.com; support@mylifeforce.com,yes,ok,https://www.mylifeforce.com/terms-and-conditions,telehealth,"semaglutide, tirzepatide, testosterone, estradiol, progesterone, dhea, estrogen",7,GLP-1 weight loss; peptide therapy; TRT; hormone therapy; menopause care; NAD+/longevity; men's health,web_search:telehealth longevity clinic peptides NAD+ online (virtualcarefinder listing)
"New Jersey Trim Clinic | Weight Loss, Wellness &amp; Longevity",newjerseytrimclinic.com,info@newjerseytrimclinic.com,info@newjerseytrimclinic.com,yes,ok,https://www.newjerseytrimclinic.com/,telehealth,"semaglutide, tirzepatide, nad+",3,GLP-1 weight loss; peptide therapy; NAD+/longevity,web_search:telehealth weight loss New Jersey semaglutide virtual
GLP-1 Weight Loss Colorado | Northern Colorado Medical,northerncoloradomedical.com,info@northerncoloradomedical.com,info@northerncoloradomedical.com,yes,ok,https://www.northerncoloradomedical.com/,telehealth,"semaglutide, tirzepatide",2,GLP-1 weight loss,web_search:telehealth weight loss Colorado semaglutide online provider
Medical Weight Loss in Florida: Online Semaglutide &amp; Tirzepa,nusbaummedicalcenters.com,info@nusbaummedicalcenters.com,info@nusbaummedicalcenters.com,yes,ok,https://nusbaummedicalcenters.com/terms-and-conditions,telehealth,"semaglutide, tirzepatide, hcg",3,GLP-1 weight loss; hormone therapy; menopause care; NAD+/longevity,web_search:telehealth weight loss Florida
"Oak Longevity | Weight loss, men&#x27;s health and longevity care",oaklovesyou.com,hello@oaklovesyou.com,hello@oaklovesyou.com; care@oaklovesyou.com,yes,ok,https://www.oaklovesyou.com/privacy-policy,telehealth,"semaglutide, tirzepatide, sermorelin, tesamorelin, nad+",5,GLP-1 weight loss; peptide therapy; hormone therapy; NAD+/longevity,web_search:telehealth longevity clinic peptides NAD+ online (virtualcarefinder listing)
Ognomy Sleep,ognomy.com,support@ognomy.com,support@ognomy.com; sheepa@ognomy.com,yes,ok,https://www.ognomy.com,telehealth,tirzepatide,1,GLP-1 weight loss,jonathan_instagram_list
Omada Health,omadahealth.com,support@omadahealth.com,support@omadahealth.com,yes,ok,https://www.omadahealth.com,telehealth,"semaglutide, tirzepatide, liraglutide",3,GLP-1 weight loss,jonathan_instagram_list
OpenLoop,openloophealth.com,sales@openloophealth.com,sales@openloophealth.com; patientsupport@openloophealth.com; compliance@openloophealth.com,yes,ok,https://openloophealth.com/contact,telehealth,"sermorelin, nad+, glutathione",3,GLP-1 weight loss; peptide therapy; hormone therapy; NAD+/longevity,jonathan_instagram_list
Online TRT Clinic | Telehealth TRT | Optimize 360,optimize360now.com,contactus@optimize360now.com,contactus@optimize360now.com,yes,ok,https://www.optimize360now.com/services/online-trt/,telehealth,"semaglutide, tirzepatide, oxytocin, testosterone, enclomiphene, hcg, estradiol, progesterone, dhea, estrogen",10,GLP-1 weight loss; peptide therapy; TRT; hormone therapy; menopause care; men's health,web_search:online TRT clinic telehealth testosterone
Online Compounded GLP-1 Medications by OrderlyMeds,orderlymeds.com,support@orderlymeds.com,support@orderlymeds.com; consent@orderlymeds.com; minorinformation@orderlymeds.com; requesttoknow@orderlymeds.com; correctordelete@orderlymeds.com; donotsellorshare@orderlymeds.com; ccpa@orderlymeds.com; hie@orderlymeds.com,yes,ok,https://orderlymeds.com/,telehealth,"semaglutide, tirzepatide, sermorelin, nad+",4,GLP-1 weight loss; peptide therapy; NAD+/longevity; men's health,web_search:best telehealth weight loss and hormone providers (listicle mined)
Pandia Health,pandiahealth.com,info@pandiahealth.com,info@pandiahealth.com; support@pandiahealth.com,yes,ok,https://www.pandiahealth.com/faq/,telehealth,"testosterone, estradiol, progesterone, estrogen",4,hormone therapy; menopause care; men's health,jonathan_instagram_list
Personalabs,personalabs.com,info@personalabs.com,info@personalabs.com,yes,ok,https://www.personalabs.com/,telehealth,"semaglutide, tirzepatide, testosterone, estradiol, progesterone, estrogen",6,GLP-1 weight loss; TRT; hormone therapy; menopause care; men's health,jonathan_instagram_list
Online Weight Loss Treatment and GLP-1 Prescriptions | Practical Telehealth,practicaltelehealth.org,practicaltelehealth@gmail.com,practicaltelehealth@gmail.com,yes,ok,https://www.practicaltelehealth.org/virtual-weight-loss,telehealth,"semaglutide, testosterone",2,GLP-1 weight loss; men's health,web_search:online GLP-1 weight loss program telehealth
Telehealth Longevity &amp; Performance Optimization | ProlongMD,prolongmd.com,support@prolongmd.com,support@prolongmd.com,yes,ok,https://prolongmd.com/pages/privacy-policy,telehealth,"semaglutide, tirzepatide, bpc-157, tb-500, sermorelin, nad+, glutathione, ghk-cu, kpv, testosterone, enclomiphene, estradiol, progesterone, estrogen",14,GLP-1 weight loss; peptide therapy; TRT; hormone therapy; menopause care; NAD+/longevity,web_search:telehealth longevity clinic peptides NAD+ online
Proov,proovtest.com,info@proovtest.com,info@proovtest.com,yes,ok,https://proovtest.com,telehealth,"hcg, progesterone, estrogen",3,hormone therapy; menopause care,jonathan_instagram_list
Q Care Plus,qcareplus.com,hello@qcareplus.com,hello@qcareplus.com,yes,ok,https://qcareplus.com/,telehealth,"estradiol, estrogen",2,hormone therapy; men's health,jonathan_instagram_list
QueerDoc,queerdoc.com,info@queerdoc.com,info@queerdoc.com,yes,ok,https://queerdoc.com/,telehealth,"testosterone, estradiol, progesterone, estrogen",4,hormone therapy; menopause care,jonathan_instagram_list
Tirzepatide Online Without Insurance: From $219.99 a Month,recoverydelivered.com,info@recoverydelivered.com,info@recoverydelivered.com; admissions@recoverydelivered.com,yes,ok,https://www.recoverydelivered.com/contacts/,telehealth,"semaglutide, tirzepatide, liraglutide, testosterone",4,GLP-1 weight loss; peptide therapy; TRT; hormone therapy; menopause care,web_search:compounded tirzepatide online
"Recovery Project | Medical Wellness, Peptides &amp; Recovery | Magnolia, TX",recoveryproject.us,info@recoveryproject.us,info@recoveryproject.us,yes,ok,https://recoveryproject.us/,telehealth,"semaglutide, tirzepatide, bpc-157, tb-500, sermorelin, ipamorelin, cjc-1295, tesamorelin, nad+, ghk-cu, aod-9604, mots-c, selank, semax, kpv",15,GLP-1 weight loss; peptide therapy; TRT; hormone therapy; NAD+/longevity,web_search:telehealth BPC-157 prescription
Online Medical Weight Loss in Arizona | Regal Weight Loss,regalweightloss.com,marissa@regalweightloss.com,marissa@regalweightloss.com,yes,ok,https://regalweightloss.com/medical-weight-loss-arizona/,telehealth,"semaglutide, tirzepatide, aod-9604",3,GLP-1 weight loss,web_search:telehealth weight loss Arizona GLP-1 online
REGENX Health | Advanced TRT Online,regenxhealth.com,support@regenxhealth.com,support@regenxhealth.com,yes,ok,https://www.regenxhealth.com/terms-conditions,telehealth,"semaglutide, tirzepatide, sermorelin, ipamorelin, cjc-1295, tesamorelin, nad+, pt-141, gonadorelin, hexarelin, testosterone, enclomiphene, hcg, estradiol, estrogen",15,GLP-1 weight loss; peptide therapy; TRT; hormone therapy; NAD+/longevity; men's health,web_search:online men's health clinic testosterone enclomiphene telehealth
GLP-1 Weight Loss Online in English & Spanish | REMEVi,remevihealth.com,care@remevihealth.com,care@remevihealth.com,yes,ok,https://remevihealth.com/,telehealth,"semaglutide, tirzepatide, sermorelin, nad+, glutathione",5,GLP-1 weight loss; peptide therapy; NAD+/longevity,web_search:telehealth longevity clinic peptides NAD+ online (virtualcarefinder listing)
"Semaglutide in North Carolina — $249/28 Days, No Insurance",renewmd.clinic,support@renewmd.clinic,support@renewmd.clinic,yes,ok,https://renewmd.clinic/contact,telehealth,"semaglutide, tirzepatide",2,GLP-1 weight loss,web_search:telehealth weight loss North Carolina semaglutide online clinic
Semaglutide Weight Loss Oklahoma City | Restored Wellness,restoredwellnessclinic.com,info@restoredwellnessclinic.com,info@restoredwellnessclinic.com; admin@restoredwellnessclinic.com,yes,ok,https://restoredwellnessclinic.com/oklahoma-city/,telehealth,"semaglutide, tirzepatide",2,GLP-1 weight loss; NAD+/longevity,web_search:telehealth weight loss Oklahoma semaglutide online clinic
Telemedicine for Men | REX MD,rexmd.com,support@rexmd.com,support@rexmd.com; press@rexmd.com; compliance@rexmd.com,yes,ok,https://rexmd.com/,telehealth,"semaglutide, tirzepatide, liraglutide, sermorelin, testosterone, estrogen",6,GLP-1 weight loss; peptide therapy; TRT; hormone therapy; men's health,web_search:best telehealth weight loss and hormone providers (listicle mined)
"Telehealth Weight Loss | GLP-1 Online | MD, VA &amp; FL | Rivas Medical",rivasweightloss.com,glenburnie@rivasweightloss.com,glenburnie@rivasweightloss.com,yes,ok,https://www.rivasweightloss.com/hipaa-notice-of-privacy-practices/,telehealth,"semaglutide, tirzepatide",2,GLP-1 weight loss,web_search:telehealth weight loss Virginia semaglutide online
Medical Weight Loss Telehealth | Rixa Health | GLP-1 Weight Loss Programs | Semaglutide &amp; Tirzepatide | Personalized,rixahealth.com,support@rixahealth.com,support@rixahealth.com; contactus@rixahealth.com,yes,ok,https://rixahealth.com/glp1-for-teens/,telehealth,"semaglutide, tirzepatide, liraglutide, testosterone, enclomiphene, estrogen",6,GLP-1 weight loss; peptide therapy; TRT; hormone therapy; NAD+/longevity; men's health,web_search:telehealth weight loss Ohio GLP-1 virtual clinic
Rugiet,rugiet.com,info@rugiet.com,info@rugiet.com; support@rugiet.com; customercare@rugiet.com; stacking-discount-control-v0@rugiet.com; stacking-discount-variant-v1@rugiet.com; +ready-90dpricingv1-variant@rugiet.com; +ready-90dpricingv1-control@rugiet.com; +ready-4month-v1@rugiet.com,yes,ok,https://www.rugiet.com/terms-conditions,telehealth,"sermorelin, nad+, glutathione, testosterone, enclomiphene",5,GLP-1 weight loss; peptide therapy; TRT; hormone therapy; NAD+/longevity; men's health,jonathan_instagram_list
Tirzepatide Weight Loss Program Florida,sdkare.com,contact.support@sdkare.com,contact.support@sdkare.com,yes,ok,https://sdkare.com/florida/weight-loss-programs/tirzepatide,telehealth,"semaglutide, tirzepatide, testosterone",3,GLP-1 weight loss; TRT; hormone therapy; men's health,web_search:telehealth weight loss Florida
Spring Fertility,springfertility.com,hello@springfertility.com,hello@springfertility.com; leigh@springfertility.com; nest@springfertility.com; donors@springfertility.com,yes,ok,https://springfertility.com/contact-form/,telehealth,"estradiol, progesterone, dhea, estrogen",4,hormone therapy; menopause care,jonathan_instagram_list
Willow,startwillow.com,hello@startwillow.com,hello@startwillow.com; support@startwillow.com; help@startwillow.com; gray@startwillow.com; patient-services@startwillow.com; press@startwillow.com,yes,ok,https://www.startwillow.com/contact-us,telehealth,"semaglutide, tirzepatide, nad+",3,GLP-1 weight loss; menopause care; NAD+/longevity,jonathan_instagram_list
"Semaglutide for Chesterfield , MO | STL Medical Weight Loss | Medical Weight Loss &amp; (Telehealth Visits Only)",stlmedweightloss.com,laura@stlmedweightloss.com,laura@stlmedweightloss.com,yes,ok,https://www.stlmedweightloss.com/privacy-policy,telehealth,"semaglutide, tirzepatide",2,GLP-1 weight loss,web_search:telehealth weight loss Missouri Kansas semaglutide online
Strut Health,struthealth.com,care@struthealth.com,care@struthealth.com,yes,ok,https://www.struthealth.com/,telehealth,"semaglutide, tirzepatide, sermorelin, nad+, oxytocin, testosterone, enclomiphene, estradiol, progesterone, estrogen",10,GLP-1 weight loss; peptide therapy; TRT; hormone therapy; menopause care; NAD+/longevity,jonathan_instagram_list
Telemedicine Testosterone Replacement Therapy,tctmed.com,info@tctmed.com,info@tctmed.com,yes,ok,https://tctmed.com/contact-and-low-t-clinic-dfw-locations/,telehealth,"testosterone, hcg, estradiol, progesterone, dhea, estrogen",6,peptide therapy; TRT; hormone therapy; menopause care; men's health,web_search:virtual TRT clinic Texas testosterone telemedicine
Home - Telehealth Weight Loss Evans GA,telehealthmed.com,support@telehealthmed.com,support@telehealthmed.com,yes,ok,https://www.telehealthmed.com/,telehealth,"semaglutide, tirzepatide",2,GLP-1 weight loss,web_search:telehealth weight loss Georgia semaglutide tirzepatide
Top Nutrition Coaching,topnutritioncoaching.com,support@topnutritioncoaching.com,support@topnutritioncoaching.com,yes,ok,https://www.topnutritioncoaching.com/privacy-policy,telehealth,"semaglutide, tirzepatide, liraglutide",3,GLP-1 weight loss; menopause care; NAD+/longevity,jonathan_instagram_list
Prescription Weight Loss &amp; GLP-1 Telehealth,trymeasured.com,careteam@trymeasured.com,careteam@trymeasured.com,yes,ok,https://trymeasured.com/,telehealth,"semaglutide, tirzepatide, sermorelin, nad+, glutathione, oxytocin",6,GLP-1 weight loss; peptide therapy; NAD+/longevity,web_search:best telehealth weight loss and hormone providers (listicle mined)
Shed,tryshed.com,support@tryshed.com,support@tryshed.com,yes,ok,https://www.tryshed.com/,telehealth,"semaglutide, tirzepatide, sermorelin, nad+, glutathione, pt-141, ghk-cu, oxytocin",8,GLP-1 weight loss; peptide therapy; hormone therapy; NAD+/longevity,jonathan_instagram_list
Compounded Semaglutide &amp; Tirzepatide Online | Trimi,trytrimi.com,care@trytrimi.com,care@trytrimi.com,yes,ok,https://trytrimi.com/,telehealth,"semaglutide, tirzepatide",2,GLP-1 weight loss; NAD+/longevity,web_search:telehealth weight loss Tennessee tirzepatide online
Telehealth | Virtual Weight Loss Consultations,ultrafastweightlossmd.com,info@ultrafastweightlossmd.com,info@ultrafastweightlossmd.com,yes,ok,https://www.ultrafastweightlossmd.com/telehealth,telehealth,"semaglutide, tirzepatide, hcg",3,GLP-1 weight loss; hormone therapy; NAD+/longevity,web_search:telehealth weight loss Alabama semaglutide virtual clinic
In-Network Menopause Care | Stella,us.onstella.com,hello@onstella.com,hello@onstella.com; support@onstella.com,yes,ok,https://us.onstella.com/,telehealth,"testosterone, progesterone, estrogen",3,TRT; hormone therapy; menopause care,web_search:online perimenopause clinic estradiol progesterone prescription
GLP-1 Weight Loss in California | Temi,usetemi.com,support@usetemi.com,support@usetemi.com,yes,ok,https://usetemi.com/states/california,telehealth,"semaglutide, tirzepatide",2,GLP-1 weight loss,web_search:telehealth weight loss California compounded semaglutide
Valhalla Vitality,valhallavitality.com,medical.intake@valhallavitality.com,medical.intake@valhallavitality.com,yes,ok,https://valhallavitality.com/privacy-policy,telehealth,"sermorelin, nad+, pt-141, ghk-cu, gonadorelin, testosterone, enclomiphene",7,GLP-1 weight loss; peptide therapy; TRT; hormone therapy; NAD+/longevity,jonathan_instagram_list
Virta Health,virtahealth.com,partner@virtahealth.com,partner@virtahealth.com; support@virtahealth.com; research@virtahealth.com; press@virtahealth.com; security@virtahealth.com,yes,ok,https://www.virtahealth.com:443/contact,telehealth,semaglutide,1,GLP-1 weight loss,jonathan_instagram_list
VirtualCare2go | Home,virtualcare2go.com,info@virtualcare2go.com,info@virtualcare2go.com,yes,ok,https://virtualcare2go.com/,telehealth,"semaglutide, tirzepatide, liraglutide",3,GLP-1 weight loss,web_search:telehealth weight loss Georgia semaglutide tirzepatide
Alabama Medical Weight Loss Telehealth | Online Semaglutide Alabama,wellnessoneonta.com,info@wellnessoneonta.com,info@wellnessoneonta.com,yes,ok,https://www.wellnessoneonta.com/how-it-works/,telehealth,"semaglutide, sermorelin, tesamorelin, nad+",4,GLP-1 weight loss; peptide therapy; hormone therapy; NAD+/longevity,web_search:telehealth weight loss Alabama semaglutide virtual clinic
"Compounded PT-141 Online, ED Treatment | WeTotalCare",wetotalcare.com,support@wetotalcare.com,support@wetotalcare.com,yes,ok,https://wetotalcare.com/product/pt-141,telehealth,"semaglutide, tirzepatide, bpc-157, nad+, pt-141, ghk-cu",6,GLP-1 weight loss; peptide therapy; TRT; hormone therapy; NAD+/longevity; men's health,web_search:PT-141 prescription online telehealth
Wild Health | Premium,wildhealth.com,support@wildhealth.com,support@wildhealth.com; premium@wildhealth.com; suport@wildhealth.com,yes,ok,https://www.wildhealth.com/,telehealth,testosterone,1,peptide therapy; NAD+/longevity,web_search:telehealth longevity clinic peptides NAD+ online (virtualcarefinder listing)
GLP-1 Weight Loss Programs In Washington State | WISH,wishcares.org,contact@wishcares.org,contact@wishcares.org; weightmanagement@wishcares.org,yes,ok,https://wishcares.org/weight-management/weight-loss-washington/,telehealth,"semaglutide, tirzepatide",2,GLP-1 weight loss,web_search:telehealth weight loss Washington state GLP-1 online clinic
Home - Accelerate Wellness,acceleratemywellness.com,info@acceleratemywellness.com,info@acceleratemywellness.com,yes,ok,https://acceleratemywellness.com/,telehealth,"testosterone, progesterone, estrogen",3,GLP-1 weight loss; peptide therapy; TRT; hormone therapy; menopause care; NAD+/longevity,web_search:telehealth longevity clinic peptides NAD+ online (virtualcarefinder listing) (already queued)
"Alabama Medical Weight Loss & Wellness | Enterprise, Alabama",alabamamedicalweightlossclinic.com,info@alabamamedicalweightlossclinic.com,info@alabamamedicalweightlossclinic.com,yes,ok,https://alabamamedicalweightlossclinic.com/,telehealth,"semaglutide, tirzepatide, nad+",3,GLP-1 weight loss; peptide therapy; NAD+/longevity,web_search:telehealth weight loss Alabama semaglutide virtual clinic (already queued)
GLP-1 Agonist Weight Loss Injections in Washington State | Allure Medical,alluremedical.com,info@alluremedical.com,info@alluremedical.com,yes,ok,https://alluremedical.com/contact-us/,telehealth,"semaglutide, tirzepatide",2,GLP-1 weight loss; hormone therapy; NAD+/longevity,web_search:telehealth weight loss Washington state GLP-1 online clinic (already queued)
Telemedicine,broadwayclinic.com,bortega@broadwayclinic.com,bortega@broadwayclinic.com; johern@broadwayclinic.com,yes,ok,https://www.broadwayclinic.com/contact-us,telehealth,"semaglutide, tirzepatide, testosterone, progesterone, dhea, estrogen",6,GLP-1 weight loss; peptide therapy; TRT; hormone therapy; menopause care; NAD+/longevity; men's health,web_search:telehealth weight loss Oklahoma semaglutide online clinic (already queued)
California Trim Clinic | Peptide Therapy &amp; Medical Weight Loss,californiatrimclinic.com,hello@californiatrimclinic.com,hello@californiatrimclinic.com,yes,ok,https://www.californiatrimclinic.com/,telehealth,"semaglutide, tirzepatide, retatrutide, bpc-157, tb-500, thymosin alpha-1, sermorelin, ipamorelin, cjc-1295, tesamorelin, nad+, ghk-cu, mots-c, selank, semax",15,GLP-1 weight loss; peptide therapy; hormone therapy; menopause care; NAD+/longevity,web_search:telehealth longevity clinic peptides NAD+ online (virtualcarefinder listing) (already queued)
Texas Telehealth GLP-1 Weight Loss | Physician-Led | Chronos,chronosbhw.com,info@chronosbhw.com,info@chronosbhw.com,yes,ok,https://www.chronosbhw.com/wellness/weight-loss/texas-telehealth,telehealth,"semaglutide, tirzepatide, nad+, testosterone",4,GLP-1 weight loss; peptide therapy; TRT; hormone therapy; NAD+/longevity; men's health,web_search:telehealth weight loss Texas (already queued)
Memphis Weight Loss Clinic | Cordova Weight Loss,cordovaweightloss.com,cordovaweightloss@gmail.com,cordovaweightloss@gmail.com; johnbillsmd@aol.com,yes,ok,https://cordovaweightloss.com/,telehealth,"semaglutide, tirzepatide, nad+, glutathione",4,GLP-1 weight loss; NAD+/longevity,web_search:telehealth weight loss Tennessee tirzepatide online (already queued)
Weight Loss | Cru Clinic | Medical Weight Management &amp; Telehealth,cruclinic.com,info@cruclinic.com,info@cruclinic.com,yes,ok,https://www.cruclinic.com/glp1,telehealth,"semaglutide, tirzepatide",2,GLP-1 weight loss; hormone therapy,web_search:telehealth weight loss Ohio GLP-1 virtual clinic (already queued)
Defy Medical,defymedical.com,care@defymedical.com,care@defymedical.com; fullscriptinvite@defymedical.com,yes,ok,https://www.defymedical.com/about-us/,telehealth,"semaglutide, tirzepatide, liraglutide, glutathione, pt-141, oxytocin, testosterone, hcg, estradiol, progesterone, dhea, estrogen",12,GLP-1 weight loss; peptide therapy; TRT; hormone therapy; menopause care; NAD+/longevity; men's health,jonathan_instagram_list (already queued)
DiRx Health,dirxhealth.com,care@dirxhealth.com,care@dirxhealth.com,yes,ok,https://www.dirxhealth.com/homepage,telehealth,testosterone,1,TRT; hormone therapy; menopause care; men's health,jonathan_instagram_list (already queued)
"GLP-1 Treatments, Semaglutide Medical Weight Loss in Denver, CO | Regenerative Medicine",drericaoberg.com,manager@drericaoberg.com,manager@drericaoberg.com,yes,ok,https://www.drericaoberg.com/semaglutide-medical-weight-loss/denver/,telehealth,"semaglutide, nad+, testosterone",3,GLP-1 weight loss; peptide therapy; TRT; hormone therapy; menopause care; NAD+/longevity,web_search:telehealth weight loss Colorado semaglutide online provider (already queued)
Online Hormone Therapy &amp; Weight Loss Clinic | Dynamis Online,dynamisonline.com,help@dynamisonline.com,help@dynamisonline.com,yes,ok,https://dynamisonline.com/contact-us/,telehealth,"semaglutide, tirzepatide, bpc-157, sermorelin, ipamorelin, cjc-1295, tesamorelin, nad+, pt-141, 5-amino-1mq, oxytocin, testosterone, hcg, estrogen",14,GLP-1 weight loss; peptide therapy; TRT; hormone therapy; menopause care; NAD+/longevity; men's health,web_search:telemedicine hormone optimization clinic men women online peptides (already queued)
Metabolic Research Center,emetabolic.com,support@emetabolic.com,support@emetabolic.com,yes,ok,https://www.emetabolic.com,telehealth,"semaglutide, tirzepatide, testosterone, estradiol, progesterone, estrogen",6,GLP-1 weight loss; peptide therapy; hormone therapy; menopause care,jonathan_instagram_list (already queued)
Empower Sleep,empowersleep.com,care@empowersleep.com,care@empowersleep.com; support@empowersleep.com; savit@empowersleep.com,yes,ok,https://www.empowersleep.com,telehealth,"sermorelin, tesamorelin, selank, oxytocin",4,GLP-1 weight loss; peptide therapy; menopause care; NAD+/longevity; men's health,jonathan_instagram_list (already queued)
Evernow,evernow.com,support@evernow.com,support@evernow.com,yes,ok,https://www.evernow.com/contact,telehealth,"semaglutide, tirzepatide, estradiol, progesterone, estrogen",5,GLP-1 weight loss; hormone therapy; menopause care; NAD+/longevity,jonathan_instagram_list (already queued)
"Contact EvoHealth | Overland Park, KS | 913 404 2193",evohealthkansas.com,info@evohealthkansas.com,info@evohealthkansas.com,yes,ok,https://www.evohealthkansas.com/contact-us,telehealth,"testosterone, progesterone, estrogen",3,GLP-1 weight loss; hormone therapy; menopause care; NAD+/longevity,web_search:telehealth longevity clinic peptides NAD+ online (virtualcarefinder listing) (already queued)
Extend Medical | Precision and Longevity Medicine Doctor,extendmedical.com,hello@extendmedical.com,hello@extendmedical.com; gal@extendmedical.com,yes,ok,https://www.extendmedical.com/,telehealth,"testosterone, estradiol, progesterone",3,GLP-1 weight loss; peptide therapy; hormone therapy; menopause care; NAD+/longevity,web_search:telehealth longevity clinic peptides NAD+ online (virtualcarefinder listing) (already queued)
Fidelity Medical Clinic ®| Modern Primary Care &amp; Medical Weight Loss,fidelitymedicalclinic.com,fmc@fidelitymedicalclinic.com,fmc@fidelitymedicalclinic.com; fidelitymedicalclinic@gmail.com,yes,ok,https://www.fidelitymedicalclinic.com/,telehealth,"semaglutide, tirzepatide, sermorelin, testosterone",4,GLP-1 weight loss; peptide therapy; TRT,web_search:telehealth weight loss Florida (already queued)
Online support - Telemedicine - Florida Men’s Health Center,floridamenshealth.com,ecohen@floridamenshealth.com,ecohen@floridamenshealth.com,yes,ok,https://www.floridamenshealth.com/mens-health-online-support/,telehealth,"semaglutide, tirzepatide, nad+, testosterone, hcg",5,GLP-1 weight loss; peptide therapy; TRT; hormone therapy; NAD+/longevity; men's health,web_search:Florida telemedicine hormone replacement therapy men women online (already queued)
GameDay Men's Health,gamedaymenshealth.com,support@gamedaymenshealth.com,support@gamedaymenshealth.com,yes,ok,https://gamedaymenshealth.com/terms-of-service,telehealth,"semaglutide, tirzepatide, sermorelin, nad+, glutathione, pt-141, testosterone, enclomiphene, hcg, estrogen",10,GLP-1 weight loss; peptide therapy; TRT; hormone therapy; NAD+/longevity; men's health,jonathan_instagram_list (already queued)
PeterMD,getpetermd.com,support@getpetermd.com,support@getpetermd.com,yes,ok,https://getpetermd.com/contact-us/,telehealth,"tirzepatide, sermorelin, nad+, testosterone, enclomiphene, hcg, estrogen",7,GLP-1 weight loss; peptide therapy; TRT; hormone therapy; NAD+/longevity; men's health,jonathan_instagram_list (already queued)
"Online Telehealth for Weight Loss, ED, Hair Loss | Zealthy",getzealthy.com,support@getzealthy.com,support@getzealthy.com,yes,ok,https://getzealthy.com/,telehealth,"semaglutide, tirzepatide, testosterone, enclomiphene",4,GLP-1 weight loss; TRT; men's health,web_search:best telehealth weight loss and hormone providers (listicle mined) (already queued)
"Medical Weight Loss in Columbus, OH · GLP-1 Clinic · Glow Medical Group",glowmedicalgroup.com,sarah@glowmedicalgroup.com,sarah@glowmedicalgroup.com,yes,ok,https://www.glowmedicalgroup.com/weight-loss/columbus/,telehealth,"semaglutide, tirzepatide, liraglutide, sermorelin, ipamorelin, nad+, testosterone, progesterone, estrogen",9,GLP-1 weight loss; peptide therapy; TRT; hormone therapy; menopause care; NAD+/longevity,web_search:telehealth weight loss Ohio GLP-1 virtual clinic (already queued)
"Henry | Personalized Weight Loss, Hormone &amp; Sexual Health Care",henrymeds.com,ask@henrymeds.com,ask@henrymeds.com; accessibility@henrymeds.com,yes,ok,https://henrymeds.com/,telehealth,"semaglutide, tirzepatide, liraglutide, testosterone, estradiol, progesterone",6,GLP-1 weight loss; TRT; hormone therapy; menopause care; men's health,web_search:best telehealth weight loss and hormone providers (listicle mined) (already queued)
Orlando&#039;s Hormone Replacement Therapy Experts | Florida Center for Hormones &amp; Wellness,hormonesandwellness.com,info@hormonesandwellness.com,info@hormonesandwellness.com,yes,ok,https://hormonesandwellness.com/,telehealth,testosterone,1,GLP-1 weight loss; TRT; hormone therapy; menopause care; NAD+/longevity; men's health,web_search:Florida telemedicine hormone replacement therapy men women online (already queued)
The #1 Premier Medical Aesthetic Clinic in Texas | Injectco,injectco.com,hello@injectco.com,hello@injectco.com; support@injectco.com,yes,ok,https://injectco.com/,telehealth,"semaglutide, tirzepatide, sermorelin, nad+, glutathione, ghk-cu",6,GLP-1 weight loss; peptide therapy; hormone therapy; NAD+/longevity; men's health,web_search:telehealth weight loss Louisiana GLP-1 online (already queued)
Calibrate,joincalibrate.com,hello@joincalibrate.com,hello@joincalibrate.com; employerbenefits@joincalibrate.com; membership@joincalibrate.com; security@joincalibrate.com,yes,ok,https://www.joincalibrate.com/faqs/contact-us,telehealth,"semaglutide, tirzepatide",2,GLP-1 weight loss,jonathan_instagram_list (already queued)
Found,joinfound.com,support@joinfound.com,support@joinfound.com; business@joinfound.com; press@joinfound.com; recruiting@joinfound.com; compliance@joinfound.com,yes,ok,https://joinfound.com,telehealth,"semaglutide, tirzepatide, liraglutide",3,GLP-1 weight loss,jonathan_instagram_list (already queued)
Fridays Health,joinfridays.com,hello@joinfridays.com,hello@joinfridays.com; support@joinfridays.com; ayuda@joinfridays.com,yes,ok,scraper/instagram/telehealth_instagram_top_2026-09-22.md (row 34),telehealth,"semaglutide, tirzepatide, sermorelin, nad+, testosterone, enclomiphene, estradiol, estrogen",8,GLP-1 weight loss; peptide therapy; TRT; hormone therapy; NAD+/longevity,jonathan_instagram_list (already queued)
Midi Health,joinmidi.com,support@joinmidi.com,support@joinmidi.com; care@joinmidi.com; operations@joinmidi.com; store@joinmidi.com; media@joinmidi.com,yes,ok,https://www.joinmidi.com,telehealth,"semaglutide, tirzepatide, sermorelin, testosterone, estradiol, progesterone, estrogen",7,GLP-1 weight loss; peptide therapy; hormone therapy; menopause care; NAD+/longevity,jonathan_instagram_list (already queued)
Mochi Health,joinmochi.com,info@joinmochi.com,info@joinmochi.com; hello@joinmochi.com; pharmacy@joinmochi.com; press@joinmochi.com; hr@joinmochi.com; optout@joinmochi.com; medicalrecords@joinmochi.com; social@joinmochi.com,yes,ok,https://joinmochi.com/contact-us,telehealth,"semaglutide, tirzepatide, liraglutide, nad+",4,GLP-1 weight loss; menopause care; NAD+/longevity; men's health,jonathan_instagram_list (already queued)
"Kingsberg Medical: Human Growth Hormone (HGH), Testosterone Therapies",kingsbergmedical.com,info@kingsbergmedical.com,info@kingsbergmedical.com,yes,ok,https://www.kingsbergmedical.com/,telehealth,"semaglutide, sermorelin, ipamorelin, testosterone, hcg, estradiol, progesterone, dhea",8,GLP-1 weight loss; peptide therapy; TRT; hormone therapy; NAD+/longevity; men's health,web_search:best telehealth weight loss and hormone providers (listicle mined) (already queued)
Knownwell,knownwell.co,info@knownwell.health,info@knownwell.health,yes,ok,https://www.knownwell.co/faqs,telehealth,"semaglutide, tirzepatide, liraglutide",3,GLP-1 weight loss,jonathan_instagram_list (already queued)
Lavender Sky Health,lavenderskyhealth.com,info@lavenderskyhealth.com,info@lavenderskyhealth.com; support@lavenderskyhealth.com; orders@lavenderskyhealth.com; admin@lavenderskyhealth.com,yes,ok,https://lavenderskyhealth.com/contact/,telehealth,"semaglutide, tirzepatide, liraglutide, sermorelin, nad+, glutathione, ghk-cu",7,GLP-1 weight loss; peptide therapy; NAD+/longevity,jonathan_instagram_list (already queued)
LifeMD,lifemd.com,info@lifemd.com,info@lifemd.com; partnerships@lifemd.com; patientcare@lifemd.com; weightloss@lifemd.com; press@lifemd.com; compliance@lifemd.com,yes,ok,https://www.lifemd.com,telehealth,"semaglutide, tirzepatide, liraglutide, testosterone, estradiol, progesterone",6,GLP-1 weight loss; TRT; hormone therapy; menopause care; NAD+/longevity; men's health,jonathan_instagram_list (already queued)
"Longevity Medicine &amp; Sports Therapy | Chandler, AZ",longevitymedaz.com,info@longevitymedaz.com,info@longevitymedaz.com,yes,ok,https://longevitymedaz.com/,telehealth,"semaglutide, testosterone",2,GLP-1 weight loss; peptide therapy; hormone therapy; NAD+/longevity,web_search:telehealth longevity clinic peptides NAD+ online (virtualcarefinder listing) (already queued)
Functional Medicine Las Vegas | Long Life Med,longlifemed.com,hello@longlifemed.com,hello@longlifemed.com; david@longlifemed.com; kezia@longlifemed.com,yes,ok,https://longlifemed.com/,telehealth,"semaglutide, tirzepatide, bpc-157, tb-500, sermorelin, nad+, pt-141, ghk-cu, kpv, testosterone, estrogen",11,GLP-1 weight loss; peptide therapy; TRT; hormone therapy; menopause care; NAD+/longevity; men's health,web_search:telehealth longevity clinic peptides NAD+ online (virtualcarefinder listing) (already queued)
Online TRT Clinic - Telemedicine TRT for Men | Madison Health NY,madisonhealthny.com,info@madisonhealthny.com,info@madisonhealthny.com,yes,ok,https://madisonhealthny.com/telemed/online-trt-clinic/,telehealth,testosterone,1,GLP-1 weight loss; TRT; men's health,web_search:online TRT clinic telehealth testosterone (already queued)
Male Excel,maleexcel.com,support@maleexcel.com,support@maleexcel.com; hrt@maleexcel.com; hr@maleexcel.com,yes,ok,https://maleexcel.com/contact/,telehealth,"semaglutide, tirzepatide, nad+, testosterone, enclomiphene, estradiol, dhea, estrogen",8,GLP-1 weight loss; peptide therapy; TRT; hormone therapy; NAD+/longevity; men's health,jonathan_instagram_list (already queued)
Musely,musely.com,katy@musely.com,katy@musely.com,yes,ok,scraper/instagram/telehealth_instagram_top_2026-09-22.md (row 6),telehealth,"progesterone, estrogen",2,peptide therapy; hormone therapy; menopause care; NAD+/longevity,jonathan_instagram_list (already queued)
Alloy Health,myalloy.com,support@myalloy.com,support@myalloy.com; randi@myalloy.com,yes,ok,https://www.myalloy.com/,telehealth,"semaglutide, tirzepatide, liraglutide, estradiol, progesterone, estrogen",6,GLP-1 weight loss; peptide therapy; hormone therapy; menopause care; NAD+/longevity; men's health,jonathan_instagram_list (already queued)
Insurance Covered Menopause Treatment,mymenopauserx.com,hello@mymenopauserx.com,hello@mymenopauserx.com,yes,ok,https://mymenopauserx.com/,telehealth,"semaglutide, tirzepatide, liraglutide, testosterone, estradiol, progesterone, dhea, estrogen",8,GLP-1 weight loss; TRT; hormone therapy; menopause care; men's health,web_search:online perimenopause clinic estradiol progesterone prescription (already queued)
MyStart Weight Loss Program,mystarthealth.com,support@mystarthealth.com,support@mystarthealth.com,yes,ok,https://www.mystarthealth.com/,telehealth,"semaglutide, tirzepatide",2,GLP-1 weight loss,web_search:best telehealth weight loss and hormone providers (listicle mined) (already queued)
Medical Weight Loss Arizona | GLP-1 Clinic | NuGen,nugenmedicine.com,admissions@nugenmedicine.com,admissions@nugenmedicine.com,yes,ok,https://www.nugenmedicine.com/medical-weight-loss-arizona,telehealth,"semaglutide, tirzepatide",2,GLP-1 weight loss; hormone therapy; menopause care,web_search:telehealth weight loss Arizona GLP-1 online (already queued)
"Online Weight Loss, Hormone &amp; ED Telehealth | Nu Image Medical",nuimagemedical.com,support@nuimagemedical.com,support@nuimagemedical.com,yes,ok,https://nuimagemedical.com/,telehealth,"semaglutide, tirzepatide, bpc-157, tb-500, sermorelin, nad+, glutathione, pt-141, mots-c, semax, dsip, kpv, testosterone, enclomiphene, estradiol",15,GLP-1 weight loss; peptide therapy; TRT; hormone therapy; NAD+/longevity,web_search:best telehealth weight loss and hormone providers (listicle mined) (already queued)
Pinnacle Fertility,pinnaclefertility.com,communications@pinnaclefertility.com,communications@pinnaclefertility.com; marketing@pinnaclefertility.com; recruiting@pinnaclefertility.com,yes,ok,https://www.pinnaclefertility.com/about/news-press/,telehealth,estrogen,1,menopause care,jonathan_instagram_list (already queued)
PlushCare,plushcare.com,info@plushcare.com,info@plushcare.com; partnerships@plushcare.com; myguide@plushcare.com; press@plushcare.com,yes,ok,https://plushcare.com/contact,telehealth,"semaglutide, tirzepatide, liraglutide",3,GLP-1 weight loss; menopause care; men's health,jonathan_instagram_list (already queued)
Perimenopause Treatment Online | Hormone Therapy for Symptoms | Push Health,pushhealth.com,help@pushhealth.com,help@pushhealth.com,yes,ok,https://www.pushhealth.com/services/perimenopause-treatment,telehealth,"semaglutide, tirzepatide, liraglutide, testosterone, estradiol, progesterone, estrogen",7,GLP-1 weight loss; hormone therapy; menopause care; men's health,web_search:online perimenopause clinic estradiol progesterone prescription (already queued)
Weight Loss Clinic Kansas City | Recovery Hydration Therapy,recoveryhydrationtherapy.com,info@recoveryhydrationtherapy.com,info@recoveryhydrationtherapy.com,yes,ok,https://recoveryhydrationtherapy.com/weight-loss/,telehealth,"semaglutide, tirzepatide, glutathione",3,GLP-1 weight loss; peptide therapy; NAD+/longevity,web_search:telehealth weight loss Missouri Kansas semaglutide online (already queued)
Affordable Semaglutide Medical Weight Loss | Telehealth for Las Vegas,reigningwellness.net,reigningwellnessllc@gmail.com,reigningwellnessllc@gmail.com,yes,ok,https://www.reigningwellness.net/medical-weight-loss/semaglutide-las-vegas/,telehealth,"semaglutide, tirzepatide, bpc-157, sermorelin, ipamorelin, tesamorelin, nad+, ghk-cu, aod-9604, testosterone, progesterone, estrogen",12,GLP-1 weight loss; peptide therapy; TRT; hormone therapy; menopause care; NAD+/longevity; men's health,web_search:telehealth weight loss Nevada Las Vegas semaglutide online (already queued)
Renew Youth - Andropause Treatment &amp; Menopause Treatment,renewyouth.com,info@renewyouth.com,info@renewyouth.com,yes,ok,https://www.renewyouth.com/,telehealth,"semaglutide, tirzepatide, nad+, glutathione, testosterone, progesterone, dhea, estrogen",8,GLP-1 weight loss; TRT; hormone therapy; menopause care; NAD+/longevity,web_search:best telehealth weight loss and hormone providers (listicle mined) (already queued)
Ro,ro.co,care@ropharmacy.com,care@ropharmacy.com; care@ro.co; designatedagent@ro.co; consumer-privacy@ro.co; nevada-privacy@ro.co,yes,ok,scraper/instagram/telehealth_instagram_top_2026-09-22.md (row 19),telehealth,"semaglutide, tirzepatide, liraglutide, testosterone, estradiol, estrogen",6,GLP-1 weight loss; hormone therapy; men's health,jonathan_instagram_list (already queued)
Peptide Therapy Online | Peptide Treatment Education & Telehealth Consultations,sanctuarywellnessinstitute.com,info@sanctuarywellnessinstitute.com,info@sanctuarywellnessinstitute.com,yes,ok,https://sanctuarywellnessinstitute.com/about.php,telehealth,"semaglutide, tirzepatide, bpc-157, tb-500, sermorelin, ipamorelin, cjc-1295, nad+, ghk-cu, aod-9604, mots-c, semax",12,GLP-1 weight loss; peptide therapy; TRT; hormone therapy; menopause care; NAD+/longevity; men's health,web_search:telehealth peptide therapy online (already queued)
Sher Fertility Solutions,sherfertilitysolutions.com,sirmnypatientservices@sherinstitute.com,sirmnypatientservices@sherinstitute.com,yes,ok,scraper/instagram/telehealth_instagram_top_2026-09-22.md (row 382),telehealth,"hcg, estradiol",2,hormone therapy,jonathan_instagram_list (already queued)
Mira Fertility,shop.miracare.com,support@miracare.com,support@miracare.com; affiliate@miracare.com; partnership@miracare.com; press@miracare.com,yes,ok,https://shop.miracare.com/pages/contact,telehealth,"tirzepatide, testosterone, estradiol, progesterone, dhea, estrogen",6,GLP-1 weight loss; hormone therapy; menopause care; men's health,jonathan_instagram_list (already queued)
SoFlo Weight Loss | All Online Medical Weight Loss,sofloweightloss.com,staff@sofloweightloss.com,staff@sofloweightloss.com,yes,ok,https://sofloweightloss.com/,telehealth,"semaglutide, tirzepatide, liraglutide",3,GLP-1 weight loss,web_search:telehealth weight loss Florida (already queued)
"Weight Loss &amp; Urgent Care Clinic: Semaglutide: Telehealth Visits: TX, NY, AZ, NM, FL, NV &amp; KS | The Virtual NP |",thevirtual-np.com,info.thevirtualnp@gmail.com,info.thevirtualnp@gmail.com,yes,ok,https://www.thevirtual-np.com/contact,telehealth,"semaglutide, tirzepatide, liraglutide",3,GLP-1 weight loss; menopause care,web_search:telehealth weight loss Texas (already queued)
Telehealth Weight Loss Illinois | ThinFastMD,thinfastmd.com,info@thinfastmd.com,info@thinfastmd.com,yes,ok,https://thinfastmd.com/telehealth-weight-loss/,telehealth,"semaglutide, tirzepatide",2,GLP-1 weight loss; menopause care,web_search:telehealth weight loss Illinois compounded semaglutide online (already queued)
Semaglutide / Tirzepatide in NYC | Weight Loss Program,trifectamedspanyc.com,dt@trifectamedspanyc.com,dt@trifectamedspanyc.com,yes,ok,https://trifectamedspanyc.com/contact-us,telehealth,"semaglutide, tirzepatide",2,GLP-1 weight loss; peptide therapy; NAD+/longevity,web_search:virtual weight loss clinic New York semaglutide telemedicine (already queued)
Semaglutide Weight Loss Texas | Wegovy® Online,trinitymedtx.com,trinityfmfw@trinitymedtx.com,trinityfmfw@trinitymedtx.com,yes,ok,https://trinitymedtx.com/semaglutide,telehealth,"semaglutide, tirzepatide, testosterone",3,GLP-1 weight loss; peptide therapy; TRT; hormone therapy; men's health,web_search:telehealth weight loss Texas (already queued)
Online Weight Loss Clinic for Washington | Van Family Medical,vanfamilymedical.com,customerservice@vanfamilymedical.com,customerservice@vanfamilymedical.com,yes,ok,https://vanfamilymedical.com/weight-loss-injections-washington/,telehealth,"semaglutide, tirzepatide, testosterone, estrogen",4,GLP-1 weight loss; peptide therapy; TRT; hormone therapy; menopause care,web_search:telehealth weight loss Washington state GLP-1 online clinic (already queued)
Semaglutide Weight Loss in New York &amp; NYC | Online GLP-1 Treatment - GoalBMI Wellness,wellness.goalbmi.com,wellness@goalbmi.com,wellness@goalbmi.com,yes,ok,https://wellness.goalbmi.com/semaglutide/new-york/,telehealth,"semaglutide, tirzepatide, retatrutide, bpc-157, tb-500, sermorelin, ipamorelin, cjc-1295, tesamorelin, ghk-cu, mots-c",11,GLP-1 weight loss; peptide therapy; hormone therapy; NAD+/longevity,web_search:virtual weight loss clinic New York semaglutide telemedicine (already queued)
Telehealth for Semaglutide and Tirzepatide Serving All Over Ohio,wellnesscentercleveland.com,wellnesscentercleveland@gmail.com,wellnesscentercleveland@gmail.com,yes,ok,https://wellnesscentercleveland.com/contact/,telehealth,"semaglutide, tirzepatide",2,GLP-1 weight loss; peptide therapy; hormone therapy; menopause care,web_search:telehealth semaglutide tirzepatide sermorelin clinic all 50 states (already queued)
