order,planned_send_date,name_in_email,email
1,2026-09-25,Xpeps,jonpinhorn.typedesign@gmail.com
2,2026-09-25,revolutionhealth.org,supplements@revolutionhealth.org
3,2026-09-25,vantyxresearch.com,support@vantyxresearch.com
4,2026-09-25,My Pure Peptide,support@mypurepeptide.com
5,2026-09-25,Vitrex Bio,support@vitrex.bio
6,2026-09-25,Zenith Bioscience,support@zenithbioscience.com
7,2026-09-25,Vanta Peptides,support@vantapeptides.com
8,2026-09-25,premierlinepeptide.com,sales@premierlinepeptide.com
9,2026-09-25,biopepstore.com,biopepcs@protonmail.com
10,2026-09-25,Flourish Global Peptide,flourishglobalpeptide@gmail.com
11,2026-09-25,Phantom Peptides,thephantompeptides@gmail.com
12,2026-09-25,Alpha-Gen,alphagenanalytics@gmail.com
13,2026-09-25,BeiBangAn,beibanganpep@gmail.com
14,2026-09-25,curo.you,support@curo.you
15,2026-09-25,rpeptide.com,sales@rpeptide.com
16,2026-09-25,ezPeps,support@ezpeps.com
17,2026-09-25,helixpep.com,support@helixpep.com
18,2026-09-25,biolongevitysupplements.com,support@biolongevitysupplements.com
19,2026-09-25,jonezielabs.com,customerservice@jonezielabs.com
20,2026-09-25,Phoreus Biotech,support@phoreusbiotech.com
21,2026-09-25,peptimed.com,support@peptimed.com
22,2026-09-25,rrpeptides.shop,support@rrpeptides.shop
23,2026-09-25,wholisticresearch.com,support@wholisticresearch.com
24,2026-09-25,unyxpeptides.com,support@unyxpeptides.com
25,2026-09-25,vitalcoreresearch.com,support@vitalcoreresearch.com
26,2026-09-25,SoCo Peptides,support@socopeptides.com
27,2026-09-25,novalifepeptides.com,support@novalifepeptides.com
28,2026-09-25,peptixalabs.com,support@peptixalabs.com
29,2026-09-25,Golden Age Peptide,goldenagebiotechnology@gmail.com
30,2026-09-25,Charleston Peptide Supply,charlestonpeptidesupply@gmail.com
31,2026-09-25,MT Meipept,24.stampshop@gmail.com
32,2026-09-25,peptideprestig.net,customercare@peptideprestig.net
33,2026-09-25,nuviapeptides.com,support@nuviapeptides.com
34,2026-09-25,optimalbiolabs.com,support@optimalbiolabs.com
35,2026-09-25,alterascience.com,help@alterascience.com
36,2026-09-25,gridlinepeptides.com,customersupport@gridlinepeptides.com
37,2026-09-25,Utah Biolabs,research@utahbiolabs.com
38,2026-09-25,elixirlabsco.com,support@elixirlabsco.com
39,2026-09-25,c2peptides.com,2peptides@gmail.com
40,2026-09-25,happypeps.co,happypepsinfo@gmail.com
41,2026-09-25,your business,truesourcepeptides@gmail.com
42,2026-09-25,Stacked Peptide,fhraskin@gmail.com
43,2026-09-25,WVPeptide,wvpeptidesllc@gmail.com
44,2026-09-25,Bonded Aminos,admin@bondedd.com
45,2026-09-25,Divine Bougie,support@divinebougie.com
46,2026-09-25,FedPeps,support@fedpeps.com
47,2026-09-25,Janzo Labs,orders@janzolabs.com
48,2026-09-25,Luvia Rx,support@luviarx.com
49,2026-09-25,Middle Man Peptides,support@middlemanpeptides.com
50,2026-09-25,integrativepeptides.com,cs@integrativepeptides.com
51,2026-09-26,Paradox Peptide,support@paradoxpeptide.com
52,2026-09-26,Peptalyon,support@peptalyonco.com
53,2026-09-26,ppd25.com,admin@ppd25.com
54,2026-09-26,PureRx Peptides,support@purerxpeptides.com
55,2026-09-26,pxpeptides.com,support@pxpeptides.com
56,2026-09-26,novuresearch.com,novuresearch@gmail.com
57,2026-09-26,PepClub USA,clintmallon@gmail.com
58,2026-09-26,BOC Peptide,61502702.xt@gmail.com
59,2026-09-26,Healthy Morph,healthymorphllc@gmail.com
60,2026-09-26,Ptidebio,yuny79338@gmail.com
61,2026-09-26,Alora Labs,nick@aloralab.shop
62,2026-09-26,dgpeptides.com,inside@dgpeptides.com
63,2026-09-26,Ktech Peptide,max@ktechpeptide.com
64,2026-09-26,lab-peptides.com,alice@lab-peptides.com
65,2026-09-26,LuvionBio,compliance@luvionbio.com
66,2026-09-26,Sin City Science,custhelp@sincityscience.com
67,2026-09-26,Lotus Bio,websalesonly@aol.com
68,2026-09-26,Optimized Labs,lionmodeon@gmail.com
69,2026-09-26,evolvedpeptides.com,evolvedpeptides@gmail.com
70,2026-09-26,Flycn Peptide,coco19992307@gmail.com
71,2026-09-26,PrimeRx,fei90757@gmail.com
72,2026-09-26,Zhiyuan Peptides,yumingy594@gmail.com
73,2026-09-26,Aspire Peptides,support@aspirepeptides.com
74,2026-09-26,prismlabs.store,support@prismlabs.store
75,2026-09-26,infusionpeptides.com,support@infusionpeptides.com
76,2026-09-26,wasatchcompounds.com,support@wasatchcompounds.com
77,2026-09-26,genesispeptides.com,support@genesispeptides.com
78,2026-09-26,avarapep.com,support@avarapep.com
79,2026-09-26,Stoneheart Peptides,stoneheart.group.llc@gmail.com
80,2026-09-26,Veloryn BioLabs,veloryn.biolabs@outlook.com
81,2026-09-26,rcpeptides.com,support@rcpeptides.com
82,2026-09-26,DH Peps,dhpeps@gmail.com
83,2026-09-26,airepeptides.com,customercare@airepeptides.com
84,2026-09-26,finestpeptides.com,help@finestpeptides.com
85,2026-09-26,Flawless Compounds,flawless@flawlesscompounds.com
86,2026-09-26,antietpeptide.com,service@antietpeptide.com
87,2026-09-26,Azteca Gold Labs,aztecagoldlab@protonmail.com
88,2026-09-26,UGlowPep,uglowpeps@gmail.com
89,2026-09-26,Good Science Peptides,gspeptides@outlook.com
90,2026-09-26,otterpeptides.com,otterpeptides@protonmail.com
91,2026-09-26,your business,rltwlabsllc@outlook.com
92,2026-09-26,157peptides.com,157peptides@gmail.com
93,2026-09-26,Be You Tiful You,beyoutifulyouinfo1@gmail.com
94,2026-09-26,Peak Physique,peakphysiquevip@gmail.com
95,2026-09-26,Veltrix Peptide,veltrixpeptide@gmail.com
96,2026-09-26,Modern Research Peptides,modernresearchpeptides@gmail.com
97,2026-09-26,Gurnee Peptides,gurneepeptides@gmail.com
98,2026-09-26,Lk Peptide,lkpeptides@gmail.com
99,2026-09-26,NuTides,nutides@yahoo.com
100,2026-09-26,Phit PharmX,jorodriguez03@gmail.com
101,2026-09-27,ProtidexBio,protidexbio@gmail.com
102,2026-09-27,Thryv Research,thryvresearch@gmail.com
103,2026-09-27,Zimbio,zimbiopeps@gmail.com
104,2026-09-27,Amino Club,support@aminoclub.com
105,2026-09-27,Aminologix,support@aminologix.com
106,2026-09-27,Atomik Labs,support@atomiklabz.com
107,2026-09-27,Glow Aminos,support@glowaminos.com
108,2026-09-27,Harbor Labs,support@harborlabsusa.com
109,2026-09-27,Lab Rats,info@labratslabs.com
110,2026-09-27,Oath Research,team@oathresearch.com
111,2026-09-27,Peptidology,hello@peptidology.co
112,2026-09-27,Planet Peptide,hello@planetpeptide.com
113,2026-09-27,The Precision Peptide Company Inc.,support@precisionpeptidecompany.com
114,2026-09-27,your business,support@verifiedpeptides.com
115,2026-09-27,Kimera Chems,help@kimerachems.io
116,2026-09-27,usmaderesearchpeptides.com,usmaderesearch@gmail.com
